:020000040000fa
:020000041fc01b
:040bf000ffffffcf35
:020000040000fa
:020000041fc01b
:040bf400d9fff9ff2d
:020000040000fa
:020000041fc01b
:040bf80059df74ff4e
:020000040000fa
:020000041fc01b
:040bfc00fbffff7f7d
:020000040000fa
:020000041fc01b
:100000000200f00f0000000000601a40c0045a7f98
:100010000500401300000000019d1a3cc0a65a27ad
:10002000080040030000000001a01d3cf8ffbd27b0
:1000300000a01c3cf07f9c27019d083c6ca7082574
:1000400009f8000100000000019d083cbc9c082547
:1000500009f80001000000000000093c000029250b
:1000600010002011000000000100093c00002925bb
:1000700088bf0a3c10204a25000049ad0100093c18
:100080000000292588bf0a3c20204a25000049adf0
:100090000100093c0000292588bf0a3c30204a2580
:1000a000000049ad00488040ffff0a2400588a4004
:1000b0004000083c00600a4025500a0100608a4068
:1000c000049d093c00f02925c0000000017889400a
:1000d0000000093c0100292500000a2444492a7d2a
:1000e00001608a408000093c006889400080084027
:1000f0008005097d404c0900006008405800013c23
:10010000244001012540280100608840c000000013
:10011000019d083c74a7082509f8000100000000b3
:1001200000600840bfff013cffff21342440010173
:1001300000608840000084300000a530019d083c2c
:0c014000d0a0082508000001000000000d
:020000040000fa
:020000041fc01b
:10038000019d1a3cc0a15a2708004003000000004c
:020000040000fa
:020000041d03da
:10f18000019d1a3c6c915a270800400300000000c2
:020000040000fa
:020000041d03da
:08f20000291a400b0000000078
:020000040000fa
:020000041d03da
:08f220009428400b00000000df
:020000040000fa
:020000041d03da
:08f240009428400b00000000bf
:020000040000fa
:020000041d03da
:08f260009428400b000000009f
:020000040000fa
:020000041d03da
:08f280009428400b000000007f
:020000040000fa
:020000041d03da
:08f2a0009428400b000000005f
:020000040000fa
:020000041d03da
:08f2c0009428400b000000003f
:020000040000fa
:020000041d03da
:08f2e0009428400b000000001f
:020000040000fa
:020000041d03da
:08f300009428400b00000000fe
:020000040000fa
:020000041d03da
:08f320009428400b00000000de
:020000040000fa
:020000041d03da
:08f340009428400b00000000be
:020000040000fa
:020000041d03da
:08f360009428400b000000009e
:020000040000fa
:020000041d03da
:08f380009428400b000000007e
:020000040000fa
:020000041d03da
:08f3a0009428400b000000005e
:020000040000fa
:020000041d03da
:08f3c0009428400b000000003e
:020000040000fa
:020000041d03da
:08f3e0009428400b000000001e
:020000040000fa
:020000041d03da
:08f400009428400b00000000fd
:020000040000fa
:020000041d03da
:08f420009428400b00000000dd
:020000040000fa
:020000041d03da
:08f440009428400b00000000bd
:020000040000fa
:020000041d03da
:08f460009428400b000000009d
:020000040000fa
:020000041d03da
:08f480009428400b000000007d
:020000040000fa
:020000041d03da
:08f4a0009428400b000000005d
:020000040000fa
:020000041d03da
:08f4c0009428400b000000003d
:020000040000fa
:020000041d03da
:08f4e0009428400b000000001d
:020000040000fa
:020000041d03da
:08f500009428400b00000000fc
:020000040000fa
:020000041d03da
:08f520009428400b00000000dc
:020000040000fa
:020000041d03da
:08f540009428400b00000000bc
:020000040000fa
:020000041d03da
:08f560009428400b000000009c
:020000040000fa
:020000041d03da
:08f580009428400b000000007c
:020000040000fa
:020000041d03da
:08f5a0009428400b000000005c
:020000040000fa
:020000041d03da
:08f5c0009428400b000000003c
:020000040000fa
:020000041d03da
:08f5e0009428400b000000001c
:020000040000fa
:020000041d03da
:08f600009428400b00000000fb
:020000040000fa
:020000041d03da
:08f620009428400b00000000db
:020000040000fa
:020000041d03da
:08f640009428400b00000000bb
:020000040000fa
:020000041d03da
:08f660009428400b000000009b
:020000040000fa
:020000041d03da
:08f680009428400b000000007b
:020000040000fa
:020000041d03da
:08f6a0003101400b00000000e5
:020000040000fa
:020000041d03da
:08f6c0009428400b000000003b
:020000040000fa
:020000041d03da
:08f6e0009428400b000000001b
:020000040000fa
:020000041d03da
:08f700009428400b00000000fa
:020000040000fa
:020000041d03da
:08f720009428400b00000000da
:020000040000fa
:020000041d03da
:08f740009428400b00000000ba
:020000040000fa
:020000041d03da
:08f760009428400b000000009a
:020000040000fa
:020000041fc01b
:1004800000f89b40c0000000019d1b3c98a27b2708
:10049000020060130000000000c09b4000f81b40f9
:0c04a000c00000001f000042000000002f
:020000040000fa
:020000041d00dd
:10000000e0ffbd271c00bfaf1800beaf25f0a00366
:10001000251080002000c2a32000c293718082a31b
:10002000019d023c248244245811400f000000002e
:10003000019d023c48824624019d023c5482452495
:10004000019d023c608244245811400f00000000d2
:10005000019d023c788244245811400f00000000aa
:10006000020002241000c2af718082931000c58f7d
:100070001400c68f252040006613400f00000000ca
:1000800004004010000000000100022402000010e3
:10009000000000002510000025e8c0031c00bf8ff1
:1000a0001800be8f2000bd270800e00300000000fc
:1000b000e8ffbd271400bfaf1000beaf25f0a003be
:1000c0001800c4af1c00c5af718082931800c58fa3
:1000d0001c00c68f252040006613400f0000000062
:1000e00025e8c0031400bf8f1000be8f1800bd2785
:1000f0000800e00300000000d8ffbd272400bfafc8
:100100002000beaf25f0a0032800c4af2c00c5af6f
:100110003000c6af1400c0af2c00c28f060003240d
:1001200025004310000000000700432c7000601001
:10013000000000000200032406004310000000003d
:1001400003000324110043100000000068000010a9
:10015000000000007180829325284000019d023c30
:100160007c8244245811400f00000000cc00400f56
:1001700000000000019d023cb88244245811400f49
:10018000000000005e000010000000003000c39777
:100190000d0002245900621400000000019d023c81
:1001a000e88244245811400f00000000748080a3ae
:1001b00052000010000000003000c29725184000d7
:1001c0007e00022418006214000000001000c0a786
:1001d00009000010000000001000c39700a0023cbe
:1001e0001c06422421106200000040a01000c297ab
:1001f000010042241000c2a71000c2970d00422c3b
:10020000f5ff40140000000001000224728082a368
:1002100000a0023c1c0642247e0003240c0043a0e4
:100220003300001000000000728082932f00401005
:10023000000000001200c0a7100000100000000025
:100240001200c297010043241200c49700a0023c90
:100250001c0642242110620000004290ff0043303f
:1002600000a0023c1c06422421108200000043a092
:100270001200c297010042241200c2a71200c297c6
:100280000c00422ceeff4014000000003000c2972a
:10029000ff00433000a0023c1c0642240c0043a097
:1002a00000a0023c1c064290ff0043307e00022466
:1002b0000e00621400000000c801400f00000000a2
:1002c0000a0040100000000001000224738082a395
:1002d0002202400f000000001a8082932520400077
:1002e0009502400f00000000728080a30000000013
:1002f00000000000020000100000000000000000ec
:100300002800c28f1400c48f1800c38f000044acb3
:10031000040043ac2800c28f25e8c0032400bf8f2f
:100320002000be8f2800bd270800e0030000000069
:10033000f8ffbd270400bfaf0000beaf25f0a0034b
:1003400080bf033c00626294c47b027c006262a4b2
:1003500080bf023c006240ac80bf033c00626294fc
:10036000c418027c006262a480bf033c00626294f5
:100370004410027c006262a480bf033c006262946d
:100380000400027c006262a480bf023c106240aca8
:1003900080bf033c1062628c010004248452827c82
:1003a000106262ac88bf033c10616294444a027cd4
:1003b000106162a488bf033c306162940100042490
:1003c000444a827c306162a481bf023c0200032463
:1003d00050fb43ac80bf033c1062628c01000424dc
:1003e0000463827c106262ac88bf033c106162943b
:1003f000010004240442827c106162a481bf023c9b
:100400000400032458fa43ac80bf033c1062628ca2
:100410008439027c106262ac88bf033c0010628c9d
:10042000010004240463827c001062ac88bf033c9a
:100430007010628c0100042484b5827c701062ac60
:1004400088bf033c2011628c070004248462827cf4
:10045000201162ac88bf033c2011628c044a027cec
:10046000201162ac88bf033c4010628c84b5027cd2
:10047000401062ac2060624180bf033c1062628c1d
:10048000847b027c106262ac80bf023c810003244a
:10049000406243ac80bf033c0062629401000424cc
:1004a000c47b827c006262a40000000025e8c003d7
:1004b0000400bf8f0000be8f0800bd270800e003c6
:1004c0000000000000e85d4100701a4000601b4021
:1004d00080ffbd277c00bbaf44781b7c001c7b37b2
:1004e00000609b406400bfaf6000beaf5c00b9af6e
:1004f0005800b8af5400afaf5000aeaf4c00adaf36
:100500004800acaf4400abaf4000aaaf3c00a9af7d
:100510003800a8af3400a7af3000a6af2c00a5afbd
:100520002800a4af2400a3af2000a2af1c00a1affd
:10053000121000006c00a2af101800006800a3affa
:1005400025f0a00388bf023c4010428c8005427c0d
:10055000ff00423019004010000000000e000010a3
:100560000000000080bf023c3062428cff0042303d
:10057000758082a3060002241000c2af75808293aa
:10058000ff0042301400c2a71000c48f1400c58fb2
:100590002c00400f0000000080bf023c1062428c23
:1005a0000000427cff004230eeff401400000000db
:1005b00088bf023c4000033c441043ac00000000f4
:1005c00025e8c0036c00a28f130040006800a38fd1
:1005d000110060006400bf8f6000be8f5c00b98fa7
:1005e0005800b88f5400af8f5000ae8f4c00ad8fc5
:1005f0004800ac8f4400ab8f4000aa8f3c00a98f0d
:100600003800a88f3400a78f3000a68f2c00a58f4c
:100610002800a48f2400a38f2000a28f1c00a18f8c
:100620007c00bb8f8000bd2700e8dd4100609b405f
:1006300018000042f0ffbd270c00beaf25f0a0035c
:10064000251080001000c2a30000c0a30100c0a3b9
:100650001000c3930600022403006214000000008f
:10066000010002240100c2a3030002240200c2a769
:100670001a000010000000000100c2930b0040109f
:10068000000000000200c39700a0023c2c06422498
:1006900021106200000043900000c293211062000c
:1006a0000000c2a30a000010000000000200c3976f
:1006b00000a0023c1c06422421106200000042906f
:1006c000ff0043300000c293211062000000c2a36b
:1006d0000200c297010042240200c2a71000c29388
:1006e000020043240200c2972a106200e2ff401079
:1006f000000000000000c293271002000000c2a307
:100700000000c293778082a30000000025e8c003a8
:100710000c00be8f1000bd270800e00300000000a1
:10072000e0ffbd271c00bfaf1800beaf25f0a0033f
:100730001000c0a3090004248d01400f0000000038
:1007400000a0023c1c0642240c004290ff004330f3
:1007500077808293ff0042300400621000000000a6
:100760001000c2934200001000000000019d023cf6
:100770001c8344245811400f000000001100c0a346
:100780000f000010000000001100c39300a0023c05
:100790001c0642242110620000004290ff004230fb
:1007a00025284000019d023c3c8344245811400f01
:1007b000000000001100c293010042241100c2a3f6
:1007c0001100c2930d00422cefff40140000000006
:1007d000019d023c448344245811400f0000000056
:1007e00000a0023c1c064290ff0043307e00022421
:1007f0001e0062140000000000a0023c1c064224ff
:1008000001004290ff004230180040140000000038
:1008100000a0023c1c06422402004290ff0043302c
:1008200009000224110062140000000000a0023c34
:100830001c06422403004290ff0043308100022442
:100840000a0062140000000000a0023c1c064224c2
:1008500004004290ff004330210002240300621490
:1008600000000000010002241000c2a31000c29387
:1008700025e8c0031c00bf8f1800be8f2000bd27d5
:100880000800e00300000000d0ffbd272c00bfaf30
:100890002800beaf25f0a003748082930100423887
:1008a000ff0042301e0040100000000000a0023c8b
:1008b0001c06422408004290ff004330020002243c
:1008c000170062140000000000a0023c1c06422435
:1008d00009004290ff0043302100022410006214fe
:1008e0000000000000a0023c1c0642240a004290c6
:1008f000ff004230768082a301000224748082a32c
:100900007680829325284000019d023c4883442440
:100910005811400f000000004700001000000000c8
:1009200074808293440040100000000000a0023c4c
:100930001c06422404004290ff00433021000224a0
:100940003d0062140000000000a0023c1c0642248e
:1009500005004290ff004330768082933600621497
:1009600000000000a00f05240d0004248b16400f8a
:100970000000000000a0023c1c0642240800429037
:10098000ff004330010002240c006214000000004c
:10099000070002241400c2af75808293ff0042302a
:1009a0001800c2a71400c48f1800c58f2c13400f65
:1009b00000000000200000100000000000a0023c29
:1009c0001c06422408004290ff0042301a004014e6
:1009d0000000000000a0023c1c06422409004290d6
:1009e0001000c2a300a0023c1c0642240a00429050
:1009f0001100c2a31100c2932016027c0012020053
:100a0000201e027c1000c2932016027c251062007a
:100a10002016027c1200c2a7080002241c00c2afec
:100a20001200c2972000c2a71c00c48f2000c58fef
:100a30001503400f000000000000000025e8c0037f
:100a40002c00bf8f2800be8f3000bd270800e003b8
:100a500000000000e0ffbd271c00bfaf1800beafc4
:100a600025f0a003251080002000c2a300a0023cb6
:100a70007e0003242c0643a000a0023c2c06422446
:100a8000010040a000a0023c2c06422406000324e2
:100a9000020043a000a0023c2c06422401000324d3
:100aa000030043a000a0023c2c064224040040a006
:100ab00000a0023c2c06422421000324050043a090
:100ac0007680839300a0023c2c064224060043a0bb
:100ad00000a0023c2c06422401000324070043a08e
:100ae00000a0023c2c0642242000c393080043a02f
:100af000060004248d01400f0000000077808293df
:100b0000ff00433000a0023c2c064224090043a011
:100b10001000c0a31300001000000000000000003f
:100b200080bf023c1062428c4002427cff00423097
:100b3000fbff4014000000001000c39300a0023c23
:100b40002c0642242110620000004290251840002b
:100b500080bf023c206243ac1000c29301004224db
:100b60001000c2a31000c2930a00422cebff4014f5
:100b700000000000000000000000000025e8c003a5
:100b80001c00bf8f1800be8f2000bd270800e003a7
:100b900000000000e0ffbd271c00bfaf1800beaf83
:100ba00025f0a003251080002000c2a32000c293de
:100bb000628082a3019d023cac8744245811400fff
:100bc00000000000019d023cb48744245811400fee
:100bd00000000000019d023cd0874624019d023c9c
:100be000dc874524019d023ce88744245811400fce
:100bf00000000000019d023c008844245811400f71
:100c000000000000020002241000c2af6280829344
:100c10001000c58f1400c68f252040006613400fba
:100c20000000000004004010000000000100022449
:100c300002000010000000002510000025e8c0039d
:100c40001c00bf8f1800be8f2000bd270800e003e6
:100c500000000000e8ffbd271400bfaf1000beafca
:100c600025f0a0031800c4af1c00c5af62808293ba
:100c70001800c58f1c00c68f252040006613400f4a
:100c80000000000025e8c0031400bf8f1000be8fd5
:100c90001800bd270800e00300000000d8ffbd27b2
:100ca0002400bfaf2000beaf25f0a0032800c4afd2
:100cb0002c00c5af3000c6af1400c0af2c00c28fef
:100cc0000800032460004310000000000900432cca
:100cd000c100601000000000070003243d00431025
:100ce000000000000800432cbb0060100000000062
:100cf0000200032406004310000000000300032448
:100d00008100431000000000b3000010000000004c
:100d10006280829325284000019d023c048844247f
:100d20005811400f000000001080829701004224fb
:100d3000c21f02002110620043100200ffff423078
:100d40006c8082a71280829701004224c21f020099
:100d50002110620043100200ffff42306e8082a724
:100d60006c808297648082a76e808297668082a75b
:100d70004b000224688082a74b0002246a8082a76d
:100d80000604400f00000000648082972518400090
:100d90006680829725284000252060003c04400f93
:100da000000000006880829725284000010004248c
:100db0002105400f000000006a808297252840002e
:100dc000020004242105400f0000000086000010ee
:100dd000000000003000c29725284000019d023c21
:100de000388844245811400f000000006c8082971e
:100df000648082a76e808297668082a764808297d3
:100e00002518400066808297252840002520600034
:100e10003c04400f000000006880829725284000b5
:100e2000010004242105400f000000006a80829721
:100e300025284000020004242105400f0000000086
:100e400069000010000000003000c2971000c2a32b
:100e50003000c29702120200ffff42301100c2a30d
:100e60001000c2931100c393253060002528400074
:100e7000019d023c748844245811400f000000007a
:100e80001000c293ffff4230648082a71100c2931a
:100e9000ffff4230668082a7648082972518400059
:100ea0006680829725284000252060003c04400f82
:100eb0000000000068808297251840006a808297b1
:100ec0002530400025286000019d023cc088442454
:100ed0005811400f000000006880829725284000cc
:100ee000010004242105400f000000006a80829761
:100ef00025284000020004242105400f00000000c6
:100f000039000010000000003000c3970f000224d9
:100f100034006214000000007080829307004014c7
:100f2000000000006480829732004224ffff4230bc
:100f3000648082a705000010000000006480829792
:100f4000ceff4224ffff4230648082a764808397f3
:100f5000108082972b104300030040100000000017
:100f600001000224708082a3648082973700422ca3
:100f70000200401000000000708080a3648082970f
:100f800025184000668082972528400025206000b3
:100f90003c04400f00000000688082972528400034
:100fa000010004242105400f000000006a808297a0
:100fb00025284000020004242105400f0000000005
:100fc000f40105240f0004248b16400f00000000dc
:100fd00004000010000000000000000002000010eb
:100fe00000000000000000002800c28f1400c48f21
:100ff0001800c38f000044ac040043ac2800c28f2b
:1010000025e8c0032400bf8f2000be8f2800bd2725
:101010000800e00300000000e8ffbd271400bfaf98
:101020001000beaf25f0a00301000624204e0524c9
:1010300025200000d609400f000000000100042414
:101040008a09400f00000000252800000100042448
:101050003f0a400f00000000020004248a09400fec
:101060000000000025280000020004243f0a400f71
:101070000000000088bf033c006062900400027c16
:10108000006062a088bf033c006062904408027c5c
:10109000006062a088bf033c106062900400027c84
:1010a000106062a088bf033c106062904408027c1c
:1010b000106062a02528000001000424890a400f66
:1010c000000000000100052402000424890a400fea
:1010d000000000000000000025e8c0031400bf8fde
:1010e0001000be8f1800bd270800e00300000000bc
:1010f000c8ffbd273400bfaf3000beaf2c00b0af7b
:1011000025f0a0033800c4af3c00c5af1080829723
:10111000251840003800c28f2b10620003004010d9
:1011200000000000108082973800c2af12808297c2
:10113000251840003c00c28f2b10620003004010b5
:1011400000000000128082973c00c2af019d023c6b
:10115000e888428c1000c2af019d023cec88428cb2
:101160001400c2af3800c48f5e28400f000000009a
:10117000258040006c808297252040005e28400f2b
:10118000000000002528400025200002811c400f9f
:10119000000000001400c58f25204000491f400fab
:1011a00000000000258040006c80829725204000d0
:1011b0005e28400f00000000252840002520000286
:1011c0002d1d400f000000001800c2af3c00c48f6e
:1011d0005e28400f00000000258040006e8082974e
:1011e000252040005e28400f000000002528400018
:1011f00025200002811c400f000000001400c58f54
:1012000025204000491f400f0000000025804000bd
:101210006e808297252040005e28400f000000006d
:1012200025284000252000022d1d400f0000000051
:101230001c00c2af1800c58f1000c48f831c400f64
:10124000000000001c00c58f25204000811c400fbd
:10125000000000002000c2af1800c58f1000c48f2e
:10126000831c400f00000000252840001c00c48f94
:10127000831c400f000000002400c2af019d023c0f
:10128000f088438c019d023cf488428c253060003c
:10129000252840002000c48fc904400f0000000032
:1012a0002000c2af019d023cf088438c019d023cae
:1012b000f488428c25306000252840002400c48f2b
:1012c000c904400f000000002400c2af688082976c
:1012d00002000624252840002000c48fe904400fa6
:1012e00000000000688082a76a80829702000624be
:1012f000252840002400c48fe904400f00000000ae
:101300006a8082a70000000025e8c0033400bf8f78
:101310003000be8f2c00b08f3800bd270800e003de
:1013200000000000e8ffbd271400bfaf1000beaff3
:1013300025f0a0031800c4af1c00c5af2000c6af45
:101340001c00c58f1800c48f8625400f00000000c8
:1013500004004104000000001c00c28f0b000010bc
:10136000000000002000c58f1800c48f5a25400fd0
:101370000000000004004018000000002000c28fa0
:1013800002000010000000001800c28f25e8c00312
:101390001400bf8f1000be8f1800bd270800e003a7
:1013a00000000000e8ffbd271400bfaf1000beaf73
:1013b00025f0a0031800c4af2510a0002518c00018
:1013c0001c00c2a7251060002000c2a71c00c39704
:1013d0002000c2972110620025204000d727400f2f
:1013e00000000000252840001800c48f5a25400f37
:1013f0000000000007004018000000001c00c39718
:101400002000c29721106200ffff42301700001039
:10141000000000001c00c3972000c2972310620048
:1014200025204000d727400f00000000252840005d
:101430001800c48f8625400f0000000007004104fb
:10144000000000001c00c3972000c2972310620018
:10145000ffff423005000010000000001800c48f9c
:10146000a426400f00000000ffff423025e8c00323
:101470001400bf8f1000be8f1800bd270800e003c6
:1014800000000000e8ffbd271400bfaf1000beaf92
:1014900025f0a0031800c4af1c00c5af1c00c28f0c
:1014a000ff0042301800c38fff0063302528600022
:1014b00025204000b80a400f000000000000000096
:1014c00025e8c0031400bf8f1000be8f1800bd2791
:0814d0000800e0030000000029
:020000040000fa
:020000041d00dd
:1014d80080ffbd278c00a7af0000a28c6c00b5afc1
:1014e8002400a2af0800a28c0400d58c2800a2af6b
:1014f8001000a28c6000b2af4800a2af0000c28cfe
:101508005c00b1af1c00a2af1c00a38f0400b28c1a
:101518000c00b18c8000a4af8400a5af253000007a
:1015280025380000252060002528a0027c00bfafd8
:101538007800beaf7400b7af7000b6af6800b4af44
:101548006400b3af3d21400f5800b0af0f00400416
:101558000080023c2400a28f040042300d00401499
:101568002b0002242400a28f080042302000a2afe2
:101578002800a28f1800a2af2000a28f0c004010f4
:101588001c00a38f030000102000022426a8550089
:101598002d000224000022a22800a28fffff42246f
:1015a8001800a2af010002242000a2af1c00a38fe4
:1015b8002600601400f0a27ef07f033c2400431450
:1015c800f07f043c2000a28f212022028c00a28ff1
:1015d800bfff42241a00422c1a004010019d053c0e
:1015e800019d053c90a3a5246229400f000000003e
:1015f8004329400f252020022400a38f2800a78f0d
:101608008000a48f1000a3af25282002a323400f39
:10161800253040007c00bf8f7800be8f7400b78fe4
:101628007000b68f6c00b58f6800b48f6400b38ffc
:101638006000b28f5c00b18f5800b08f0800e003e3
:101648008000bd27e8ff001094a3a524f07f043c88
:10165800010083242b184300050060502000a28f4e
:101668000e0044141c00a28f0c0040102000a28f12
:10167800212022028c00a28fbfff42241a00422c94
:1016880004004050019d053c019d053cd6ff00101b
:1016980098a3a524d4ff00109ca3a5241c00a38f05
:1016a800253000002520600025380000e520400f87
:1016b8002528a002019d173c019d033c909ef38eb6
:1016c800949ef68e2c00a3affc00401425800000e9
:1016d8009529400f8c00a48f20f4027c97014006c6
:1016e800670002240b00c21725a0c0030100405266
:1016f80001001224fcff022a100040146500142483
:101708002a1012020e0040101c00ab8f0c000106bc
:10171800660014246600022408008216010052267e
:101728000400010667000224909ef38e949ef68eb4
:10173800258000000100c257219050021c00ab8f89
:101748002548600225b8c0023000b5af255000001a
:101758003000ad8f25206001253020012538e002ba
:101768002528a0015400aaaf3800abaf1710400fce
:101778004c00a9af25204000d722400f2528600043
:101788003000ad8f4c00a98f3800ac8f4000a2af5d
:101798000080083c4400a3af26100d014000a48f30
:1017a8004400a58f253020012538e0021000acaf99
:1017b8001400a2af400b400f5000a9af0080083cb6
:1017c8003800a2af4c00a2af261003013000a2af30
:1017d8002c00a28f5000a98fb89e468cbc9e478cc7
:1017e800252020011710400f2528e0025400aa8f59
:1017f8004c00ab8f01004a2525484000d4ff4a160b
:1018080025b86000019d023cc09e468cc49e478c52
:1018180025202001a81b400f2528600025404000f6
:101828003800a48f3000a28f253080002538400072
:10183800252000012528600025b86000e520400f1c
:101848004c00a8afc800401c3000a28f4c00a88fe5
:101858003800a48f25384000253080002528e00274
:1018680025200001e520400f3000a8af08004014f3
:101878003000a88f4000a48f5926400f4400a58f40
:1018880001004230b9004010254000003000a88f08
:101898001c00a38f253000012538e0022528a0026e
:1018a800f014400f252060001c00a2af3800a2af42
:1018b8002c00a28f25206002b89e468cbc9e478cc7
:1018c8002528c00225b86000a81b400f3000a3af30
:1018d8003800ab8f2538e002253060012520400014
:1018e8002528600025a840003d21400f3000a3af07
:1018f800a000401c660002243000a98f9f008216b9
:101908000100102601005226255000022310520122
:101918002000b38f3000a2af25b000002590000052
:101928003000a28f07004211255860028400a28f60
:101938001000428cfbff42242b10620293004014db
:101948001c00a38f070040162400a28f100042300d
:101958000400401021582b022e0002240100732697
:10196800000062a1212033026500022423008216b0
:10197800000080a003000106252800002380100035
:10198800010005244800a28f02001224ffff422410
:1019980021182202000060a00a000624d5000016c3
:1019a80000000000d300401e2b0003242d00062455
:1019b8000b18c50021282202ffffa3a08c00a38fcb
:1019c80045000524bfff6324feff42241a00632c50
:1019d8000ba0a3002a9862022128220203006012a9
:1019e8000000b4a06229400f000000001800a28f78
:1019f80021104202fcff42241800a2af2400a28f4b
:101a08000200032403004230f9fe43141800a28f99
:101a1800f7fe4018000000004329400f252020024f
:101a28002000a38f2a184300bc0060101800a68f5e
:101a38002000a28f300005245829400f21202202bf
:101a4800ebfe00102800a0af010010262598c00367
:101a580025b080023000a68f3400a78f25206002b1
:101a6800a81b400f2528c0021c00a88f2530400065
:101a780025386000252000012528a00225f0400017
:101a88003d21400f25a06000efff4104019d023c6d
:101a9800a49e438ca09e428c3400a3af3000a2af1a
:101aa8002c00a28f25f00000bc9e438cb89e428c6f
:101ab8003c00a3af220000103800a2af019d023cf9
:101ac800bc9e438cb89e428c3400a3afe1ff00104b
:101ad8003000a2af130040103800a68f1100c017c5
:101ae8001c00a38f3000a68f3400a78f2528a002e2
:101af800a81b400f252060003000a68f3400a78f58
:101b0800252060022528c0021c00a2afa81b400f98
:101b180025a8600025b060002598400001001e241b
:101b28003800a68f3c00a78f252060021710400fb1
:101b38002528c00225b0600025984000ffff102628
:101b48001c00a38f253060022538c00225206000c4
:101b58003d21400f2528a002deff4204d4fe022ac0
:101b6800dbfe0010000000002540000048ff0010c8
:101b780025b8000025a860022548c0026500823a01
:101b88002550000261ff00100a500200253820018c
:101b98002530a002252060002528e0025000abafc8
:101ba8004c00aaaf1710400f4400a9af25204000f1
:101bb800d722400f252860002520400025286000f6
:101bc8003800a3af5926400f4000a2af0a004428ae
:101bd800090003240b1844002400a28f3800a78fa3
:101be80010004230251043004000ad8f4400a98ffb
:101bf8004c00aa8f210040145000ab8f67000224cc
:101c08001e00c217000000001c0041050000000073
:101c18000100d6261c00a38f00800b3c26107701fc
:101c28002530a0012520a002252820011000a3afff
:101c38001400a2af4000aaaf400b400f3800a9af74
:101c48001c00a2af2c00a28f3800a98fb89e468c2a
:101c5800bc9e478c00800b3c2520a0022528200133
:101c68001710400f26b863014000aa8f254860006e
:101c780025a840002aff0010ffff4a250b00401648
:101c8800212036020900410521582b021800a28f95
:101c9800ffff42241800a2af2e0002240100732681
:101ca800000062a101001224212036022110330213
:101cb8002120930002000010300005240100422476
:101cc800feff4454000045a01800a28f2120d30233
:101cd80023b05600ffffc22601009324300063247e
:101ce80021202402000083a01800a2afc9ff001021
:101cf80025b000001a000602f401c000ffff4224cc
:101d080021382202ffff522610180000128000001e
:101d18003000632421ff00100000e3a021182202f4
:101d2800000064801800a38f211862002118230284
:101d3800000064a03aff0010ffff42246dfec213aa
:0c1d48000600122473fe001025a0c0034a
:020000040000fa
:020000041d00dd
:101d54000000a28c78ffbd272000a2af0400a28c53
:101d64008000beaf2800a2af0800a28c0400de8c65
:101d74007000b4af0000d48c2400a2af1000a28c79
:101d84006400b1af6000b0af8800a4af0c00b08ca9
:101d94002588e00025300000253800002520800239
:101da4002528c0038400bfaf7c00b7af7800b6af6e
:101db4007400b5af6c00b3af6800b2af3d21400f03
:101dc4004000a2af0e0040042000a28f0400423065
:101dd4000e0040142b0002242000a28f0800423081
:101de4001800a2af2400a28f3800a2af1800a28f5f
:101df4000c0040102000022405000010000002a284
:101e04000080023c26f05e002d000224000002a2a5
:101e14002400a28fffff42243800a2af0100022455
:101e24001800a2afbfff232600f0c27f2500801652
:101e34002c00a3aff07f033c230043141800a38fae
:101e44001800a28f019d113c212002022c00a28fb8
:101e54001a00422c0300401094a32526019d053c42
:101e640090a3a5246229400f0000000094a3242617
:101e74004329400f000000002000a38f2400a78ff7
:101e84008800a48f1000a3af25280002a323400fcd
:101e9400253040008400bf8f8000be8f7c00b78f48
:101ea4007800b68f7400b58f7000b48f6c00b38f58
:101eb4006800b28f6400b18f6000b08f0800e00347
:101ec4008800bd271800a38ff07f053c2c00a48f49
:101ed40021b003020100a3242b1843000500601065
:101ee4001a00842c0c004514300002240b008012cc
:101ef40078000324019d113c030080109ca3252637
:101f0400019d053c98a3a5246229400f2520c00209
:101f1400d7ff00109ca32426780003240000c2a24b
:101f2400580002240a1064002530000025380000ff
:101f3400252080022528c003e520400f25a8400065
:101f4400019d033c909e778c949e718c03014014f8
:101f54001c00a0af2800a28f2800a48f00004228f4
:101f6400180003240a188200010062240100d5a28b
:101f74003c00a3af5400a2af25b0e00225a8200284
:101f84004400b4af4800beaf259800004400a88fb9
:101f94004800b28f252000012530c0022538a00258
:101fa400252840021710400f3000a8af252040001c
:101fb400d722400f25286000252040002530c0028c
:101fc4002538a002252860004c00a2afa81b400fb2
:101fd4005000a3af3000a88f25284002252000011f
:101fe40025304000ee14400f253860004400a2afb5
:101ff40025904000019d023ca89e468cac9e478cd7
:102004002520c0022528a0023000a3af4800a3afba
:10201400a81b400f5800a2af25b040002800a28f93
:1020240025a8600009004104010073263000a28f36
:10203400253000002538000025204002e520400f0f
:102044002528400006004010019d023c5400a28f48
:10205400ceff62163c00a28f01005324019d023c76
:10206400b09e468cb49e478c2520c002a81b400f0e
:102074002528a00225b04000253040003000a28f62
:102084002538600025204002252840003d21400fce
:1020940025a86000f00040043000a28f2530c00263
:1020a4002538a00225204002e520400f25284000c5
:1020b400060040144c00a48f5926400f5000a58ff1
:1020c40001004230e500405025b000001800a28f06
:1020d40025208002020042242530c0022538a002b7
:1020e4002528c003f014400f1800a2af25a06000fb
:1020f4003000a2af0400401400f0637cf07f023c87
:1021040050ff62101800a28f3800a28f1800a38f0e
:10211400feff56244000a28ffbff42243c00a2afe6
:102124002b1062000c014010231013004800a2afd2
:10213400259860002560600025f000003800a0affd
:10214400259000003000a38f2530e00225382002be
:1021540025206000252880021710400f4c00acafea
:1021640025204000d722400f25286000252040006c
:102174002528600025a860005926400f4400a2af1e
:10218400b80040144c00ac8fb70040123800a38f45
:102194000100de274400a48f2530e0022538200208
:1021a400a81b400f2528a002253860003000a38f0b
:1021b4002528800225304000ee14400f25206000c1
:1021c4003000a2af5800a28f2520e002a89e468cc2
:1021d400ac9e478c25282002a81b400f25a0600038
:1021e40025b840004800a28fffff522625886000d2
:1021f40005004212256060023c00a28f2b1062028f
:10220400d1ff40143000a38f3800a28f1500401472
:102214001c00a28fd100c01b2800a28fcf00401841
:102224002000a28f01004230cc0040142e00032471
:1022340021101302000043a02118d3032118030224
:1022440030000424010044a001004224fdff621474
:1022540021407e0227481e000100132521b03601cb
:102264001c00a28f21201302000080a0040041045e
:1022740025280000231002001c00a2af0100052441
:102284004000a28f01001124ffff42242118020202
:10229400000060a0010007240a0006241c00a38f8c
:1022a4009c006054ffff4224980027122b00032453
:1022b4002d0006240b18c50021280202ffffa3a04d
:1022c4002c00a38f500005241a00662cfeff422424
:1022d400700003240b18a600212802022a106202af
:1022e400030040100000a3a06229400f000000007a
:1022f4002000a28f02000324030042301000431484
:10230400ffffca2621885101feff3226d8fe401a5b
:10231400252000024329400f252000021800a38f26
:102324002a18430085006010253040021800a28f4f
:10233400300005245829400f212002022400a0afb8
:10234400cbfe0010252000021c00a28f25b86002dd
:10235400010042241c00a2af258840022530e0027f
:10236400253820022520e002f014400f2528200201
:102374002530400025386000252080022528c00330
:10238400259060003d21400f25984000eeff410458
:10239400019d023c989e528c9c9e538c019d023c54
:1023a400a49e438ca09e428c3400a3af3000a2af05
:1023b4002530e00225382002252080023d21400fef
:1023c4002528c003e3fe410425304002253860027d
:1023d4002520e002a81b400f2528200225204000cc
:1023e4002530000025380000e520400f2528600036
:1023f4000e0040143000a68f3400a78f2520e00281
:10240400a81b400f252820023000a68f3400a78f78
:10241400252080022528c00325886000a81b400fc2
:1024240025b8400025a0400025f060002520e002ea
:102434002528200225304002a81b400f25386002c1
:1024440025b840001c00a28f25886000ffff4224ad
:10245400d7ff00101c00a2af25b000001bff001026
:1024640025a800003800a38f0a00601421201e0252
:102474000800401221600c022e000324000083a1f6
:102484000100032401007326ffffd6263800a3af02
:1024940021201e02211813022120930002000010a3
:1024a4003000052401006324feff6454000065a08d
:1024b4000a004328020060105700442430004424da
:1024c4002c00a28f1a00422c0800401020008234f5
:1024d4009fff42241a00422c0500401021107e0266
:1024e4009c29400f000000002520400021107e029e
:1024f4002348de020100532421100202000044a0fc
:10250400ffff362523ff001025f000001c00a38fd9
:10251400ffff42241a006600f401c00021480202b1
:10252400ffff31261018000030006324000023a1af
:102534001218000059ff00101c00a3af211802025a
:10254400000064802118220221180302feff64a007
:1025540072ff0010ffff42241800b38f2000a28fe7
:10256400100042303eff4010211013022e000324bd
:0c257400000043a03aff00100100732695
:020000040000fa
:020000041d00dd
:10258000f0ffbd270c00beaf25f0a0031000c4afc4
:102590002510a0001400c2a31400c293ffff422420
:1025a0001400c2a30000c0a315000010000000002a
:1025b0001400c3930000c593019d043c25106000e6
:1025c00080100200211043002110450080180200f5
:1025d000c08d8224211062000000428c1000c38f45
:1025e0000400621400000000010002240900001031
:1025f000000000000000c293010042240000c2a3ba
:102600000000c2930500422ce9ff401400000000c6
:102610002510000025e8c0030c00be8f1000bd2768
:102620000800e00300000000f0ffbd270c00beaf73
:1026300025f0a003251080001000c2a31000c29353
:1026400005004010000000001000c2930600422c5c
:1026500004004014000000002510000039000010a4
:10266000000000001000c293ffff42240000c2a33c
:102670000000c393019d023c80180300848d422416
:10268000211062000000438c00006294c47b027c35
:10269000000062a40000c393019d023c8018030067
:1026a000848d4224211062000000438c000062945b
:1026b000c418027c000062a40000c393019d023c88
:1026c00080180300848d4224211062000000438c96
:1026d00000006294060004240410827c000062a4be
:1026e0000000c393019d023c80180300988d422492
:1026f000211062000000428c000040ac0000c39337
:10270000019d023c80180300ac8d42242110620020
:102710000000428c000040ac0000c393019d023ccd
:1027200080180300848d4224211062000000438c35
:102730000000629401000424c47b827c000062a437
:102740000100022425e8c0030c00be8f1000bd2745
:102750000800e00300000000f8ffbd270400beaf42
:1027600025f0a0030800c4af0c00c5af1000c6af31
:102770001000c28f0800422c04004014000000002a
:102780002510000058000010000000000c00c28f4f
:1027900007004010000000000c00c38f0100023c45
:1027a000010042342b1062000400401400000000bd
:1027b000251000004c000010000000000800c28f2f
:1027c00007004010000000000800c38f0100022431
:1027d00022006210000000003f0000100000000016
:1027e00080bf033c00086294c47b027c000862a4a2
:1027f00080bf033c000862944408027c000862a485
:102800001000c28f07004230ff00443080bf033cfd
:10281000000862940431827c000862a40c00c28f1c
:10282000ffff4230ffff4224ffff4230588082a763
:10283000588082972518400080bf023c200843ac96
:1028400080bf033c0008629401000424c47b827ca6
:10285000000862a4230000100000000080bf033cb9
:10286000000a6294c47b027c000a62a480bf033c1d
:10287000000a62944408027c000a62a41000c28f1d
:1028800007004230ff00443080bf033c000a6294de
:102890000431827c000a62a40c00c28fffff423028
:1028a000ffff4224ffff42305a8082a75a8082975e
:1028b0002518400080bf023c200a43ac80bf033c87
:1028c000000a629401000424c47b827c000a62a492
:1028d000040000100000000025100000020000109d
:1028e000000000000100022425e8c0030400be8fa0
:1028f0000800bd270800e00300000000f0ffbd272e
:102900000c00beaf25f0a003251080001400c5af59
:102910001000c2a31000c293050040100000000088
:102920001000c2930600422c040040140000000076
:102930002510000036000010000000001000c293b7
:10294000ffff42240000c2a31400c28f14004014f1
:10295000000000000000c39300a0023c80180300a8
:10296000380142242110620080bf033c2008632408
:10297000000043ac0000c393019d023c801803009b
:10298000848d4224211062000000438c0000629478
:10299000c418027c000062a41c00001000000000ab
:1029a0001400c38f0100022415006214000000000f
:1029b0000000c39300a0023c8018030038014224a9
:1029c0002110620080bf033c200a6324000043ac56
:1029d0000000c393019d023c80180300848d4224b3
:1029e000211062000000438c000062940100042466
:1029f000c418827c000062a40400001000000000e3
:102a00002510000002000010000000000100022458
:102a100025e8c0030c00be8f1000bd270800e003ae
:102a200000000000e8ffbd271400bfaf1000beafdc
:102a300025f0a003251080001c00c5af1800c2a31c
:102a40001800c2930e004010000000001800c2934e
:102a50000600422c0a004010000000001800c2933b
:102a6000252840001c00c48f6009400f00000000b2
:102a700001004238ff004230040040100000000016
:102a80002510000010000010000000001800c29384
:102a9000ffff4424019d023c1c00c38f80180300eb
:102aa000248e4224211062000000428c019d033cd0
:102ab00080200400788e6324211883000000638c3a
:102ac000000043ac0100022425e8c0031400bf8fbe
:102ad0001000be8f1800bd270800e00300000000b2
:102ae000f0ffbd270c00beaf25f0a003251080002d
:102af0002518a0001000c2a3251060001400c2a376
:102b00001400c293ffff42240400c2a31400c29326
:102b100009004010000000001400c2930600422c7f
:102b200005004010000000001000c2936500422c18
:102b30000400401400000000251000003e000010ba
:102b4000000000000400c3935c8082272110620013
:102b50001000c393000043a01000c293040040146f
:102b6000000000000000c0af2a00001000000000bc
:102b70001000c393640002241700621400000000d8
:102b80000400c39300a0023c8018030038014224d3
:102b9000211062000000428c0000428c010042249f
:102ba0000000c2af0000c28f1a00401400000000f5
:102bb0000400c39300a0023c8018030038014224a3
:102bc000211062000000428c0000428c0000c2af65
:102bd00010000010000000000400c39300a0023c9d
:102be0008018030038014224211062000000428c4a
:102bf0000000438c1000c29302186270eb51023c3b
:102c00001f854234190062001010000042110200ba
:102c10000000c2af0400c393019d023c8018030072
:102c2000988d4224211062000000428c0000c38f66
:102c3000000043ac0100022425e8c0030c00be8f55
:102c40001000bd270800e00300000000f8ffbd27ca
:102c50000400beaf25f0a003251080002518a000b9
:102c60000800c2a7251060000c00c2a30c00c2938c
:102c700011004010000000000c00c2930600422c1e
:102c80000d004010000000000800c3970c00c29324
:102c9000ffff442400a0023c8020040038014224ad
:102ca000211082000000428c0000428c2b10430057
:102cb0000400401000000000251000000b00001070
:102cc000000000000c00c293ffff4324019d023c62
:102cd00080180300988d4224211062000000428c6d
:102ce0000800c397000043ac0100022425e8c0039c
:102cf0000400be8f0800bd270800e00300000000ac
:020000040000fa
:020000041d00dd
:102d000070ffbd27a000a28f4800a4af4000a2af73
:102d1000a400a28f5000a6af5400a7af25308000ba
:102d20002538a0003000a4274400a2af8c00bfaf1c
:102d30004c00a5af7400b3af6c00b1af8800beaf5c
:102d40008400b7af8000b6af7c00b5af7800b4aff9
:102d50007000b2af3126400f6800b0af5000a68fb0
:102d60005400a78f2000a4273126400f3800b38fce
:102d70004000a68f4400a78f1000a4273126400fe3
:102d80002800b18fcb03622a03004010cb03222a14
:102d90000e0040141800aa8f5000a68f5400a78f71
:102da0004800a48fa81b400f4c00a58f4000a48fa3
:102db0004400a58f25304000f014400f25386000f6
:102dc0004000a2af060000104400a3afcb0342298d
:102dd00011004014cb030224f0ff42155000a68fcf
:102de0008c00bf8f4000a28f4400a38f8800be8f4d
:102df0008400b78f8000b68f7c00b58f7800b48fc9
:102e00007400b38f7000b28f6c00b18f6800b08f08
:102e10000800e0039000bd273000a28f2000a48f9f
:102e20002400a68f190044003400a78f106800000a
:102e300012600000190046002188330212100000c1
:102e4000101800001900e40023985101122000001e
:102e5000102800001900e600217844002bf0e20160
:102e6000122000002110650021f0c2032180ed0135
:102e700021f09e00102800002b380d022b10c403f7
:102e80002138c703211045002bf0fe001000b78f3a
:102e90001400b48f257080012590e0007700601a3f
:102ea00021f0c2034000622a490040102520e002c0
:102eb00025288002253060020629400f6400acaf4f
:102ec000400006242520e002252880022330d3007c
:102ed0006000a2aff728400f5800a3af5800b88f8a
:102ee0006000aa8f6400ae8f25b8400025a0600066
:102ef0002c00a28f3c00b38f269862021c00a28f88
:102f0000810053142178100321704e012b58ca01ff
:102f100021b06f012b10d80225a8c0010600401473
:102f200001001924030016172b50ca010300401595
:102f30002168f20225c800002168f2022b48b7017f
:102f400021189e0221682d03214823012bc8b901b5
:102f500021c829032520a001252820034400adaf66
:102f60008827400f4000b9afffff522440000624dd
:102f70002330d2002520a002f728400f2528c002c8
:102f80004400ad8f4000b98f2520a00125282003e3
:102f900025304002258040000629400f25a0600012
:102fa000253040022520a0022528c00225800202eb
:102fb0000629400f25a08302251843002b18030083
:102fc00040003126258003028800001025b08002d1
:102fd000c0ff7326c0ff512525c00000c4ff60124a
:102fe000255000004000622a3a00401040000b24a7
:102ff00023b0730125208001252800022530c0025e
:103000006400b8af6000aaaf5c00adaf0629400f06
:103010005800acaf5800ac8f2570430025208001cc
:103020002528000225306002f728400f2ba80e004b
:10303000252040022528c0032530c00225806000dd
:103040000629400f25a8a2022570a20225204002d1
:103050002528c003253060025800aeaff728400f86
:103060002580030225f060005800ae8f25904000b7
:10307000255000009eff001025c000001a002a12f3
:1030800023a82a024000a22a1c0040104000062467
:103090002520e002252880022330d5000629400f94
:1030a0005800acaf251043002520e00225288002ff
:1030b0002530a002f728400f2b98020025c06000a1
:1030c0005800ae8f2550620225b8000088ff00101e
:1030d00025a0000001000e2425800000259000009e
:1030e00083ff001025f000002550e00225c080027b
:1030f00025b800007eff001025a0000001000a2472
:10310000fbff001025c000002360ca012b18cc0172
:103110002358180223b063012b28160225a880012a
:10312000010004240600a014251000000400d0565d
:1031300025200000030060142318570225200000fa
:10314000231857022b28430223c8d40323c825037e
:10315000236864002b186d0023c8220323c82303af
:103160001300210723704e012b504e0123c0100382
:103170002338f20223b00a032b48e70223189e02e9
:103180002568d6012120e400231869002b680d0072
:103190002b3887002118620023688d002138e30056
:1031a0002b208d0025a8c00123c8e4000100732e48
:1031b0002510b90167ff40142510b602f6fe401035
:1031c0002520a0028827400f2528c002ffff522497
:1031d00033004106c01716004280150025805000bc
:1031e0000100ac3225800c0242b0160025200002fe
:1031f000050060122528c0022b101000232816009d
:10320000232010002328a200cc1e400f2388320266
:1032100025b84000c4fb222a6700401025906000ba
:10322000c3fb0224730022168025100023006016c1
:10323000019d023cc89e548ccc9e558c2530e002ea
:103240002538400225208002e520400f2528a002d5
:103250001e004014019d023cd89e468cdc9e478c8b
:103260002520e002a81b400f2528400225286000e9
:103270001d23400f25204000b225400f252040008f
:10328000019d043ce09e868ce49e878c252860008e
:10329000a81b400f25204000cafe00104000a2af2e
:1032a000253040022520a0020629400f2528c00213
:1032b00025a0600044ff001025804000019d023cd5
:1032c000d09e548cddff0010d49e558c401510000c
:1032d00039004010c017160042201000252044007d
:1032e00042b01600010010320040053c252090003d
:1032f000050060122528b6002b10040023280500c5
:103300002328a20023200400cc1e400f0000000050
:10331000253040002538600025204000f014400f83
:103320002528600025204000253080022538a00295
:10333000ee14400f2528600025904000019d023cbe
:10334000e09e468ce49e478c2520400225286000a4
:10335000a81b400f25806000253040002538600004
:1033600025204000a81b400f252860002530400282
:1033700025380002252040022528000225986000fb
:10338000ee14400f25a04000253040002538600095
:1033900025208002a81b400f252860022520400020
:1033a0002530400225380002f014400f2528600027
:1033b0002590600025b840008c00bf8f8800be8f2c
:1033c0008000b68f7c00b58f7800b48f7400b38f07
:1033d0006800b08f253020022520e0026c00b18ffc
:1033e0008400b78f252840027000b28f1f24400b45
:1033f0009000bd27801516008282100025805000a5
:103400002b2004002528c002252090000448057cbc
:103410008285100025280502050060128022040024
:103420002b100400232805002328a20023200400d9
:10343000cc1e400f00000000deff00102590600051
:020000040000fa
:020000041d00dd
:10344000f8ffbd270400beaf25f0a0030800c4affd
:103450000c00c5af1000c6af0c00c28f07004010b3
:10346000000000000c00c38f0100023c0100423448
:103470002b10620004004014000000002510000022
:103480005a000010000000000800c28f0700401022
:10349000000000000800c38f010002242900621010
:1034a000000000004d0000100000000080bf033c41
:1034b00000086294c47b027c000862a480bf033cc5
:1034c000000862944408027c000862a41000c28fc5
:1034d00007004230ff00443080bf033c0008629484
:1034e0000431827c000862a40c00c28fffff4230ce
:1034f000ffff4224ffff4230548082a7251840007e
:1035000080bf023c200843ac88bf023c0002032479
:10351000341043ac88bf033cb010628c0600042416
:103520008420827cb01062ac80bf033c00086294af
:1035300001000424c47b827c000862a42a000010dd
:103540000000000080bf033c000a6294c47b027c40
:10355000000a62a480bf033c000a62944408027c13
:10356000000a62a41000c28f07004230ff004430fe
:1035700080bf033c000a62940431827c000a62a48a
:103580000c00c28fffff4230ffff4224ffff42309a
:10359000568082a72518400080bf023c200a43ac19
:1035a00088bf023c00400324341043ac88bf033c76
:1035b000c010628c060004248420827cc01062ac9f
:1035c00080bf033c000a629401000424c47b827c17
:1035d000000a62a404000010000000002510000092
:1035e00002000010000000000100022425e8c003d2
:1035f0000400be8f0800bd270800e00300000000a3
:10360000e0ffbd271c00bfaf1800beaf25f0a00330
:103610002000c4af2400c5af2000c28f05004010b9
:10362000000000002000c28f0600422c040040145d
:1036300000000000251000006700001000000000de
:103640002000c28fffff4324019d023c801803002d
:1036500008a74224211062000000428c1000c2af73
:103660001000c38f00006294c47b027c000062a43f
:103670002400c28f07004230ff0044301000c38f87
:10368000000062940410827c000062a41000c38fca
:1036900000006294c439027c000062a42000c48f40
:1036a000350e400f000000002000c48f690e400f4f
:1036b000000000002000c28f0600422c4000401095
:1036c000000000002000c28f80180200009d023c14
:1036d000e4364224211062000000428c08004000c1
:1036e00000000000c037009dfc36009d2437009d7f
:1036f0004c37009d7437009d9c37009d88bf033c6c
:10370000a010628c070004248462827ca01062ac4a
:1037100088bf023c40000324681043ac280000101e
:103720000000000088bf033cb010628c0700042436
:103730008462827cb01062ac88bf023c0008032423
:10374000681043ac1e0000100000000088bf033c5e
:10375000c010628c070004248462827cc01062acba
:1037600088bf023c0100033c681043ac1400001009
:103770000000000088bf033cd010628c07000424c6
:103780008462827cd01062ac88bf023c2000033c83
:10379000681043ac0a0000100000000088bf033c22
:1037a000e010628c070004248462827ce01062ac2a
:1037b00088bf023c0004033c681043ac00000000da
:1037c0001000c38f0000629401000424c47b827c3b
:1037d000000062a40100022425e8c0031c00bf8f82
:1037e0001800be8f2000bd270800e0030000000085
:1037f000f8ffbd270400beaf25f0a0030800c4af4a
:103800000c00c5af0800c28f0600422c28004010f3
:10381000000000000800c28f80180200009d023cda
:1038200034384224211062000000428c080040001d
:1038300000000000b038009d4c38009d6038009dad
:103840007438009d8838009d9c38009d0c00c38f03
:1038500081bf023c28fa43ac1800001000000000b1
:103860000c00c38f81bf023c2cfa43ac1300001044
:10387000000000000c00c38f81bf023c30fa43ac53
:103880000e000010000000000c00c38f81bf023c3e
:1038900034fa43ac09000010000000000c00c38f94
:1038a00081bf023c38fa43ac040000100000000065
:1038b000251000000200001000000000010002249a
:1038c00025e8c0030400be8f0800bd270800e00300
:1038d00000000000f8ffbd270400beaf25f0a003e4
:1038e0000800c4af0800c28f0600422c2700401019
:1038f000000000000800c28f80180200009d023cfa
:1039000014394224211062000000428c080040005b
:10391000000000008c39009d2c39009d4039009d2d
:103920005439009d6839009d7c39009d88bf023c58
:1039300040000324341043ac1400001000000000c9
:1039400088bf023c00080324341043ac0f00001071
:103950000000000088bf023c0100033c341043ac6f
:103960000a0000100000000088bf023c2000033c59
:10397000341043ac050000100000000088bf023c7a
:103980000004033c341043ac0000000000000000c1
:1039900025e8c0030400be8f0800bd270800e0032f
:1039a00000000000f8ffbd270400beaf25f0a00313
:1039b0000800c4af0800c28f0600422c2700401048
:1039c000000000000800c28f80180200009d023c29
:1039d000e4394224211062000000428c08004000bb
:1039e000000000005c3a009dfc39009d103a009deb
:1039f000243a009d383a009d4c3a009d88bf023c15
:103a000020000324341043ac140000100000000018
:103a100088bf023c00040324341043ac0f000010a4
:103a20000000000088bf023c00800334341043ac27
:103a30000a0000100000000088bf023c1000033c98
:103a4000341043ac050000100000000088bf023ca9
:103a50000002033c341043ac0000000000000000f2
:103a600025e8c0030400be8f0800bd270800e0035e
:043a70000000000052
:020000040000fa
:020000041d00dd
:103a740018ffbd27dc00b5afd800b4afd400b3af96
:103a8400d000b2afe400bfafe000b6afcc00b1af3e
:103a9400c800b0af259880002590c000b800a5af3d
:103aa40025a00000019d153cb800a58f0000a28050
:103ab400c9004010ffff02249c00a2af1800a227f7
:103ac400a400a2af800002249800a0afa000a0af81
:103ad400a800a2af25800000250003242188b0009f
:103ae400000022820300401000000000fbff43544a
:103af400010010260400001225300002e926400fc0
:103b040025206002b800b1afb800a58f25000224bb
:103b14000000a380a90062140100b624b800b6af67
:103b24000200a52425180000300007242d000824d5
:103b34002b0009242c000a2420000b242300062433
:103b4400ffffa2802a0047509800a38f31004c2821
:103b54003d018011ffffa424200048509800a38f4a
:103b64002e004c283801801100000000220049502a
:103b74009800a38f34014a100000000020004b502d
:103b84009800a38f200046509800a38f0100605432
:103b9400b800a4af2a0003241d0043500000428e45
:103ba4004c27400f00000000b800a38fa000a2af74
:103bb400252800002520600000008280d0ff4224d8
:103bc4000a00422c5f004014010063241c00a0542e
:103bd400b800a4af1b0000109800a28f010063344a
:103be4009800a3af0100a524d5ff00100100032411
:103bf400fbff001002006334f9ff0010040063347b
:103c0400f7ff001008006334f5ff00101000633460
:103c140001008424040043240000428c000043aecd
:103c2400b800a4af9800a38f05004104a000a2af80
:103c340001006338231002009800a3afa000a2afd4
:103c44009800a28f01004330020060104408027cf7
:103c54009800a2afb800a28f2e0003240000448075
:103c64000d008314010051249c00a0af0100448086
:103c74002a00032435008314b800b1af02004224a3
:103c8400b800a2af0000428e040043240000428c1e
:103c9400000043ae9c00a2af1e28400fb800a4272a
:103ca400b800b18fc000a2af9529400f0000248254
:103cb40025000324cf004310c000a58f9fff42249a
:103cc4001800432cd6006010009d033c80100200b5
:103cd400e83c6324211062000000428c080040008c
:103ce40000000000903d009d2440009d903f009df9
:103cf400083e009d5c3f009d5c3f009d5c3f009d35
:103d04002440009d083e009d2440009d2440009dc9
:103d14002440009d2440009d403f009d703e009d36
:103d2400dc3e009d2440009d2440009dd03f009d2a
:103d34002440009d3c3e009d2440009d2440009d65
:103d4400a43e009d9bff0010010005244c27400f5a
:103d5400252020029c00a2af252000002518200267
:103d640000006280d0ff42240a00422c0500401467
:103d740001003126c8ff8054b800a3afc6ff00106d
:103d840000000000f5ff001001000424253040026b
:103d94000828400fb000a4276c0040100100222620
:103da40000002782b000a6279800a52725206002de
:103db4005507400fb800a2af218002022180900273
:103dc4002aa014029e00801200a0023c4f0003248b
:103dd4003c0643acffff1424e400bf8f251080028f
:103de400e000b68fdc00b58fd800b48fd400b38f59
:103df400d000b28fcc00b18fc800b08f0800e003b0
:103e0400e800bd2725384002010006242720400f82
:103e1400b000a4274d004010b000a62701003126b1
:103e24009800a527252060029521400fb800b1af66
:103e3400e2ff0010218002022538400225300000f4
:103e44002720400fb000a42740004010b000a62750
:103e5400010031269800a527252060022b25400f5c
:103e6400b800b1afd5ff001021800202253840020e
:103e7400253000002720400fb000a4273300401055
:103e8400b000a627010031269800a527252060024e
:103e9400e223400fb800b1afc8ff00102180020236
:103ea40025384002253000002720400fb000a42709
:103eb400260040100100222600002782b800a2af8d
:103ec400b000a6279800a5274b1e400f25206002ae
:103ed400baff00102180020225384002253000007c
:103ee400f00005242720400fb000a427170040103d
:103ef400b000a28fb400a38f010031262510430027
:103f04000c004014b800b1af4329400f84a3a42689
:103f14009800a38fa000a78f1000a3af2530400006
:103f240084a3a526a323400f25206002a3ff00102d
:103f340021800202e2ff00107800072425384002a5
:103f4400213090028c22400fb000a42701003126ba
:103f54009aff0010b800b1af253040020828400f86
:103f6400b000a427f9ff4010010022260000278298
:103f7400b000a6279800a527252060023605400f2b
:103f8400b800a2af8dff001021800202800002243d
:103f9400eeffa214010007240000428e0100312626
:103fa400040043240000428cb800b1af000043aecb
:103fb400b000a2a3b000a6279800a5270826400faa
:103fc400252060027dff001021800202800002246f
:103fd400deffa214253800000000428e01003126c5
:103fe40004004324000043ae0000468cf2ff00109e
:103ff400b800b1af80000224d4ffa2149800a28fad
:1040040001003126a000a78fb800b1af1000a2af05
:10401400019d053c01000624c2ff00108ca3a524c9
:10402400ffff0224b800b6af9800a0afa000a0af75
:104034009c00a2af1000a0aff5ff001025380000cf
:1040440099fe001025a00002d5fe6054b800a4af6c
:08405400d3fe00100000000083
:020000040000fa
:020000041d00dd
:10405c004050050042550a00c04a0500427d04004c
:10406c0025482f01c042040000800e3c25482e013b
:10407c0040680700426d0d00c0620700427d0600db
:10408c0025608f01c05a060025608e012628a700e6
:10409c002428ae00ffff4f25fe07e12dd60020108f
:1040ac0000000000ffffaf25fe07e12d03012010eb
:1040bc000000000023504d01ff034a254240080038
:1040cc00c07f090025400f0142480900023c0c004a
:1040dc00f401e0001b0027011270000010480000e2
:1040ec00ffff86311900ce0012200000004c0900a1
:1040fc00027c080025482f012b7824012348240139
:10410c000600e01100000000ffffce2521482c0125
:10411c002b082c01fcff201000000000f401e00033
:10412c001b00270112380000104800001900c700be
:10413c0012200000004c0900ffff0f3125482f0111
:10414c002b782401234824010600e0110000000014
:10415c00ffffe72421482c012b082c01fcff201029
:10416c000000000000740e002170c7011900cb0183
:10417c001238000010200000000008242b780701e2
:10418c00234007012b102f0123482f012b782401ea
:10419c002578e201234824010b00e0110000000007
:1041ac00ffffce2521400b012b780b0121482c0160
:1041bc0021482f0102002c11000000002b782c014b
:1041cc00f7ffe0110000000007002c1500000000b4
:1041dc0025200b002548080000000d2425380d0073
:1041ec002c00001000000000023c0c00f401e00068
:1041fc001b0027011268000010480000ffff8631e9
:10420c001900cd0012200000004c0900027c0800af
:10421c0025482f012b782401234824010600e011a6
:10422c0000000000ffffad2521482c012b082c01bc
:10423c00fcff201000000000f401e0001b0027012f
:10424c0012380000104800001900c70012200000ae
:10425c00004c0900ffff0f3125482f012b7824015a
:10426c00234824010600e01100000000ffffe724b2
:10427c0021482c012b082c01fcff20100000000011
:10428c00006c0d002168a7011900ab011238000069
:10429c0010200000000008242b78070123400701a0
:1042ac002b102f0123482f012b7824012578e201b4
:1042bc00234824010b00e01100000000ffffad2596
:1042cc0021400b012b780b0121482c0121482f0197
:1042dc0002002c11000000002b782c01f7ffe011dc
:1042ec00000000000600c005000000002a78a001b4
:1042fc002168ad012170ce012170cf01ffff4a254d
:10430c00257828010200e011000000000100ad3505
:10431c0025480e0025400d00ffff4f25fe07e12d1f
:10432c0015002010000000000004082500040f2dcb
:10433c0021482f012b782f0121504f01c27a080000
:10434c000100ef3123400f01c2220800407d09001b
:10435c0025208f0040780900027b0f002528af0034
:10436c00007d0a002528af00251004002518050043
:10437c000800e003000000004b00401d000000009e
:10438c0001000e242370ca012000c12d0900201445
:10439c0000000000e0ffce212b2008002540240166
:1043ac000f0009100000000000000934f6ff001097
:1043bc00000000000a00c0110000000022300e00b6
:1043cc000420c8000430c9000640c8010648c901d1
:1043dc002540c800020080100000000002000835d3
:1043ec000004082500040f2d21482f01c257090095
:1043fc00d2ff0010000000002a78000121400801c3
:10440c002148290121482f01190040150000000006
:10441c00257828011600e011000000000900201585
:10442c0000000000040000150000000000000a2439
:10443c001cff0010000000002548000100000824ab
:10444c00e0ff4a2520702e7116ffc01100000000fd
:10445c0023504e0122300e000630c8000440c80123
:10446c000448c901254826010eff00100000000079
:10447c0005004d150000000040780c002578eb017c
:10448c002f00e01100000000ff0701240b00a11118
:10449c0000000000b4ff4011000000002578280146
:1044ac002700e01500000000f07f013c2528a1004a
:1044bc0000000424acff0010000000002a7860010a
:1044cc0021586b0121608c0121608f011900a0150e
:1044dc000000000025788b01f3ffe01100000000c4
:1044ec0009008015000000000400601500000000a9
:1044fc0000000d24effe001000000000256060019c
:10450c0000000b24e0ffad2520708e71e9fec01178
:10451c00000000002368ae0122300e000630cb00f4
:10452c000458cb010460cc0125608601e1fe00102b
:10453c000000000025788b010200e0110000000053
:10454c00f8ff053c0000042487ff00100000000069
:04455c00000000005b
:020000040000fa
:020000041d00dd
:1045600058ffbd27a400bfafa000beaf25f0a00339
:10457000a800c4afac00c5afb000c6afb400c7afb1
:10458000ac00c2271c00c2af2400c2272000c2af6b
:104590002000c28f000040a0b50000100000000005
:1045a000a800c28f00004380250002240b00621087
:1045b00000000000a800c38f01006224a800c2af61
:1045c0002000c28f010044242000c4af000063809b
:1045d000000043a0a600001000000000a800c28f49
:1045e00001004224a800c2afa800c28f0000428090
:1045f0002500032484004310000000002500432808
:1046000088006014000000007900432885006010d5
:1046100000000000630043288200601400000000d6
:104620009dff42241600432c7e0060100000000015
:1046300080180200009d023c4c464224211062007a
:104640000000428c08004000000000007047009d00
:10465000a446009d2448009d2448009d2448009db8
:104660002448009d2448009d2448009d2448009d26
:104670002448009d2448009d2448009d2448009d16
:104680002448009d2448009d2448009d9c47009d8f
:104690002448009d3c47009d2448009d2448009ddf
:1046a0000847009d1c00c28f040043241c00c3afb8
:1046b0000000428c1400c2af1400c28f09004104f4
:1046c000000000002000c28f010043242000c3af7f
:1046d0002d000324000043a01400c28f2310020009
:1046e0001400c2af1400c28f2000c3270a000624a2
:1046f00025284000252060004612400f00000000e1
:1047000058000010000000001c00c28f0400432469
:104710001c00c3af0000428c1800c2af2000c227ab
:10472000100006241800c58f252040004612400fb7
:10473000000000004b000010000000001c00c28fb1
:10474000040043241c00c3af0000428c1800c2af19
:104750002000c2270a0006241800c58f252040002b
:104760004612400f000000003e0000100000000054
:104770001c00c28f040043241c00c3af0000448c03
:104780002000c28f010043242000c3af201c047c02
:10479000000043a033000010000000001c00c28f86
:1047a000040043241c00c3af0000428c1000c2afc1
:1047b0001000c28f0e00401400000000019d023c5a
:1047c0008ca642241000c2af0900001000000000b7
:1047d0001000c38f010062241000c2af2000c28ffe
:1047e000010044242000c4af00006380000043a007
:1047f0001000c28f00004280f5ff4014000000004e
:1048000018000010000000002000c28f01004324a7
:104810002000c3af25000324000043a011000010b6
:10482000000000002000c28f010043242000c3af1d
:1048300042000324000043a02000c28f0100432453
:104840002000c3af41000324000043a02000c28f1a
:10485000010043242000c3af44000324000043a010
:1048600000000000a800c28f01004224a800c2afcf
:10487000a800c28f0000428049ff401400000000e1
:104880002000c28f000040a02400c2272000c2af39
:1048900016000010000000002000c28f00004380be
:1048a0000a00022408006210000000002000c28fed
:1048b0000000428025204000d029400f0000000069
:1048c00007000010000000000d000424d029400f54
:1048d000000000000a000424d029400f000000005e
:1048e0002000c28f010042242000c2af2000c28fee
:1048f00000004280e8ff40140000000000000000bb
:1049000025e8c003a400bf8fa000be8fa800bd276c
:104910000800e00300000000e0ffbd271c00beaf60
:1049200025f0a0032000c4af2400c5af2800c6af07
:104930001300c0a32400c28f0c004014000000002c
:104940002000c28f0000428c30000324000043a0ee
:104950002000c28f0000428c010043242000c28f3f
:10496000000043ac32000010000000000800c22725
:104970000b0042240000c2af18000010000000002d
:104980002400c38f2800c28f1b006200f401400086
:10499000101000000400c2a30400c3930000c28fe3
:1049a000ffff42240000c2af019d023c94a64224b6
:1049b00021106200000043800000c28f000043a06d
:1049c0002400c38f2800c28f1b006200f401400046
:1049d00010100000121000002400c2af2400c28f8b
:1049e000e7ff4014000000000d0000100000000070
:1049f0000000c28f010043240000c3af2000c38f1a
:104a00000000638c00004280000062a02000c28f82
:104a10000000428c010043242000c28f000043ac00
:104a20000000c28f00004280f1ff4014000000002f
:104a300025e8c0031c00be8f2000bd270800e0034e
:104a400000000000e0ffbd271c00bfaf1800beaf94
:104a500025f0a0032000c4af2000c48f1016400f23
:104a6000000000001000c0a337000010000000008c
:104a70001000c393019d023cc0180300d4a542243a
:104a8000211062000000428c09004010000000006c
:104a90001000c293019d033cd4a56324c010020002
:104aa000211062000400428c040040140000000049
:104ab0000300022429000010000000001000c3932e
:104ac000019d023cc0180300e4a5422421106200ad
:104ad0000000448c1000c293019d033ce4a56324b4
:104ae000c0100200211062000400429025284000fe
:104af0000319400f000000001000c393019d023c09
:104b0000c0180300d4a54224211062000000428c8a
:104b10001000c3932520600009f840000000000049
:104b200001004238ff004230040040100000000045
:104b30000500022409000010000000001000c293cc
:104b4000010042241000c2a31000c2930200422cb4
:104b5000c7ff4014000000002510000025e8c00336
:104b60001c00bf8f1800be8f2000bd270800e00387
:104b700000000000d8ffbd272400bfaf2000beaf5b
:104b800025f0a00333000010000000002080829771
:104b900025204000fa24400f000000001000c2a3ae
:104ba0001000c393019d023cc0180300e4a54224f9
:104bb000211062000000428c2480852725204000bf
:104bc0009219400f00000000100040140000000087
:104bd0001000c393019d023c4018030054a44224da
:104be00021106200000042942016027c271002006f
:104bf000201e027c208082972016027c24106200f6
:104c00002016027cffff4230208082a71000c29352
:104c1000019d033cd4a56324c01002002110620052
:104c20000400428c1400c3272480858f2880868f3f
:104c30002520600009f84000000000001400c28f29
:104c400004004010000000000200022412000010c6
:104c500000000000a41a400f0000000004004010f3
:104c60000000000020808297c8ff40140000000070
:104c70008026400f0000000001004238ff00423053
:104c8000f4ff4010000000006e1b400f0000000009
:104c9000f0ff00100000000025e8c0032400bf8fd3
:104ca0002000be8f2800bd270800e00300000000a0
:104cb000e0ffbd271c00bfaf1800beaf25f0a0036a
:104cc0002000c4af2400c5af1000c0a31d00001019
:104cd000000000001000c393019d023cc0180300b7
:104ce000e4a54224211062000000428c2000c58f00
:104cf0002400c68f252040001b19400f0000000033
:104d000001004238ff00423014004014000000004f
:104d10001000c393019d023c4018030054a4422498
:104d200021106200000043942080829725106200c9
:104d3000ffff4230208082a71000c293010042246e
:104d40001000c2a31000c2930200422ce1ff4014e5
:104d50000000000002000010000000000000000041
:104d60001000c3930200022404006214000000003b
:104d700001000224020000100000000025100000c5
:104d800025e8c0031c00bf8f1800be8f2000bd2780
:104d90000800e00300000000e8ffbd271400bfafdb
:104da0001000beaf25f0a003251080001c00c5af89
:104db0002000c6af1800c2a31800c2930200422c04
:104dc0001b004010000000001800c393019d023c2e
:104dd000c0180300e4a54224211062000000428ca8
:104de0001c00c58f2000c68f252040001b19400fd6
:104df000000000000e004010000000001800c393e7
:104e0000019d023c4018030054a44224211062007a
:104e1000000043942080829725106200ffff4230fb
:104e2000208082a701000224020000100000000080
:104e30002510000025e8c0031400bf8f1000be8fae
:104e40001800bd270800e00300000000e8ffbd27b0
:104e50001400bfaf1000beaf25f0a00325108000e6
:104e60001c00c5af2000c6af1800c2a31800c29333
:104e70000200422c1b004010000000001800c393e9
:104e8000019d023cc0180300e4a5422421106200e9
:104e90000000428c1c00c58f2000c68f25204000da
:104ea0005219400f000000000e00401000000000ea
:104eb0001800c393019d023c4018030054a44224ef
:104ec0002110620000004394208082972510620028
:104ed000ffff4230208082a7010002240200001060
:104ee000000000002510000025e8c0031400bf8f5b
:104ef0001000be8f1800bd270800e003000000006e
:104f0000e8ffbd271400bfaf1000beaf25f0a0031f
:104f10001800c4af1800c48fd514400f0000000063
:104f20000e004010000000001800c28f0800428ce4
:104f3000010043241800c28f080043ac1800c28f40
:104f40000800438c1800c28f0c00428c03006214ce
:104f5000000000001800c28f080040ac1800c28f8b
:104f60000400428c010043241800c28f040043acab
:104f70001800c28f0400438c1800c28f0c00428cb2
:104f800003006214000000001800c28f040040ac4f
:104f90000000000025e8c0031400bf8f1000be8f82
:104fa0001800bd270800e00300000000f8ffbd273f
:104fb0000400beaf25f0a0030800c4af0800c28ff4
:104fc0000800428c010043240800c28f080043ac53
:104fd0000800c28f0800438c0800c28f0c00428c6e
:104fe00003006214000000000800c28f080040acfb
:104ff0000000000025e8c0030400be8f0800bd27a4
:105000000800e00300000000e0ffbd271c00bfaf68
:105010001800beaf25f0a0032000c4af2400c5af28
:10502000508082930019020000a0023cfc0542243b
:10503000211062001000c2af508082930100422410
:10504000ff004230508082a31000c28f2000c38f27
:10505000000043ac1000c28f2400c38f0c0043ac8f
:105060001000c48f2214400f000000001000c28ff7
:1050700025e8c0031c00bf8f1800be8f2000bd278d
:105080000800e00300000000f8ffbd270400beafe9
:1050900025f0a0030800c4af0800c28f040040ac94
:1050a0000800c28f080040ac0000000025e8c003e3
:1050b0000400be8f0800bd270800e00300000000c8
:1050c000e0ffbd271c00bfaf1800beaf25f0a00356
:1050d0002000c4af2000c28f0c00428c1000c2af71
:1050e0002000c48fd514400f00000000010042389a
:1050f000ff00423019004010000000002000c28f65
:105100000400438c2000c28f0800428c2b106200e8
:1051100009004014000000002000c28f0400438cee
:105120002000c28f0800428c231062001000c2af22
:105130000a000010000000002000c28f0c00438c09
:105140002000c28f0400428c211862002000c28f10
:105150000800428c231062001000c2af1000c28f02
:1051600025e8c0031c00bf8f1800be8f2000bd279c
:105170000800e00300000000f8ffbd270400beaff8
:1051800025f0a0030800c4af0800c28f0c00428cb9
:1051900025e8c0030400be8f0800bd270800e00317
:1051a00000000000e8ffbd271400bfaf1000beaf35
:1051b00025f0a0031800c4af2510a0001c00c2a356
:1051c0001800c28f0000438c1800c28f0400428c6c
:1051d000211062001c00c393000043a01800c48f7c
:1051e000c013400f000000000000000025e8c003cd
:1051f0001400bf8f1000be8f1800bd270800e00309
:1052000000000000e0ffbd271c00bfaf1800beafcc
:1052100025f0a0032000c4af2510a0002400c2a3e5
:10522000ffff02241000c2af2000c48fd514400f2e
:105230000000000001004238ff0042300c00401026
:10524000000000002000c28f0000438c2000c28fad
:105250000400428c211062002400c393000043a08c
:105260002000c48fc013400f000000001000c0af2a
:105270001000c28f25e8c0031c00bf8f1800be8f2e
:105280002000bd270800e00300000000e0ffbd276c
:105290001c00bfaf1800beaf25f0a0032000c4afb4
:1052a0002400c5afffff02241000c2af2000c48f4e
:1052b000c514400f0000000001004238ff004230da
:1052c0000d004010000000002000c28f0000438c41
:1052d0002000c28f0800428c211062000000439021
:1052e0002400c28f000043a02000c48feb13400fa6
:1052f000000000001000c0af1000c28f25e8c003fe
:105300001c00bf8f1800be8f2000bd270800e003df
:1053100000000000f8ffbd270400beaf25f0a00389
:105320000800c4af0800c28f0400438c0800c28f7d
:105330000800428c261062000100422cff0042301f
:1053400025e8c0030400be8f0800bd270800e00365
:1053500000000000f0ffbd270c00beaf25f0a00349
:105360001000c4af1000c28f0400428c0100422420
:105370000000c2af1000c28f0c00428c0000c38f2f
:1053800002006214000000000000c0af1000c28fd5
:105390000800428c0000c38f261062000100422cde
:1053a000ff00423025e8c0030c00be8f1000bd276f
:0853b0000800e003000000000a
:020000040000fa
:020000041d00dd
:1053b8000080013c2638e10040580500425d0b00a2
:1053c800c0520500427d040025504f01c04a040028
:1053d8000080083c255048014070070042750e00c7
:1053e800c06a0700427d06002568af01c06206005a
:1053f8002568a801ffff6f25fe07e12d9700201003
:1054080000000000ffffcf25fe07e12dc900201096
:10541800000000000080013c2428a10023406e0108
:1054280033000011000000001900001900000000fe
:105438002000012d0900201400000000e0ff0821d1
:105448002b300c002560a60129000d10000000007b
:1054580000000d34f6ff00100000000024000011c9
:10546800000000002220080004308c0004208d0079
:1054780006600c0106680d0125608c001c00c01038
:105488000000000002008c35190000100000000028
:1054980025580e00234008002000012d0900201483
:1054a80000000000e0ff08212b30090025484601d4
:1054b8000f000a100000000000000a34f6ff001078
:1054c800000000000a00001100000000222008006f
:1054d8000430890004208a000648090106500a01a0
:1054e800254889000200c01000000000020029358c
:1054f8002678a7001d00e0050000000021482c01c7
:105508002b782c0121504d0121504f0102004d11e3
:10551800000000002b784d013a00e0110000000067
:1055280001002f310200e0110000000002002935bf
:1055380042480900c07f0a0025482f0142500a004e
:105548000080013c2550410101006b25ff07012423
:105558002c00611500000000f07f013c2528a10007
:105568000000042439000010000000002b782c01f2
:1055780023482c012b104f0123504f012b784d014c
:105588002578e20123504d010700e01100000000da
:105598000080013c2628a1002b7809002348090037
:1055a80023500a0023504f01090040150000000055
:1055b800040020150000000000000b240d0000105e
:1055c800000000002550200100000924e0ff6b25a1
:1055d80020404871070000110000000023586801ae
:1055e80022200800062089000448090104500a0105
:1055f80025504401257849010200e015000000000b
:10560800000005247000601900000000000429252e
:1056180000042f2d21504f012b784f0121586f0185
:10562800c27a09000100ef3123482f01c222090084
:10563800407d0a0025208f0040780a00027b0f0079
:105648002528af00007d0b002528af002510040099
:10565800251805000800e003000000002a78200152
:105668002148290121504a0121504f012600601587
:1056780000000000257849011600e0110000000034
:10568800090040150000000004002015000000007b
:1056980000000b245bff00100000000025502001d3
:1056a80000000924e0ff6b252040487155ff0011d8
:1056b8000000000023586801222008000620890005
:1056c8000448090104500a01255044014dff001007
:1056d80000000000ff0701241600c11100000000af
:1056e8002140e700257806010300e01500000000ce
:1056f800d6ffe0040000000025100600251807006a
:10570800d4ff001000000000257849012a00e015a8
:1057180000000000ff070124ccffc11500000000b5
:105728002678a7002400e00500000000f2ff001022
:10573800000000002a78800121608c012168ad01f9
:105748002168af011900c015000000002578ac01e0
:10575800beffe011000000000900a01500000000d5
:10576800040080150000000000000e2429ff00102e
:10577800000000002568800100000c24e0ffce2511
:105788002040a87123ff0011000000002370c80109
:105798002220080006208c0004600c0104680d011a
:1057a8002568a4011bff0010000000002578ac014b
:1057b800d1ffe01100000000f8ff053c00000424c0
:1057c800a2ff0010000000000100082423400b0184
:1057d8002000012d0900201400000000e0ff08212e
:1057e8002b300900254846010f000a100000000070
:1057f80000000a34f6ff0010000000000a00001143
:1058080000000000222008000430890004208a00db
:105818000648090106500a01254889000200c010ff
:10582800000000000200293500000b2477ff00105b
:08583800000000000000000068
:020000040000fa
:020000041d00dd
:10584000e8ffbd271400bfaf1000beaf25f0a003d6
:105850001800c4af1800c48ff719400f00000000f3
:105860000000000025e8c0031400bf8f1000be8fa9
:105870001800bd270800e00300000000f8ffbd2766
:105880000400beaf25f0a003251080002518a0005d
:105890000800c2a3251060000c00c2a70800c29334
:1058a0001000422c0c004010000000000800c393c0
:1058b000019d023c8018030020a3422421106200b5
:1058c0000000428c04004010000000000c00c29751
:1058d0000400401400000000ffff02240900001033
:1058e000000000000800c39300a0023c4018030021
:1058f000dc054224211062000c00c397000043a481
:105900002510000025e8c0030400be8f0800bd2755
:105910000800e00300000000f8ffbd270400beaf50
:1059200025f0a003251080000800c2a30800c29340
:105930001000422c09004010000000000800c39332
:1059400000a0023c40180300dc0542242110620044
:10595000000042940400401400000000ffff0224f5
:105960000c000010000000000800c393019d023ce1
:105970004018030054a44224211062000000439404
:105980003c80829725106200ffff42303c8082a756
:105990002510000025e8c0030400be8f0800bd27c5
:1059a0000800e00300000000f8ffbd270400beafc0
:1059b00025f0a003251080000800c2a30800c293b0
:1059c0001000422c0400401400000000ffff0224dd
:1059d00011000010000000000800c393019d023c6c
:1059e0004018030054a44224211062000000429495
:1059f0002016027c27100200201e027c3c80829729
:105a00002016027c241062002016027cffff423028
:105a10003c8082a72510000025e8c0030400be8f4b
:105a20000800bd270800e00300000000f8ffbd27c4
:105a30000400beaf25f0a003251080002518a000ab
:105a40000800c2a3251060000c00c2a70800c29382
:105a50001000422c0c004010000000000800c3930e
:105a6000019d023c8018030020a342242110620003
:105a70000000428c04004010000000000c00c2979f
:105a80000400401400000000ffff02241300001077
:105a9000000000000800c39300a0023c401803006f
:105aa000dc054224211062000c00c397000043a4cf
:105ab0000800c393019d023c4018030054a44224f3
:105ac00021106200000043943c8082972510620000
:105ad000ffff42303c8082a72510000025e8c0036c
:105ae0000400be8f0800bd270800e003000000008e
:105af000e8ffbd271400bfaf1000beaf25f0a00324
:105b00009a1a400f0000000025e8c0031400bf8f60
:105b10001000be8f1800bd270800e0030000000041
:105b2000e8ffbd271400bfaf1000beaf25f0a003f3
:105b30003c8082974e004010000000003c8082971d
:105b40003e8082a73e80829725204000fa24400fa5
:105b500000000000408082a34080829300a0033cac
:105b600040200200dc0563242118830000006394b8
:105b7000ffff6324ffff643000a0033c40280200c5
:105b8000dc0563242118a300000064a400a0043ce9
:105b900040180200dc0582242110620000004294bb
:105ba000200040140000000003000224448082af63
:105bb00040808293488082a74080829325184000cd
:105bc000019d023c8018030020a3422421106200a2
:105bd0000000428c4480848f4880858f09f8400003
:105be000000000004080829325184000019d023c87
:105bf0004018030054a44224211062000000429483
:105c00002016027c27100200201e027c3c80829716
:105c10002016027c241062002016027cffff423016
:105c20003c8082a74080829325184000019d023c61
:105c30004018030054a44224211062000000429442
:105c40002016027c27100200201e027c3e808297d4
:105c50002016027c241062002016027cffff4230d6
:105c60003e8082a73e808297b6ff4014000000006d
:105c70000000000025e8c0031400bf8f1000be8f95
:105c80001800bd270800e003000000002540c00008
:105c9000251080009400e0142518a0002b30a600e9
:105ca0003200c010203006710600c010232006000c
:105cb000062082000418c5000440c800251883008f
:105cc0000410c200022c08001b006500f401a000b3
:105cd000ffff0731024c02001220000010180000e4
:105ce00002208770001c0300251869002b486400ff
:105cf0000800205123186400211868002b48680010
:105d0000030020152b48640001002055211868006d
:105d1000231864001b006500f401a000ffff42305f
:105d2000122000001018000002208770001c0300e1
:105d3000251062002b184400090060502310440015
:105d4000211048002b18480005006054231044001f
:105d50002b18440001006054211048002310440017
:105d60000610c2000800e00325180000040000151a
:105d7000010003241b006800f40100011240000030
:105d8000203006712900c014200003242328a80015
:105d9000022408001b00a400f4018000ffff07316b
:105da000024c020012180000102800000218677050
:105db000002c05002528a9002b48a300080020512d
:105dc0002328a3002128a8002b48a80003002015a1
:105dd0002b48a300010020552128a8002328a30058
:105de0001b00a400f4018000ffff423012180000e5
:105df0001028000002186770002c05002510a20072
:105e00002b204300d6ff8050231043002110480070
:105e10002b204800030080142b20430001008054f5
:105e200021104800ceff0010231043002318660005
:105e30000438c5000440c800061064000628650048
:105e400025104700023c08001b00a700f401e000f9
:105e5000ffff093102540200121800001028000050
:105e600002186970002c05002528aa002b50a300f9
:105e7000080040512328a3002128a8002b50a80087
:105e8000030040152b50a300010040552128a80015
:105e90002328a3001b00a700f401e000ffff42300d
:105ea000121800001028000002186970002c05006c
:105eb0002528a2002b10a300090040100410c400e4
:105ec0002128a8002b10a800050040140410c400cd
:105ed0002b10a300010040542128a8000410c40086
:105ee000abff00102328a3002b40a7005c00001587
:105ef0002040e8700b000055200002242b40e500f4
:105f0000030000152b40860055000015000000001e
:105f1000231086002338a7002b1882000800e00316
:105f20002318e30023104800061846000438070130
:105f3000253867000264070004180501062845009b
:105f40001b00ac00f4018001ffffea30065844005a
:105f500025586301021c0b0012700000102800007d
:105f600002684e71002c05002518a3002b286d0037
:105f70000a00a0102548c001211867002b286700df
:105f80000600a014ffffc9252b286d000400a050b7
:105f900023186d00feffc9252118670023186d0026
:105fa0001b006c00f4018001ffff6b311228000020
:105fb0001018000002504571001c030025186b00ea
:105fc0002b606a000a0080112558a0002118670084
:105fd0002b60670006008015ffffab242b606a0072
:105fe00004008051004c0900feffab24211867001b
:105ff000004c090025482b01042806011900250141
:1060000023186a0010580000125000002b606b002b
:106010000420040125486001050080152530400159
:1060200007006b142b608a00060080112330860065
:1060300023304501233867012b5046012348ea00ed
:10604000233086002b208600231869002318640063
:10605000041043000630060125104600061803010f
:106060000800e003000000002540c0002548e000d3
:10607000255080009300e0142518a0002b10a600e6
:10608000350040102010c27006004010232002008e
:1060900006208a00041845000440460025188300a5
:1060a00004504a00022c08001b006500f401a00007
:1060b000ffff043102140a0012380000101800001b
:1060c00002308770001c0300251862002b58660000
:1060d0000a0060112510e000211868002b586800a4
:1060e00006006015ffffe2242b5866000400605193
:1060f00023186600feffe2242118680023186600ba
:106100001b006500f401a000ffff4a3112300000bf
:106110001018000002208670001c030025186a0079
:106120002b3864000800e0102528c0002118030166
:106130002b40680004000015ffffc5242b206400dd
:1061400001008054feffc524001402002510450004
:106150000800e003251820010400c01401000224f7
:106160001b004600f401c0001240000020380771f7
:106170001e00e054200002242328a8000100092466
:10618000021c08001b00a300f4016000ffff0431a3
:1061900002140a0012380000102800000230877034
:1061a000002c05002528a2002b58a6000a0060112b
:1061b0002510e0002128a8002b58a8000600601533
:1061c000ffffe2242b58a600040060512328a600fc
:1061d000feffe2242128a8002328a6001b00a3001c
:1061e000f4016000c9ff0010ffff4a31231047008f
:1061f0000440e8000418e5000254080006284500a1
:106200001b00aa00f4014001063044002530c30001
:10621000ffff0331024c0600125800001028000056
:1062200002106b70002c05002528a9002b60a2002d
:106230000a008011254860012128a8002b60a800d1
:1062400006008015ffff69252b60a2000400805125
:106250002328a200feff69252128a8002328a200e8
:106260001b00aa00f4014001ffffc63012500000dd
:106270001028000002106a70002c05002528a600d6
:106280002b30a2000a00c010251840012128a800c8
:106290002b30a8000600c014ffff43252b30a200be
:1062a0000400c050004c0900feff43252128a8002f
:1062b000004c09000450e4002328a200b0ff0010a5
:1062c000254823012b18a70025480000a0ff6014d3
:1062d000251000002040e87007000055200002242f
:1062e0002b38e5009affe014010002242b108600f1
:1062f00097ff00100100423823104800061846009e
:106300000438070125386700025c070004180501fe
:10631000062845001b00ab00f4016001ffffe930d7
:10632000065044002550430102140a001268000080
:106330001028000002602d71001c05002518620065
:106340002b286c000a00a0102510a001211867005e
:106350002b2867000600a014ffffa2252b286c0045
:106360000400a05023186c00feffa225211867002e
:1063700023186c001b006b00f4016001ffff4a3121
:10638000125800001018000002282b71001c030096
:1063900025186a002b5065000a004011254860014d
:1063a000211867002b50670006004015ffff692584
:1063b0002b5065000400405100140200feff6925c7
:1063c000211867000014020025104900043006015e
:1063d0001900c20023186500103800002b48670020
:1063e000070020151230000059ff671425480000ef
:1063f000042004012b20860055ff801000000000bf
:10640000ffff422452ff001025480000f0ffbd2787
:106410000c00beaf25f0a0031000c4af2510a000f3
:106420001400c2a31000c28f0000c2af1400c293b8
:10643000ffff4224ff0043300000c28f000043a052
:106440000000c28f010040a00000c28f020040a0e7
:106450000000c28f0000429025e8c0030c00be8ff0
:106460001000bd270800e00300000000f0ffbd277a
:106470000c00bfaf0800beaf25f0a0031000c4aff2
:106480001400c5af1800c6af1000c28f0000c2af25
:106490000000c28f020043900000c28f00004290b3
:1064a0002b106200210040100000000000606241db
:1064b000c0000000000000000000c28f01004290f8
:1064c000251840000000c28f020042902110620097
:1064d0000000c38f000063901a004300f4016000c5
:1064e0001010000001004224c01002001000c38ff1
:1064f000211062001400c48f1800c38f000044ac48
:10650000040043ac0000c28f02004290010042240c
:10651000ff0043300000c28f020043a020606241b0
:1065200001000224020000100000000025100000fd
:1065300025e8c0030c00bf8f0800be8f1000bd27e8
:106540000800e00300000000f0ffbd270c00bfaf13
:106550000800beaf25f0a0031000c4af1400c5af03
:106560001800c6af1000c28f0000c2af0000c28f7b
:10657000020043900000c28f000042902b10620086
:106580002a0040100000000000606241c0000000ce
:10659000000000000000c28f02004290010042246f
:1065a000ff0043300000c28f020043a00000c28ff2
:1065b0000100429009004014000000000000c28f5a
:1065c00000004290ffff4224ff0043300000c28fd2
:1065d000010043a007000010000000000000c28f6f
:1065e00001004290ffff4224ff0043300000c28fb1
:1065f000010043a00000c28f01004290010042242c
:10660000c01002001000c38f211062001400c48f5c
:106610001800c38f000044ac040043ac206062410a
:1066200001000224020000100000000025100000fc
:1066300025e8c0030c00bf8f0800be8f1000bd27e7
:106640000800e00300000000f0ffbd270c00bfaf12
:106650000800beaf25f0a0031000c4af1400c5af02
:106660001000c28f0400c2af0400c28f020042902b
:10667000320040100000000000606241c0000000d5
:10668000000000000400c28f01004290010042247b
:10669000c01002001000c38f211862001400c28fc6
:1066a0000000648c0400638c000044ac040043ac24
:1066b0000400c28f0100429001004224ff004330d9
:1066c0000400c28f010043a00400c28f0100439068
:1066d0000400c28f000042902b1062000b00401497
:1066e000000000000400c28f010043900400c28f2c
:1066f000000042901b006200f401400010100000f6
:10670000ff0043300400c28f010043a00400c28f89
:1067100002004290ffff4224ff0043300400c28f7a
:10672000020043a00400c28f020042900000c2a3f6
:106730002060624106000010000000001400c28fbb
:10674000000040ac1400c28f040040a40000c0a3ad
:106750000000c29325e8c0030c00bf8f0800be8f65
:106760001000bd270800e00300000000f0ffbd2777
:106770000c00beaf25f0a0031000c4af1000c28f04
:106780000000c2af0000c28f020042900100422c04
:10679000ff00423025e8c0030c00be8f1000bd276b
:1067a0000800e00300000000e8ffbd271400bfafb1
:1067b0001000beaf25f0a003c91a400f0000000072
:1067c0000000000025e8c0031400bf8f1000be8f3a
:1067d0001800bd270800e00300000000f0ffbd27ff
:1067e0000c00bfaf0800beaf25f0a0031000c4af7f
:1067f0001000c28f240040100000000000b80340c9
:106800000002023c2510620000b88240c000000077
:106810001000c28f308082af004802400000c2af3b
:106820000000c38f1000c28f211062000058824008
:10683000c000000088bf033c0010628c01000424eb
:106840000463827c001062ac88bf033c9010628cb1
:10685000030004248420827c901062ac88bf033c37
:106860003010628c0400027c301062ac88bf033ca4
:106870006010628c010004240400827c601062ac11
:1068800020606241000000000000000025e8c00315
:106890000c00bf8f0800be8f1000bd270800e0036a
:1068a0000000000000e85d4100701b4002601a40db
:1068b000d0ffbd272c00bbaf00601b402400baaf47
:1068c0002800bbaf44781b7c000c7b3700609b40ea
:1068d0000800a3af0400a2af2400a38f0f00633011
:1068e00004006014000000001400bfaf1000beaf31
:1068f0000c00a4af00000000121000001c00a2afaa
:10690000101800001800a3af25f0a00388bf023cb8
:1069100001000324341043ac00606241c000000059
:1069200000000000004803400058024023106200ad
:10693000348082af3080828ff4ff43243480828f92
:106940002b1043000a0040100000000000580340d4
:106950003080828f2110620000588240c000000009
:1069600001000224388082a31600001000000000fd
:106970003080828f421802003480828f211862009a
:106980003080828f1b006200f40140001010000074
:1069900012100000ff00423001004224ff0042308c
:1069a000388082a30058034038808293252040001d
:1069b0003080828f02108270211062000058824065
:1069c000c0000000206062412c808293ff004330b1
:1069d0003880829321106200ff0042302c8082a315
:1069e00038808293251840002e808297ffff423026
:1069f00021106200ffff42302e8082a700000000bd
:106a000025e8c0031c00a28f130040001800a38fcc
:106a1000110060002400a28f0f00423006004014d5
:106a2000000000001400bf8f1000be8f0c00a48f68
:106a30000800a38f0400a28f0000000000606041e6
:106a4000c00000002c00ba8f2800bb8f00709a4055
:106a50002400ba8f3000bd2702609a4000e8dd4173
:106a600000609b4018000042f8ffbd270400beaf45
:106a700025f0a0032e808297ffff423025e8c00357
:106a80000400be8f0800bd270800e00300000000de
:106a9000e8ffbd271400bfaf1000beaf25f0a00374
:106aa0000800001000000000c816400f00000000a1
:106ab0002c808293ff004230ffff4224ff004230cf
:106ac0002c8082a32c808293ff004230f6ff40147a
:106ad000000000000100022425e8c0031400bf8f5d
:106ae0001000be8f1800bd270800e0030000000062
:106af000e8ffbd271400bfaf1000beaf25f0a00314
:106b0000c91a400f000000000000000025e8c00383
:106b10001400bf8f1000be8f1800bd270800e003cf
:106b200000000000e8ffbd271400bfaf1000beaf9b
:106b300025f0a00388bf023c0061428c8439027cae
:106b40002518400088bf023c006143ac88bf033c6d
:106b50003061629401000424c439827c306162a4f3
:106b600088bf033c10616294c439027c106162a446
:106b700088bf033c10616294010004248431827c4c
:106b8000106162a481bf023c0100032448fb43acb6
:106b900081bf023c0100032450fa43ac80bf033c98
:106ba00000606294c47b027c006062a480bf033cee
:106bb0000060629401000424c418827c006062a416
:106bc00080bf023c106040ac80bf023c2a0003241e
:106bd000406043ac010002241c8082af80bf033cb4
:106be0001060628c010004248452827c106062accc
:106bf00080bf033c1060628c010004240463827c2b
:106c0000106062ac80bf033c006062940100042409
:106c1000c47b827c006062a40004052400a0023cc6
:106c2000540144240214400f000000004c8082af45
:106c30000000000025e8c0031400bf8f1000be8fc5
:106c40001800bd270800e00300000000f8ffbd2782
:106c50000400beaf25f0a0030000000080bf023c8e
:106c60001060428c0000427cff004230fbff40106d
:106c70000000000080bf023c1060428c4000427c5b
:106c8000ff004230050040100000000080bf033cc0
:106c90001060628c4408027c106062ac80bf023cd1
:106ca0003060428cff00423025e8c0030400be8ff4
:106cb0000800bd270800e00300000000e8ffbd2732
:106cc0001400bfaf1000beaf25f0a0032510800058
:106cd0001800c2a34c80828f1800c393252860003f
:106ce000252040006914400f000000000000000053
:106cf00025e8c0031400bf8f1000be8f1800bd2709
:106d00000800e00300000000f8ffbd270400beaf4c
:106d100025f0a00380bf023c1060428c8000427cc2
:106d2000ff004230060040100000000080bf023c1f
:106d30003060428c251000000700001000000000a9
:106d400080bf023c1060428c0000427cff00423059
:106d50002b100200ff00423025e8c0030400be8f64
:106d60000800bd270800e00300000000e8ffbd2781
:106d70001400bfaf1000beaf25f0a00325108000a7
:106d80001800c2a34c80828f1800c393252860008e
:106d9000252040006914400f0000000000000000a2
:106da00025e8c0031400bf8f1000be8f1800bd2758
:106db0000800e00300000000e0ffbd271c00bfaf9b
:106dc0001800beaf25f0a0030b000010000000006b
:106dd0004c80828f1000c3272528600025204000aa
:106de000a314400f000000001000c29325184000bb
:106df00080bf023c206043ac4c80828f2520400045
:106e0000c514400f0000000001004238ff0042306e
:106e1000070040100000000080bf023c1060428c60
:106e20004002427cff004230e9ff401000000000b9
:106e30000000000025e8c0031c00bf8f1800be8fb3
:106e40002000bd270800e00300000000e0ffbd2790
:106e50001c00bfaf1800beaf25f0a0032000c4afd8
:106e60002400c5af2800c6af2c00c7af2c00c28fce
:106e70001000a2af2400c78f2000c68f2800c58f46
:106e8000019d023c84a444245811400f00000000de
:106e90006e1b400f00000000fdff0010000000000e
:020000040000fa
:020000041d00dd
:106ea0004050050042550a00c04a0500427d0400da
:106eb00025482f01c042040000800e3c25482e01c9
:106ec00040680700426d0d00c0620700427d060069
:106ed00025608f01c05a060025608e012628a70074
:106ee0002428ae00ffff4f25fe07e12d48002010ab
:106ef00000000000ffffaf25fe07e12d730020100a
:106f00000000000002fcaf2521504f0119002c01a8
:106f1000123800001070000019000b011220000050
:106f20001030000019002b011258000010680000fa
:106f30002130cb002b78cb002138ed002138ef0039
:106f40000200ed10000000002b78ed002170cf0151
:106f500019000c0112400000104800002130c80048
:106f60002b78c8002138e9002138ef000200e91031
:106f7000000000002b78e9002170cf012578860001
:106f80000200e011000000000100e73425480e0077
:106f90002540070006002005000000002a780001b7
:106fa000214008012148290121482f01ffff4a25de
:106fb000ffff4f25fe07e12d7100201000000000ab
:106fc0000004082500040f2d21482f012b782f01e4
:106fd00021504f01c27a08000100ef3123400f0118
:106fe000c2220800407d090025208f00407809005a
:106ff000027b0f002528af00007d0a002528af0086
:1070000025100400251805000800e003000000001a
:107010002a780001214008012148290121482f0137
:107020001e00401500000000257828011600e01120
:1070300000000000090020150000000004000015f9
:107040000000000000000a24aaff00100000000059
:107050002548000100000824e0ff4a2520702e7119
:10706000a4ffc0110000000023504e0122380e0082
:107070000638e8000440c8010448c9012548270132
:107080009cff001000000000ff0701243800a11140
:1070900000000000daff0010000000002578280141
:1070a0003300e015000000000500a01500000000fe
:1070b00040780c002578eb012d00e0110000000065
:1070c000ff0701242500a115000000002a786001b7
:1070d00021586b0121608c0121608f011c00a015db
:1070e0000000000025788b011600e0110000000070
:1070f0000900801500000000040060150000000079
:1071000000000d247fff00100000000025606001da
:1071100000000b24e0ffad252030867179ffc01000
:10712000000000002368a601227006000670cb0153
:107130000458cb000460cc0025608e0171ff001064
:107140000000000000000424adff0010000000005b
:1071500025788b010600e01500000000f07f013c5f
:107160002528a10000000424a5ff00100000000055
:10717000f8ff053c00000424a1ff001000000000ff
:10718000f6ff401d0000000001000e242370ca011c
:107190002000c12d0900201400000000e0ffce21d6
:1071a0002b300800254026010f00091000000000c8
:1071b00000000934f6ff0010000000000a00c011b2
:1071c0000000000022380e000430e8000438e90016
:1071d0000640c8010648c9012540e8000200c01069
:1071e00000000000020008350004082500040f2def
:1071f00021482f01c257090076ff0010000000004f
:04720000000000008a
:020000040000fa
:020000041d00dd
:107204000080013c2628a100c24d0400ff00293162
:10721400c25d0500ff006b310080073c00420400a2
:10722400254007010052050025504701ffff2d2589
:10723400fe00a12d6900201000000000ffff6d2555
:10724400fe00a12d800020100000000023602b010f
:107254000f00800500000000200081290400201494
:107264000000000002000a241700001000000000c3
:1072740025300a0006508a0104688a011200a6110a
:107284000000000002004a350f000010000000005a
:1072940025480b0023600c002000812904002014e1
:1072a4000000000002000824070000100000000095
:1072b4002530080006408801046888010200a611f0
:1072c400000000000200083524608700266885015c
:1072d4001100a0050000000021400a012b680a01ea
:1072e4001a00a0110000000001000d310200a011dd
:1072f4000000000002000835424008000100292572
:10730400ff000124110021150000000000000824e2
:107314000e000010000000002b680a0123400a013f
:107324000500a0110000000023400800266087012a
:1073340003000010000000005600001100000000cf
:1073440020300671234826010440c8000e0020198d
:10735400000000008000082580000d2d21482d012b
:10736400026a08000100ad3123400d0140400800cd
:1073740042420800c06d090025400d0125100c0192
:107384000800e00300000000010006242330c900c7
:107394002000c12c3f002010000000000080013cb0
:1073a4002540010120000d242368a6010448a801fa
:1073b4000640c8000200201100000000010008354a
:1073c4000000092480000d25e2ffa1050000000053
:1073d40001000924dfff0010000000000f00201549
:1073e4000000000021400801060000110000000018
:1073f40020600c7123482c01044088018fff001089
:1074040000000000ff0001240f00611100000000d3
:107414000080013c1900a11400000000216808014b
:107424001f00a01500000000ff00012416006115d4
:1074340000000000266885001900a0050000000077
:107444000e0000100000000009006015000000009c
:1074540021504a010c0040110000000020604c71d2
:1074640023586c0104508a0178ff001000000000ca
:1074740021684a010a00a01500000000251005003b
:10748400bfff00100000000025100400bcff001026
:107494000000000000000224b9ff001000000000fa
:1074a400c0ff023cb6ff0010000000000000000016
:020000040000fa
:020000041d00dd
:1074b40000800b3cc2450400ff000831c2550500a2
:1074c400ff004a31003a04002538eb00004a050069
:1074d40025482b012670850024586e01ffff0e25d8
:1074e400fe00c12d4200201000000000ffff4e25c9
:1074f400fe00c12d57002010000000002b08e900f9
:107504000300201400000000423807000100082591
:1075140082630900f40180011b00ec0012200000ca
:1075240010300000ff3f2d311900a4011228000083
:10753400803306002b70c5002330c5000400c01141
:1075440000000000ffff84242130c9002b70c90013
:10755400f40180011b00cc00123800001030000040
:107564001900a70112280000803306002b70c50003
:107574002330c5000400c01100000000ffffe72411
:107584002130c9002b70c900807304002138ee003b
:10759400003907000200c010000000000100e734b9
:1075a4007e000e242370ca0121400e01ffff0e2528
:1075b400fe00c12d37002010000000008000e724e9
:1075c4008000ee2c21400e01027207000100ce3132
:1075d4002338ee0040380700423a0700c07508001f
:1075e4002538ee002510eb000800e0030000000041
:1075f40009000015000000002138e7000600e01033
:10760400000000002060ec7023400c010438870166
:10761400b6ff001000000000040048150000000040
:10762400217029013400c01100000000ff00012472
:1076340008004111000000001300001100000000c8
:107644002170e7002c00c015000000002600001087
:107654000000000009004015000000002148290135
:10766400210020110000000020602c7123504c01e7
:1076740004488901a1ff00100000000021702901c5
:107684001d00c0150000000025100b00d6ff0010df
:10769400000000001400001d0000000001000c2484
:1076a400236088012000812df7ff201000000000d6
:1076b40020000e242370cc010440c7010638870142
:1076c40002000011000000000200e734000008245a
:1076d4008000ee24b9ffc105000000000100082469
:1076e400b6ff001000000000807f013c25106101fe
:1076f400bdff001000000000c0ff023cbaff0010f4
:0877040000000000000000007d
:020000040000fa
:020000041d00dd
:10770c00540500a08800000000000000100000a03c
:10771c001900000000000000dc0500a020000000a3
:10772c00000000002c0000a0100000000000000071
:10773c00540100a000040000000000003c0000a068
:10774c000400000000000000fc0500a02000000068
:10775c0000000000400000a001000000000000003c
:10776c00440000a00400000000000000380100a04c
:10777c001400000001000000200880bf200880bf1a
:10778c00200880bf200880bf200880bf480000a0d0
:10779c000900000000000000520000a00f000000d3
:1077ac0000000000000000a0040000000100000028
:1077bc00ff00ff001c0600a01a00000000000000e3
:1077cc00610000a00700000000000000040000a001
:1077dc000700000001000000008182838485ff0007
:1077ec000c0000a0040000000100000002000000da
:1077fc00380600a00400000000000000680000a093
:10780c006800000001000000700000a0700000a0e3
:10781c000200000003000000000000000000000057
:10782c000000000000000000000000004892009dd5
:10783c0000000000000000000000000094a7009d64
:10784c008ca7009dff00000000000000000000005d
:10785c00000000000000000000000000000000001c
:10786c00000000000000000000000000000000000c
:10787c004c0100a004000000010000006c0000a0fe
:10788c00d00000a06800000001000000d80000a09b
:10789c00d80000a001000000030000000000000060
:1078ac0000000000000000000000000000000000cc
:1078bc004892009d00000000000000000000000045
:1078cc0094a7009dbca7009d0000000000000000d4
:1078dc00000000000000000000000000000000009c
:1078ec00000000000000000000000000000000008c
:1078fc0000000000500100a0040000000100000086
:10790c00d40000a03c0600a0040000000000000011
:10791c000000000066666666666666666666666693
:020000040000fa
:020000041d00dd
:10792c00a8ffbd274800b6af25b0c0000400a68c48
:10793c004400b5af4000b4af3400b1af0000b58c1b
:10794c005400bfaf5000beaf4c00b7af3c00b3af5c
:10795c003800b2af3000b0af25a080002588a00061
:10796c004a00c0042518e0004408157c0800278e46
:10797c001000a9320000d28e0400de8e040020110b
:10798c0025b8e00025105e0201004054fefff724ec
:10799c000800a83201000055fffff7261000308eba
:1079ac000c00338effff102621107002000040a047
:1079bc002528e0020200022a0a00401425105e026b
:1079cc00340040142310d700211045003500401c12
:1079dc00251000000300a0180200a2323100401450
:1079ec00251000000b002011000000000000c28eca
:1079fc000400c48e251044000600401021107002b3
:107a0c00feff1026ffff43a021107002300003245c
:107a1c00000043a00400001120000324ffff1026e7
:107a2c0021107002000043a01000268e2128700245
:107a3c00ffffc6241000b5af2330d000a323400fa6
:107a4c00252080020400838e000163300400601046
:107a5c005400bf8f0400238e2a2043000b106400b7
:107a6c005000be8f4c00b78f4800b68f4400b58fc6
:107a7c004000b48f3c00b38f3800b28f3400b18f0c
:107a8c003000b08f0800e0035800bd27b7ff00108e
:107a9c00010006240f0042320a004a28020040115d
:107aac005700442430004424bfff62241a00422ca7
:107abc0013004010200082349fff42241a00422cf5
:107acc0010004050ffff10266400a3af2800a7afa2
:107adc002400a6af2000a5af1c00a8af9c29400f26
:107aec001800a9af6400a38f2800a78f2400a68fcd
:107afc002000a58f1c00a88f1800a98f25204000fe
:107b0c00ffff102621107002000044a00291120009
:107b1c0000171e00ffffa52425905200a5ff0010a2
:047b2c0002f11e0044
:020000040000fa
:020000041d00dd
:107b300025108500370040102510000001000224a8
:107b400044008210c21f0500ffff02243300821090
:107b50000a00022450008210f6ff02244500821021
:107b6000ffff02243400a004000000004e00a01417
:107b7000203086702000c624f8ffc224423804005a
:107b80002748020020004830042845000638270115
:107b900004104400252040002528e5000b200800a3
:107ba0000b2848003e04022423304600070087309b
:107bb000251080002b00e050c2100400c000427c61
:107bc00003004224212044002b108200212845007c
:107bd0000006a27c23004010c21004000211040021
:107be000003f05000100c6242510e2000221050027
:107bf0000005857c0200a050253000000098847ca0
:107c0000c01a030025186600001d03000800e003e9
:107c1000251864000800e00325180000cdffa454d7
:107c20000a000224c01a0300ff036334001d03008e
:107c30000800e00325100000340080100080023ca2
:107c40002b1004002328050023200400c7ff001088
:107c50002328a200bdffa054ffff0224f2ff001062
:107c6000c01a0300403f05002510e200e0ff0010ad
:107c7000c2200500bbffa21400000000c01a0300d0
:107c8000020463340400043c001d030025100000be
:107c90000800e00325186400b0ffa054f6ff02249a
:107ca000f7ff0010c01a03002030a6700800072458
:107cb0002338e6000600e01c40400500aeffe0145b
:107cc0002510800007008730baff00103604062414
:107cd000274807000610e400042028012000e830af
:107ce0000638e500251082002520e0000a20480023
:107cf0002528e0003e0409240b2808002330260133
:107d000025108000abff001007008730cdffa25484
:107d10002b1004003e04062425100000b7ff0010bd
:047d20001000043c0f
:020000040000fa
:020000041d00dd
:107d2400c23d0400ff00e730c24d0500ff002931c9
:107d340000800a3c003204002530ca0000420500dd
:107d440025400a012660850024504c01ffffec24e5
:107d5400fe00812d2200201000000000ffff2c25d2
:107d6400fe00812d38002010000000001900c8001a
:107d740012580000103000000200601100000000e2
:107d84000100c6340300c0040000000040300600b7
:107d9400ffffe72482ff2c252138ec00ffffec24b1
:107da400fe00812d3f002010000000008000c6244a
:107db4008000cc2c2138ec000262060001008c31da
:107dc4002330cc004030060042320600c065070074
:107dd4002530cc002510ca000800e0030000000094
:107de4000e00e014000000002130c6000600c010a0
:107df400000000002058cb702338eb0004306601eb
:107e0400d6ff001000000000ff0001242200211111
:107e14000000000016000010000000002160c600f1
:107e24001d00801500000000040020150000000063
:107e3400216008011800801100000000ff000124e7
:107e440011002115000000000c00201500000000a6
:107e540021400801060000110000000020580b71a9
:107e640023482b0104406801c0ff001000000000fb
:107e740025100a00d8ff001000000000216008014e
:107e84000500801500000000807f013c25104101a1
:107e9400d1ff001000000000c0ff023cceff001024
:107ea40000000000f8ffe01c0000000001000b24ab
:107eb400235867012000612dedff20100000000011
:107ec40020000c2423608b010438860106306601ef
:107ed4000200e010000000000200c6340000072485
:107ee4008000cc24b1ff81050000000001000724bc
:0c7ef400aeff00100000000000000000c5
:020000040000fa
:020000041d00dd
:107f0000e0ffbd271c00bfaf1800beaf25f0a003e7
:107f10001000c0afea19400f00000000204e0424fa
:107f20009112400f000000001000c2af1000c28f7d
:107f30000400401400000000dd12400f00000000ab
:107f40001000c2af1000c38f050002242b00621086
:107f5000000000001000c28f0600422c35004010c7
:107f6000000000001000c38f01000224070062100f
:107f7000000000001000c38f0300022411006210f3
:107f8000000000002b000010000000001000c0af37
:107f90001000c38f010002243400621000000000b2
:107fa000019d023cac9c472427000624019d023c15
:107fb0002c9c4524019d023c449c4424b728400f3e
:107fc000000000001000c0af1000c38f03000224a7
:107fd0002900621000000000019d023cac9c472477
:107fe0002e000624019d023c2c9c4524019d023c50
:107ff0005c9c4424b728400f000000001000c0af74
:108000001000c38f050002241e0062100000000053
:10801000019d023cac9c472435000624019d023c96
:108020002c9c4524019d023c789c4424b728400f99
:10803000000000001000c0af1000c38f0600022433
:108040001300621000000000019d023cac9c47241c
:108050003c000624019d023c2c9c4524019d023cd1
:10806000909c4424b728400f00000000000000004e
:1080700008000010000000000000000005000010d3
:1080800000000000000000000200001000000000de
:0c80900000000000ffff001000000000d6
:020000040000fa
:020000041d00dd
:10809c00f00002245800a210f100a3282700601061
:1080ac0025100000c00003245300a310c100a32816
:1080bc00220060109100a3281d0060108000a328ee
:1080cc001e00601480ffa5241100a22c4f0040104c
:1080dc0080280500019d023cf880422421104500b7
:1080ec000000428c0800400000000000b081009da0
:1080fc00b081009ddc81009d1882009d5081009d07
:10810c001882009d1882009d1882009d8c81009d14
:10811c001882009d1882009d1882009d1882009d77
:10812c001882009d1882009d1882009ddc81009da4
:10813c00a00003242200a3500000e28c0800e003fe
:10814c00000000000000e28c040043240000428c7c
:10815c000600c0100000e3ac2016027c000082accc
:10816c00c317020004000010040082acffff423071
:10817c00000082ac040080ac0800e0030100022483
:10818c000000e28c040043240000428c0300c01069
:10819c000000e3acf1ff00102014027cf4ff00108f
:1081ac00ff0042300000e38c0000628c040063246a
:1081bc00efffc0100000e3ace9ff0010000082ac40
:1081cc00040043240000e3ace4ff00100000428ce8
:1081dc000000e28c070042240410027c0000488c52
:1081ec000400498c080042240000e2ac000088ac7a
:1081fc00e1ff0010040089ac0000e28c0400432471
:10820c000000e3acdaff00100000428c25100000e7
:08821c000800e003000000006f
:020000040000fa
:020000041d00dd
:108224000d5374617274696e6720436f6d6d756e62
:1082340069636174696f6e536572766963653a2028
:10824400000000004d617920323020323032360097
:1082540032333a34313a333300000000636f6d70c7
:10826400696c6564206174202573206f6e2025730a
:10827400000000000a0d00000d45535f494e4954ab
:1082840020726563656976656420696e20436f6d4d
:108294006d756e69636174696f6e53657276696337
:1082a400652c207072696f726974793a2025640da7
:1082b4000a0000000d436f6d6d756e69636174692a
:1082c4006f6e5365727669636520696e697469615e
:1082d4006c697a6174696f6e20636f6d706c65741c
:1082e400650d0a000d554e50414952494e475f54a1
:1082f400494d4552206578706972656420696e2025
:10830400436f6d6d756e69636174696f6e536572e9
:10831400766963650d0a00000d2052656365697610
:108324006564204d65737361676520627974657354
:108334003a200d0a00000000307825782000000063
:108344000d0a00000d56616c6964206d65737361dc
:10835400676520726563656976656420696e20438c
:108364006f6d6d756e69636174696f6e5365727656
:108374006963652c2050414952454421204164647d
:0d838400726573733a20307825780d0a0079
:020000040000fa
:020000041d00dd
:10839400feff092440500500405807002558640199
:1083a4002558660125504b010400401500000000cb
:1083b40000000224470000100000000040400500b7
:1083c400020080100000000001000825e0ff013ccd
:1083d400010021342b08010141002010000000009d
:1083e400404007000200c010000000000100082502
:1083f400e0ff013c010021342b080101380020106a
:10840400000000001b00a104000000000400e004c0
:1084140000000000ffff02242e00001000000000f6
:108424002b508600232086002b58aa002328aa005c
:108434002b50a70025504b012328a700040040110e
:1084440000000000010002242200001000000000cf
:108454002550a4000400401100000000ffff022486
:108464001c0000100000000000000224190000108d
:10847400000000000400e1040000000001000224e8
:1084840014000010000000002b50860023208600fa
:108494002b58aa002328aa002b50a70025504b01d3
:1084a4002328a7000400401100000000ffff02245d
:1084b40008000010000000002550a4000400401132
:1084c400000000000100022402000010000000006f
:1084d400000002240800e003000000000000000087
:1084e40025100900fbff0010000000000000000040
:020000040000fa
:020000041d00dd
:1084f400feff092440500500405807002558640138
:108504002558660125504b01040040150000000069
:108514000000022447000010000000004040050055
:10852400020080100000000001000825e0ff013c6b
:10853400010021342b08010141002010000000003b
:10854400404007000200c0100000000001000825a0
:10855400e0ff013c010021342b0801013800201008
:10856400000000001b00a104000000000400e0045f
:1085740000000000ffff02242e0000100000000095
:108584002b508600232086002b58aa002328aa00fb
:108594002b50a70025504b012328a70004004011ad
:1085a400000000000100022422000010000000006e
:1085b4002550a4000400401100000000ffff022425
:1085c4001c0000100000000000000224190000102c
:1085d400000000000400e104000000000100022487
:1085e40014000010000000002b5086002320860099
:1085f4002b58aa002328aa002b50a70025504b0172
:108604002328a7000400401100000000ffff0224fb
:1086140008000010000000002550a40004004011d0
:10862400000000000100022402000010000000000d
:10863400000002240800e003000000000000000025
:1086440001000234fbff00100000000000000000e5
:020000040000fa
:020000041d00dd
:108654002518c0000400678cc0ffbd270000a28c51
:108664003800b4afc2a707003400b3af3000b2afd4
:108674002c00b1af2800b0af258880000800b28c70
:108684000400a48c0c00b38c0000c68c3c00bfaf6b
:108694002580a000400080122000a2af2b18060005
:1086a400233807002338e300080080042330060041
:1086b4004408027c050080162000a2af2000a28f8f
:1086c4000400433025006010c000427cffff4226b6
:1086d4002000a3271800a3af0a0003241400a3afab
:1086e4001000a2af3e22400f252000021d00801280
:1086f4002d000324ffff422421206202000083a0f6
:108704001000068e2000a38fffffc6241000a3af25
:10871400253840022330c20021286202a323400fdf
:10872400252020020400238e000163300400601021
:108734003c00bf8f0400038e2a2043000b1064000a
:108744003800b48f3400b38f3000b28f2c00b18f57
:108754002800b08f0800e0034000bd27dcff0010b4
:10876400231042022000a38f0400643004008050d0
:1087740008006330ffff4224dfff00102b000324b6
:10878400dfff601020000424ffff4224211862024e
:10879400dbff0010000064a0c6ff83044408027cd1
:0887a400c7ff00102000a28fa6
:020000040000fa
:020000041d00dd
:1087ac001b5b324a000000000d5374617274696ed9
:1087bc00672044726976696e675365727669636582
:1087cc003a2000004d6179203230203230323600b0
:1087dc0032333a34313a333300000000636f6d703a
:1087ec00696c6564206174202573206f6e2025737d
:1087fc00000000000a0d00000d45535f494e49541e
:10880c0020726563656976656420696e20447269bf
:10881c0076696e67536572766963652c2070726930
:10882c006f726974793a2025640d0a000d45535f07
:10883c004348415247494e47206576656e74207215
:10884c006563656976656420696e20447269766932
:10885c006e67536572766963652c20706172616d09
:10886c003a2025640d0a00000d45535f44524956c9
:10887c0045206576656e74207265636569766564fe
:10888c0020696e2044726976696e675365727669e9
:10889c0063652c205468726f74746c653a2025647f
:1088ac002c20446972656374696f6e3a2025640ddf
:1088bc000a0000000d44757479206379636c65209f
:1088cc00313a2025642c2044757479206379636ccb
:1088dc006520323a2025640d0a0000000000964203
:0c88ec000000c8410000c64200004842e5
:020000040000fa
:020000041d00dd
:1088f8000400828cc0ffbd273400b7af1c00b1afa5
:108908001800b0af5800b78f3c00bfaf3800beaffb
:108918003000b6af2c00b5af2800b4af2400b3af19
:108928002000b2af2580c000020041042588e00085
:10893800010002241000958c5000b68f0c00938c17
:108948000000fe8effffb526234056005400a28f7c
:1089580021187502000060a0010012240200de3315
:10896800c3a702001000a01e251011022b004052c0
:108978000000e38e3c00bf8f2510a0023800be8f98
:108988003400b78f3000b68f2c00b58f2800b48f15
:108998002400b38f2000b28f1c00b18f1800b08f55
:1089a8000800e0034000bd2707004014211016010d
:1089b8000600401c5400a68fecffc01a00000000ff
:1089c800eaffc013000000005400a68f2520000213
:1089d80025282002253880021000a8af2317400f51
:1089e800ffffb5262590400021187502300042246b
:1089f8005400a68f2520000225282002000062a02e
:108a08001a18400f25388002ffffd6261000a88fbd
:108a180025886000d3ff0010258040000421037cd6
:088a2800d4ff00100000e3aed2
:020000040000fa
:020000041d00dd
:108a3000c00002242700a210c100a3282300601058
:108a4000251000009100a3281d0060108000a328bd
:108a50001e00601480ffa5241100a22c3c004010d1
:108a600080280500019d023c7c8a4224211045009b
:108a70000000428c0800400000000000d48a009de5
:108a8000d48a009d2c8b009d508b009df48a009d04
:108a9000508b009d508b009d508b009d108b009d36
:108aa000508b009d508b009d508b009d508b009de6
:108ab000508b009d508b009d508b009d2c8b009dfa
:108ac000a00003240400a3500000e28c0800e0038f
:108ad000000000000000e28c040043240000e3ac2e
:108ae0000000428c000082ac000046ac0800e003ad
:108af000010002240000e28c040043240000e3ace7
:108b00000000428c000082acf8ff0010000046a478
:108b10000000e28c040043240000e3ac0000428c1f
:108b2000000082acf1ff0010000046a00000e28cc3
:108b3000040043240000e3ac0000428c000082ac3f
:108b4000000046acc3370600e8ff0010040046ac46
:0c8b5000251000000800e00300000000f9
:020000040000fa
:020000041d00dd
:108b5c000080013c2430a10040380500423d070054
:108b6c00ff0701242c00e11000000000330409244d
:108b7c00233827013500e12c0b00201400000000e5
:108b8c002100e004000000002f00c01000000000d5
:108b9c00404805002548240127002015000000004e
:108bac0029000010000000000500c01000000000ab
:108bbc002b48040023200400232805002328a900a7
:108bcc001f00e9300100082404402801234008005c
:108bdc002000e12c050020140000000000000424fb
:108bec002428a800020000100000000024208800a7
:108bfc000500c010000000002b48040023200400d6
:108c0c00232805002328a900251004002518050099
:108c1c000800e003000000000f00013cffff2134be
:108c2c002448a100254824010b0020150000000059
:108c3c00f5ff001000000000f0bf053c000004240c
:108c4c00f1ff00100000000025280600000004249d
:108c5c00edff001000000000f8ff053c00000424ac
:088c6c00e9ff00100000000008
:020000040000fa
:020000041d00dd
:108c7400c03a0500425d04002538eb00c032040010
:108c84000080013c2538e1000080013c2448a1001b
:108c9400404005004245080080fc0825ffff0b25e5
:108ca400fe00612d12002010000000000200c01020
:108cb400000000000100e7348000e7248000eb2c72
:108cc40021400b01025a070001006b312338eb00ed
:108cd40040380700423a0700c05d08002538eb0021
:108ce4002510e9000800e003000000000000000077
:108cf4007f0401240800011500000000405807000b
:108d0400255866010400601100000000c0ff023c09
:108d1400f4ff001000000000ff00012905002014ea
:108d240000000000807f013c25102101edff0010b0
:108d34000000000001000a24235048012000412db6
:108d4400040020140000000025100900e5ff0010b5
:108d54000000000020000c2423608a0104588701cd
:108d64002530cb0006384701000008240080013c70
:108d74002538e100cdff00100000000000000000d5
:020000040000fa
:020000041d00dd
:108d8400003080bf003280bf003480bf003680bf17
:108d9400003880bf203080bf203280bf203480bfa5
:108da400203680bf203880bf103080bf103280bf93
:108db400103480bf103680bf103880bf0000000020
:108dc40008000000090000000c000000140000006e
:108dd40001000000060000000a0000000d00000071
:108de4001000000003000000050000000e00000059
:108df4000f00000013000000020000000400000047
:108e0400070000000b000000120000000200000038
:108e140004000000070000000b0000001200000026
:108e240000fb80bf04fb80bf08fb80bf0cfb80bf3e
:108e340010fb80bf2cfb80bf30fb80bf34fb80bfa6
:108e440038fb80bf3cfb80bf40fb80bf44fb80bf3e
:108e540048fb80bf4cfb80bf50fb80bf54fb80bfee
:108e640058fb80bf5cfb80bf60fb80bf64fb80bf9e
:108e740068fb80bf0500000005000000050000003d
:088e84000500000006000000db
:020000040000fa
:020000041d00dd
:108e8c00c0ffbd273000b4af5000b48f3400b5af75
:108e9c00010094322c00b3af2800b2af2400b1af64
:108eac002000b0af3c00bfaf3800b6af25908000bb
:108ebc002598a0002580c0002588e00003008016be
:108ecc002ba8c7001300a05623a83002253000029f
:108edc0025286002e926400f252040020d00a0162f
:108eec0023a83002258800023c00bf8f25102002e9
:108efc003800b68f3400b58f3000b48f2c00b38f90
:108f0c002800b28f2400b18f2000b08f0800e0033e
:108f1c004000bd271100a22e100006240b30a20227
:108f2c00200005241000a4275829400f25b0a002ca
:108f3c001000c22e0b0040100f00a6321000a52707
:108f4c00e926400f25204002e7ff8016253000025d
:108f5c0025286002e926400f25204002e3ff00107f
:108f6c003c00bf8f100006241000a527e926400ff7
:0c8f7c0025204002eeff0010f0ffd6267a
:020000040000fa
:020000041d00dd
:108f88000000a28c0400a38cc0ffbd273800b3af3b
:108f98003400b2af3000b1af2c00b0af0800b38cd2
:108fa8000c00b28c3c00bfaf258880002580a00053
:108fb800030060042000a2af4408027c2000a2af96
:108fc8002000a2271800a2af080002241400a2afb4
:108fd8001000b3af0400c78c0000c68c3e22400fbf
:108fe800252000022000a38f1000633004006010c9
:108ff80030000424ffff422421184202000064a02c
:109008002000a38f080063300400601020000424af
:10901800ffff422421184202000064a01000068ebf
:109028002000a38fffffc6241000a3af25386002dd
:109038002330c20021284202a323400f252020020a
:109048000400238e00016330040060103c00bf8fd1
:109058000400038e2a2043000b1064003800b38fed
:109068003400b28f3000b18f2c00b08f0800e003bd
:049078004000bd27d0
:020000040000fa
:020000041d00dd
:10907c00e0ffbd271400b1af2588c0000004c6284e
:10908c001c00bfaf1800b2af1f00c0141000b0af6f
:10909c00019d123ce89e468eec9e478ea81b400f0d
:1090ac0001fc30260004042a09008014e89e468e38
:1090bc00ec9e478e2520400025286000a81b400f01
:1090cc0002f830260004052aff0304240a808500d8
:1090dc00ff031026002d1000254000002538a000ad
:1090ec002530000125204000a81b400f25286000da
:1090fc001c00bf8f1800b28f1400b18f1000b08ffe
:10910c000800e0032000bd2702fc262a2510800061
:10911c002518a000eeffc01025802002019d123cf6
:10912c00f09e468ef49e478ea81b400fc903302636
:10913c0002fc052ae6ffa010f09e468ef49e478e98
:10914c002528600092073026a81b400f25204000e0
:10915c0002fc062a02fc0524ddff00100b80a60091
:020000040000fa
:020000041d00dd
:10916c00a8ffbd270400a1af0800a2af0c00a3af5d
:10917c001000a4af1400a5af1800a6af1c00a7af39
:10918c002000a8af2400a9af2800aaaf2c00abafd9
:10919c003000acaf3400adaf3800aeaf3c00afaf79
:1091ac004000b8af4400b9af4800bfaf1240000058
:1091bc004c00a8af104000005000a8af019d1a3c15
:1091cc0008a25a2700000000006804400060054017
:1091dc0009f84003000000005000a88f11000001a6
:1091ec004c00a88f130000010400a18f0800a28f6f
:1091fc000c00a38f1000a48f1400a58f1800a68f4d
:10920c001c00a78f2000a88f2400a98f2800aa8fec
:10921c002c00ab8f3000ac8f3400ad8f3800ae8f8c
:10922c003c00af8f4000b88f4400b98f4800bf8f0f
:0c923c005800bd27c000000018000042d0
:020000040000fa
:020000041d00dd
:1092480009008014251000000800e0030000000059
:10925800251000001c00bf8f1800b18f1400b08fbc
:109268000800e0032000bd270400828ce0ffbd2732
:10927800200042301800b1af1400b0af1c00bfafdf
:1092880025808000090040102588a0001400828ce9
:109298001800838c2b106200150040542c00828c1f
:1092a800280000ae180000ae140000ae3c00058e89
:1092b8004000028e2b18a200040060100100062452
:1092c8000000048ef929400f2328a200400000aeb8
:1092d800dfff20123c0000ae0000048e1c00bf8f90
:1092e8001800b18f1400b08ffb29400b2000bd2758
:1092f8002530000009f84000252800001400028edf
:10930800e7ff4014ffff0224d3ff00101c00bf8fab
:020000040000fa
:020000041d00dd
:10931800e0ffbd271c00bfaf1800b2af1400b1af0b
:109328001a00a0101000b0af1800c0100300842c61
:10933800080080142588c0001c00bf8f251020025b
:109348001800b28f1400b18f1000b08f0800e0032e
:109358002000bd270000023c0000422413004010fa
:109368002580a000252000020000000c2528c00050
:109378001c00bf8f251020021800b28f1400b18f77
:109388001000b08f0800e0032000bd271c00bf8f2d
:1093980025880000251020021800b28f1400b18f14
:1093a8001000b08f0800e0032000bd272190a60020
:1093b800000004825b1b400f01001026fdff1256bf
:1093c800000004821c00bf8f251020021800b28ff5
:1093d8001400b18f1000b08f0800e0032000bd27f3
:020000040000fa
:020000041d00dd
:1093e800f0ffbd270c00beaf25f0a00325108000bc
:1093f8001000c2a780ff02240100c2a303000224b8
:109408000000c2a31e000010000000001000c29758
:109418000000c39380180300ff0063300710620048
:10942800ff0042300f0042300200c2a30200c29384
:109438000e004010000000000200c293ffff43240a
:10944800019d023c74a44224211062000000439054
:109458000000c29380100200ff0042302110620019
:109468000100c2a309000010000000000000c28330
:10947800ff004230ffff4224ff0042300000c2a339
:109488000000c283e1ff4104000000000100c29314
:1094980025e8c0030c00be8f1000bd270800e003bc
:0494a80000000000c0
:020000040000fa
:020000041d00dd
:1094ac000000a28c0400a38cc0ffbd273800b3af12
:1094bc003400b2af3000b1af2c00b0af0800b28caa
:1094cc000c00b38c3c00bfaf258880002580a00029
:1094dc00030060042000a2af4408027c2000a2af6d
:1094ec002000a2271800a2af0a0002241400a2af89
:1094fc001000b2af0400c78c0000c68c3e22400f97
:10950c00252000021000068e2000a38fffffc6242a
:10951c001000a3af253840022330c200212862027c
:10952c00a323400f252020020400238e000163306a
:10953c00040060103c00bf8f0400038e2a204300ff
:10954c000b1064003800b38f3400b28f3000b18f31
:0c955c002c00b08f0800e0034000bd2789
:020000040000fa
:020000041d00dd
:10956800feff082440300400403805002548c700a5
:109578001f0020110000000000ff013c0100213401
:109588002b08c1001e0020100000000000ff013c55
:10959800010021342b08e100190020100000000010
:1095a800423006000200810400000000233006005b
:1095b800423807000200a104000000002338070019
:1095c8002a08c7000400201000000000ffff022442
:1095d80008000010000000002a08e600040020101f
:1095e800000000000100022402000010000000003a
:1095f800000002240800e003000000000000000052
:1096080025100800fbff001000000000000000000b
:020000040000fa
:020000041d00dd
:10961800feff082440300400403805002548c700f4
:109628001f0020110000000000ff013c0100213450
:109638002b08c1001e0020100000000000ff013ca4
:10964800010021342b08e10019002010000000005f
:1096580042300600020081040000000023300600aa
:10966800423807000200a104000000002338070068
:109678002a08c7000400201000000000ffff022491
:1096880008000010000000002a08e600040020106e
:109698000000000001000224020000100000000089
:1096a800000002240800e0030000000000000000a1
:1096b80001000234fbff0010000000000000000061
:020000040000fa
:020000041d00dd
:1096c800c23d0400ff00e7300080013c24308100e7
:1096d800ffffe924fe00212d0d00201000000000ee
:1096e8008003e724404a0400024b09002530c900e2
:1096f800402f0400004d07002530c9002510050043
:10970800251806000800e003000000000000000023
:109718000000052421208400f6ff801000000000ce
:109728000900e01400000000ffffe7242120840066
:109738008000013c2b088100fbff20140000000082
:10974800e7ff001000000000ff07072400ff013cae
:10975800010021342b088100e6ff201400000000de
:10976800f8ff063ce3ff00100000000000000000c6
:020000040000fa
:020000041d00dd
:1097780003008014251000000800e003000000002a
:109788000400828ce0ffbd27200042301800b1aff2
:109798001400b0af1c00bfaf258080000b00401440
:1097a8002588a000280000ae180000ae140020167e
:1097b800140000ae251000001c00bf8f1800b18fe8
:1097c8001400b08f0800e0032000bd271400828c2d
:1097d8001800838c2b106200f2ff40102530000027
:1097e8002c00828c09f84000252800001400028e05
:1097f800ecff4014ffff0224f0ff00101c00bf8f95
:109808000000048e1c00bf8f1800b18f1400b08fa9
:08981800fb29400b2000bd27d5
:020000040000fa
:020000041d00dd
:10982000756c023cc8ffbd27286e42242000b0aff3
:109830001800a2af2580c0006c2902242400b1af1b
:109840003400bfaf3000b4af2c00b3af2800b2afcc
:10985000258880002530e0001c00a2a70200001629
:109860001e00a0a31800b0270400b28c0800b38c1f
:109870000400c0140000b48c4329400f25200002ce
:1098800025304000020040062b1046020b304202f9
:109890001000b4af2538600225280002a323400f32
:1098a000252020023400bf8f3000b48f2c00b38fee
:1098b0002800b28f2400b18f2000b08f0800e00391
:0498c0003800bd2788
:020000040000fa
:020000041d00dd
:1098c400e0ffbd270055e57c1800b1af1400b0af30
:1098d4001c00bfaf258080002510c0002518e000c3
:1098e4000c00a014028d0700019d023c2548c00015
:1098f400cc9e478cc89e468c25202001a81b400f77
:10990400252860000055647c0200801000080524ae
:10991400c1ff8524c2270200401803004010020042
:1099240025188300000002ae1c00bf8f00a0637cda
:109934002000023c2510430000083132ccfba52452
:10994400040002ae0c0011ae251000021800b18f05
:10995400080005ae1400b08f0800e0032000bd2706
:020000040000fa
:020000041d00dd
:10996400c03a0500425504002538ea000080013c55
:109974002538e1004050050042550a001e04062423
:109984002330ca000d00c018000000002000c12cc4
:109994000200201400000000000007340638c7004d
:1099a4000200a1040000000023380700251007006e
:1099b4000800e00300000000000000000200801026
:1099c400000000000100a534f07f013c01002134b7
:1099d4002b08a10004002014000000000080023cb9
:1099e400f3ff001000000000ff7f023cffff423441
:0c99f400efff0010000000000000000069
:020000040000fa
:020000041d00dd
:109a0000e0ffbd271c00bfaf1800beaf25f0a003cc
:109a10001000c0a30a00001000000000019d023cdd
:109a2000ac9d422409f840000000000009004014e9
:109a3000000000001000c293010042241000c2a3e5
:109a40001000c293f5ff401000000000020000105b
:109a500000000000000000001000c3930100022479
:109a60000400621400000000251000000200001035
:109a7000000000000100022425e8c0031c00bf8f85
:109a80001800be8f2000bd270800e0030000000082
:020000040000fa
:020000041d00dd
:109a9000002a04000080013c2528a100c23d0400ea
:109aa000ff00e7309e0006242330c7000f00c004eb
:109ab000000000002000c128040020140000000065
:109ac0000000022406000010000000000628c50067
:109ad0000200810400000000232805002510050075
:109ae0000800e0030000000000000000807f013c4f
:109af000010021342b088100040020140000000024
:109b00000080023cf6ff001000000000ffff02246e
:0c9b1000f3ff0010000000000000000047
:020000040000fa
:020000041d00dd
:109b1c00d8ffbd272400bfaf2000beaf25f0a003a7
:109b2c00251080002c00c5af2800c2a31000c0a3d4
:109b3c001400c227252840002c00c48f9219400f16
:109b4c00000000001400c28f09004010000000004b
:109b5c002800c2931400c58f1800c68f2520400022
:109b6c009313400f00000000010002241000c2a358
:109b7c001400c28feeff4014000000001000c293ce
:109b8c0025e8c0032400bf8f2000be8f2800bd270e
:089b9c000800e00300000000d6
:020000040000fa
:020000041d00dd
:109ba4000400828c000147301900e010100042309c
:109bb400e0ffbd271800b1af1000918c1400b0afc6
:109bc4002b10d1000b88c2001c00bfaf0b00201269
:109bd400258080001400848c3829400f2530200211
:109be4001400028e1000038e2110510023187100fe
:109bf400140002ae100003ae000040a01c00bf8f92
:109c04001800b18f1400b08f0800e0032000bd27b6
:109c14000300401400000000e529400b0000000090
:089c24000800e003000000004d
:020000040000fa
:020000041d00dd
:109c2c0050726f6a656374536f757263652f6d61e3
:109c3c00696e2e63000000004661696c6564506fac
:109c4c007374203d3d204572726f725479706500bb
:109c5c004661696c6564506f696e746572203d3d38
:109c6c00204572726f725479706500004661696ca0
:109c7c006564496e6974203d3d204572726f725463
:109c8c00797065004661696c65644f746865722013
:109c9c003d3d204572726f72547970650000000072
:059cac006d61696e000e
:020000040000fa
:020000041d00dd
:109cb4000800e003000000002518e003009d043cb8
:109cc4000c77842416008010000000000000858cae
:109cd4001300a010040084240000868c0400842453
:109ce40000008b8404008424019d0c3c1ca78c255b
:109cf40080580b0021606c0100008c8d09f88001f4
:109d0400000000002520400003008424fcff0624fa
:109d14002420c4000000858cecffa0140000000087
:0c9d240025f860000800e00300000000cb
:020000040000fa
:020000041d00dd
:109d300020000524000082800a004510f7ff43241c
:109d40000500632c070060142b0003240700431058
:109d50002d000324070043142528000004000010f0
:109d600001000524f3ff00100100842425280000d1
:109d70000100842425100000030000100a000724bd
:109d8000010084242310430000008380d0ff63245b
:109d90000a00662cfaffc054021047700100a05060
:0c9da000231002000800e0030000000097
:020000040000fa
:020000041d00dd
:109dac00e0ffbd271c00bfaf1800beaf25f0a0031d
:109dbc0080bf023c1060428c0000427cff004230ad
:109dcc000d00401000000000050002241000c2af7e
:109ddc00131b400f000000001400c2a71000c48f1a
:109dec001400c58f2c13400f00000000010002244a
:109dfc0002000010000000002510000025e8c00340
:109e0c001c00bf8f1800be8f2000bd270800e00388
:049e1c000000000042
:020000040000fa
:020000041d00dd
:109e2000200003240b20a5000b180500022c0400c1
:109e30000400a014021205001000633425288000dd
:109e400002120500040040140221020008006334dd
:109e50002510a0000221020004008054821004009a
:109e600004006334252040008210040004004054a4
:109e700042100200020063342510800042100200ec
:0c9e8000010042380800e00325104300f8
:020000040000fa
:020000041d00dd
:109e9000000000000000f03f000000000000e03f74
:109ea0000000000000005043000000000000b03f30
:109eb00000000000000020400000000000002440de
:109ec0000000000000001440000000000000e0431b
:109ed000000000000000e0c3000000f0ffff1f349e
:109ee000000000000000f007000000000000e07f1c
:089ef000000000000000600307
:020000040000fa
:020000041d00dd
:109ef800251080002520a0000400838ce0ffbd27ea
:109f0800ff004530000163301c00bfaf0a0060103d
:109f18001000a5a31400838c01006624140086aced
:109f2800000065a0ff0044301c00bf8f2510800092
:109f38000800e0032000bd2701000624e529400fa2
:109f48001000a527f8ff4010ffff0424f6ff0010bb
:049f58001000a493be
:020000040000fa
:020000041d00dd
:109f5c000080013c243081001200801000000000c1
:109f6c000200810400000000232004009e00052450
:109f7c00203887702328a7000420e4008000842464
:109f8c008000882c2128a80003420400010008311d
:109f9c00232088004020040042220400c045050014
:109fac0025208800251086000800e0030000000032
:049fbc0000000000a1
:020000040000fa
:020000041d00dd
:109fc000e0ffbd271800b1af1000918c1c00bfaf9f
:109fd0002b10d1000b88c2000c0020121400b0af6f
:109fe000258080001400848c3829400f2530200201
:109ff0001400028e1000038e2110510023187100ee
:10a00000140002ae100003ae000040a01c00bf8f81
:10a010001800b18f1400b08f0800e0032000bd27a6
:020000040000fa
:020000041d00dd
:10a020008200a22806004010830003248000a52897
:10a030000600a0500000c28c0800e00325100000bc
:10a040000b00a314251000000000c28c070042245e
:10a050000410027c080043240000c3ac0400438cbd
:10a060000000428c040083ac000082ac010002249a
:08a070000800e00300000000fd
:020000040000fa
:020000041d00dd
:10a07800019d063c25100000f0a6c62440180200e9
:10a0880021186600000067800300e0540000858cfa
:10a098000800e00301006290010042240000a8804b
:10a0a80004000715ff0042300100a524010062905a
:10a0b800000085ac0b00432cf1ff6014401802002f
:08a0c8000800e00300000000a5
:020000040000fa
:020000041d00dd
:10a0d0000000043ce8ffbd2700008424030080103a
:10a0e0001400bfaf09f880000000000000008430b9
:10a0f0000000a530009d083c007f082509f80001fc
:10a10000000000000000023c000042240300401058
:10a110000000000009f8400000000000f9ff0010f6
:04a12000000000003b
:020000040000fa
:020000041d00dd
:10a124001200801400a0023cd000438ce8ffbd273d
:10a134001000b0af1400bfaf050060102580000010
:10a14400d000448c4928400f0000000025804000c6
:10a15400df29400f000000001400bf8f2510020209
:10a164001000b08f0800e0031800bd27e129400b60
:04a17400252800009a
:020000040000fa
:020000041d00dd
:10a17800e8ffbd270c0081041400bfaf2510800044
:10a188004210020001008430d727400f25208200aa
:10a1980025284000831c400f252040001400bf8f55
:10a1a8000800e0031800bd27d727400f0000000073
:08a1b800fbff00101400bf8f33
:020000040000fa
:020000041d00dd
:10a1c0000000023c00004224050040100000023c58
:10a1d0000000422403004010019d023c3f0000703b
:10a1e000019d023c98a2422405004010000000009e
:10a1f000e8ffbd271400bfaf09f8400000000000d1
:08a20000ffff00100000000048
:020000040000fa
:020000041d00dd
:10a208000000023c00004224050040100000023c0f
:10a218000000422403004010019d023c3f000070f2
:10a22800019d023c98a24224050040100000000055
:10a23800e8ffbd271400bfaf09f840000000000088
:08a24800ffff00100000000000
:020000040000fa
:020000041d00dd
:10a250000000023c00004224070040100000023cc5
:10a260000000422405004050019d023c3f00007068
:10a270000800e00300000000019d023c98a2422477
:10a2800003004014000000000800e003000000008c
:08a2900009f840000000000085
:020000040000fa
:020000041d00dd
:10a2980000606041c000000099aa033c81bf023cf5
:10a2a8005566632430f240ac30f243ac6655033c4b
:10a2b800aa99633430f243ac81bf023c0100032405
:10a2c80018f643ac81bf023c10f6428ca828400b1c
:04a2d8000000000082
:020000040000fa
:020000041d00dd
:10a2dc0000a0023c4c01428ce0ffbd270000428ce8
:10a2ec001000a7af2538a000019d053c1400a6afb7
:10a2fc0060a3a524253080001c00bfaf4e29400f61
:10a30c00252040004928400f25200000cc29400f73
:04a31c00000000003d
:020000040000fa
:020000041d00dd
:10a32000000000000000000000000000000000002d
:10a33000000000000000000000000000000000001d
:10a34000000000000000000000000000000000000d
:10a3500000000000b000009db000009d540c009d66
:020000040000fa
:020000041d00dd
:10a36000417373657274696f6e206661696c6564b0
:10a370003a202573202825733a2025733a20256436
:10a38000290a0000286e696c2900000025000000e1
:10a39000494e4600696e66004e414e006e616e0089
:020000040000fa
:020000041d00dd
:10a3a000e0ffbd271800b0af1000a6af25808000e9
:10a3b0001c00bfaf9d0e400f1000a6270400038ea7
:10a3c0001c00bf8f10006330ffff04241800b08f03
:0ca3d0000b1083000800e0032000bd27f4
:020000040000fa
:020000041d00dd
:10a3dc000800c010251080002000032423186600fc
:10a3ec000600601c0620c5000610c50025200000d4
:10a3fc00252880000800e0032518a0000610c200e4
:10a40c0004286500faff0010251045000800c01054
:10a41c002510800020000324231866000600601c11
:10a42c000428c5000428c400252000002510800045
:10a43c000800e0032518a000061062000420c400e8
:08a44c00faff00102528a20010
:020000040000fa
:020000041d00dd
:10a4540001000200040008001000200040008000f9
:10a4640000010002000400080010002000400080e9
:0fa47400000101020202020303030303030303b7
:020000040000fa
:020000041d00dd
:10a484004173736572742022257322204661696cbe
:10a494006564206174204c696e653a2025642c2023
:0fa4a400696e2046696c653a202573200a0d0009
:020000040000fa
:020000041d00dd
:10a4b400e8ffbd271400bfafd829400f00000000fb
:10a4c40000a0033c1400bf8f6c0062ac00a0033cee
:0ca4d400680062ac0800e0031800bd271f
:020000040000fa
:020000041d00dd
:10a4e0000800c0102510800021308600251880004b
:10a4f0000000a790010063240100a524fcffc31401
:0ca50000ffff67a00800e003000000005f
:020000040000fa
:020000041d00dd
:10a50c000000828007004010000000002510800031
:10a51c0001004380feff6014010042240800e003a8
:0ca52c00231044000800e003251000008c
:020000040000fa
:020000041d00dd
:10a53800e0ffbd272800a6af2800a6271c00bfaf54
:10a548002c00a7afe828400f1000a6af1c00bf8f53
:08a558000800e0032000bd270c
:020000040000fa
:020000041d00dd
:10a560000700c01025108000202c057c21308600bb
:10a570002518800001006324feffc314ffff65a0bf
:08a580000800e00300000000e8
:020000040000fa
:020000041d00dd
:10a58800e8ffbd271000b0af1400bfaf8529400f0a
:10a59800258080001400bf8f251000021000b08fa6
:08a5a8000800e0031800bd27c4
:020000040000fa
:020000041d00dd
:10a5b000e8ffbd271400bfaf7d29400f0000000059
:10a5c0002d29400f000000001400bf8ff329400b1d
:04a5d0001800bd278b
:020000040000fa
:020000041d00dd
:10a5d400940b009d9c0c009d0000009df800009dc4
:10a5e400540500a006000000840500a00b00000034
:020000040000fa
:020000041d00dd
:10a5f40000a0023cd800422400a0033cd40062ac7a
:10a6040000a0033cd00062ac0800e003000000009e
:020000040000fa
:020000041d00dd
:10a614000000a380251080000100a52401008424eb
:10a62400fbff6014ffff83a00800e00300000000ac
:020000040000fa
:020000041d00dd
:10a6340000008c90ffffc624010084240000aca01d
:10a64400fbffc0140100a5240800e00325108000ce
:020000040000fa
:020000041d00dd
:10a65400bfff83241a00632c0200601025108000c1
:0ca66400200082340800e0030000000029
:020000040000fa
:020000041d00dd
:10a670009fff83241a00632c0200601025108000c5
:0ca680005f0082300800e00300000000d2
:020000040000fa
:020000041d00dd
:10a68c00286e756c6c290000303132333435363716
:09a69c00383961626364656600ef
:020000040000fa
:020000041d00dd
:10a6a8000000200201000003000000000b00000071
:08a6b800010000000000000099
:020000040000fa
:020000041d00dd
:10a6c00000601a40bfff1b3cffff7b3724d05b03b9
:10a6d00000609a4018000042ffffc6240000a0a0be
:10a6e000fdffc0140100a5240800e0032510800030
:020000040000fa
:020000041d00dd
:10a6f00068076c094c836a9074a07ac000806888ef
:06a7000000846c82008160
:020000040000fa
:020000041d00dd
:10a70800002080bf002280bf002480bf002680bfb9
:04a71800002880bfd6
:020000040000fa
:020000041d00dd
:10a71c00d8a6009d34a6009db49c009db49c009dc1
:04a72c00b49c009d3c
:020000040000fa
:020000041d00dd
:10a73000e8ffbd271400bfafd429400f7f000424d9
:020000040000fa
:020000041d00dd
:10a7400000a0023c5001428ced29400b0000458cda
:020000040000fa
:020000041d00dd
:10a75000e8ffbd271400bfaff729400f000000003d
:020000040000fa
:020000041d00dd
:0ca7600000a0023c0800e003700042244e
:020000040000fa
:020000041d00dd
:08a76c000800e00300000000fa
:020000040000fa
:020000041d00dd
:08a774000800e00300000000f2
:020000040000fa
:020000041d00dd
:08a77c000800e00325100000b5
:020000040000fa
:020000041d00dd
:08a784000800e00325100000ad
:020000040000fa
:020000041d00dd
:08a78c000800e00325100000a5
:020000040000fa
:020000041d00dd
:08a79400c624400b0000848c78
:020000040000fa
:020000041d00dd
:08a79c000800e0032510000095
:020000040000fa
:020000041d00dd
:08a7a4000800e003251000008d
:020000040000fa
:020000041d00dd
:08a7ac000800e0032510000085
:020000040000fa
:020000041d00dd
:08a7b400be27400b000000006d
:020000040000fa
:020000041d00dd
:08a7bc000800e0032510000075
:020000040000fa
:020000041d00dd
:08a7c4009529400b0000000084
:020000040000fa
:020000041d00dd
:08a7cc000800e003000000009a
:020000040000fa
:020000041d00dd
:08a7d4009c29400b000000006d
:020000040000fa
:020000041d00dd
:08a7dc00ffff00100000000067
:020000040000fa
:020000041d00dd
:08a7e4000800e003251000004d
:020000040000fa
:020000041d00dd
:08a7ec000800e0032510000045
:020000040000fa
:020000041d00dd
:049e8c00ac9d009dec
:00000001FF
