:020000040000fa
:020000041fc01b
:040bf000ffffffcf35
:020000040000fa
:020000041fc01b
:040bf400d9fff9ff2d
:020000040000fa
:020000041fc01b
:040bf80059df74ff4e
:020000040000fa
:020000041fc01b
:040bfc00fbffff7f7d
:020000040000fa
:020000041fc01b
:100000000200f00f0000000000601a40c0045a7f98
:100010000500401300000000019d1a3c108a5a2779
:10002000080040030000000001a01d3cf8ffbd27b0
:1000300000a01c3cf07f9c27019d083ca88a082555
:1000400009f800010000000000a0083c100008258d
:1000500000a0093c6c0029250300001000000000ee
:10006000000000ad040008252b080901fcff201446
:1000700000000000019d083cb880082509f8000137
:10008000000000000000093c00002925100020119c
:10009000000000000100093c0000292588bf0a3c3f
:1000a00010204a25000049ad0100093c0000292527
:1000b00088bf0a3c20204a25000049ad0100093cc8
:1000c0000000292588bf0a3c30204a25000049ada0
:1000d00000488040ffff0a2400588a404000083c46
:1000e00000600a4025500a0100608a40049d093cd6
:1000f00000f02925c0000000017889400000093c7b
:100100000100292500000a2444492a7d01608a4013
:100110008000093c00688940008008408005097d16
:10012000404c0900006008405800013c2440010197
:100130002540280100608840c0000000019d083c67
:10014000b08a082509f8000100000000006008409e
:10015000bfff013cffff21342440010100608840c3
:10016000000084300000a530019d083c648408250f
:0801700008000001000000007e
:020000040000fa
:020000041fc01b
:10038000019d1a3c0c855a2708004003000000001c
:020000040000fa
:020000041d03da
:10f18000009d1a3c8c765a270800400300000000be
:020000040000fa
:020000041d03da
:08f200009c14400b000000000b
:020000040000fa
:020000041d03da
:08f220006721400b0000000013
:020000040000fa
:020000041d03da
:08f240006721400b00000000f3
:020000040000fa
:020000041d03da
:08f260006721400b00000000d3
:020000040000fa
:020000041d03da
:08f280006721400b00000000b3
:020000040000fa
:020000041d03da
:08f2a0006721400b0000000093
:020000040000fa
:020000041d03da
:08f2c0006721400b0000000073
:020000040000fa
:020000041d03da
:08f2e0006721400b0000000053
:020000040000fa
:020000041d03da
:08f300006721400b0000000032
:020000040000fa
:020000041d03da
:08f320006721400b0000000012
:020000040000fa
:020000041d03da
:08f340006721400b00000000f2
:020000040000fa
:020000041d03da
:08f360006721400b00000000d2
:020000040000fa
:020000041d03da
:08f380006721400b00000000b2
:020000040000fa
:020000041d03da
:08f3a0006721400b0000000092
:020000040000fa
:020000041d03da
:08f3c0006721400b0000000072
:020000040000fa
:020000041d03da
:08f3e0006721400b0000000052
:020000040000fa
:020000041d03da
:08f400006721400b0000000031
:020000040000fa
:020000041d03da
:08f420006721400b0000000011
:020000040000fa
:020000041d03da
:08f440006721400b00000000f1
:020000040000fa
:020000041d03da
:08f460006721400b00000000d1
:020000040000fa
:020000041d03da
:08f480006721400b00000000b1
:020000040000fa
:020000041d03da
:08f4a0006721400b0000000091
:020000040000fa
:020000041d03da
:08f4c0006721400b0000000071
:020000040000fa
:020000041d03da
:08f4e0006721400b0000000051
:020000040000fa
:020000041d03da
:08f500006721400b0000000030
:020000040000fa
:020000041d03da
:08f520006721400b0000000010
:020000040000fa
:020000041d03da
:08f540006721400b00000000f0
:020000040000fa
:020000041d03da
:08f560006721400b00000000d0
:020000040000fa
:020000041d03da
:08f580006721400b00000000b0
:020000040000fa
:020000041d03da
:08f5a0006721400b0000000090
:020000040000fa
:020000041d03da
:08f5c0006721400b0000000070
:020000040000fa
:020000041d03da
:08f5e0006721400b0000000050
:020000040000fa
:020000041d03da
:08f600006721400b000000002f
:020000040000fa
:020000041d03da
:08f620006721400b000000000f
:020000040000fa
:020000041d03da
:08f640006721400b00000000ef
:020000040000fa
:020000041d03da
:08f660006721400b00000000cf
:020000040000fa
:020000041d03da
:08f680006721400b00000000af
:020000040000fa
:020000041d03da
:08f6a0007d01400b0000000099
:020000040000fa
:020000041d03da
:08f6c0006721400b000000006f
:020000040000fa
:020000041d03da
:08f6e0006721400b000000004f
:020000040000fa
:020000041d03da
:08f700006721400b000000002e
:020000040000fa
:020000041d03da
:08f720006721400b000000000e
:020000040000fa
:020000041d03da
:08f740006721400b00000000ee
:020000040000fa
:020000041d03da
:08f760006721400b00000000ce
:020000040000fa
:020000041fc01b
:1004800000f89b40c0000000019d1b3ce4857b27d9
:10049000020060130000000000c09b4000f81b40f9
:0c04a000c00000001f000042000000002f
:020000040000fa
:020000041d00dd
:10000000e0ffbd271c00bfaf1800beaf25f0a00366
:10001000251080002000c2a32000c293548082a338
:10002000009d023c84694424cb0b400f000000007b
:10003000009d023c8c694424cb0b400f0000000063
:10004000009d023cb4694624009d023cc0694524e1
:10005000009d023ccc694424cb0b400f0000000003
:10006000009d023ce4694424cb0b400f00000000db
:10007000020002241000c2af548082931000c58f8a
:100080001400c68f25204000d90d400f000000004d
:1000900004004010000000000100022402000010d3
:1000a000000000002510000025e8c0031c00bf8fe1
:1000b0001800be8f2000bd270800e00300000000ec
:1000c000e8ffbd271400bfaf1000beaf25f0a003ae
:1000d0001800c4af1c00c5af548082931800c58fb0
:1000e0001c00c68f25204000d90d400f00000000e5
:1000f00025e8c0031400bf8f1000be8f1800bd2775
:100100000800e00300000000d8ffbd272400bfafb7
:100110002000beaf25f0a0032800c4af2c00c5af5f
:100120003000c6af1400c0af2c00c28f0900432cb2
:10013000bb0060100000000080180200009d023c1f
:1001400054014224211062000000428c080040004b
:10015000000000002004009d2004009d7801009d07
:100160004802009d2004009d2004009df802009d8f
:10017000a002009dc002009d54808293252840006b
:10018000009d023ce8694424cb0b400f00000000b6
:100190001801400f0000000088bf033c006062901f
:1001a000010004240400827c006062a088bf033c3c
:1001b00010606290010004240400827c106062a040
:1001c00088bf033c00606290010004244408827ce4
:1001d000006062a088bf033c1060629001000424ac
:1001e0004408827c106062a003000424f416400fcf
:1001f0000000000085ff0224598082a3020002242f
:10020000648082a31880829742100200ffff423070
:100210005a8082a75a808297ff004230658082a36d
:100220005a808297ff004230668082a3678080a355
:10023000009d023c2c6a4424cb0b400f00000000c0
:100240007b000010000000003000c3970f00022464
:1002500076006214000000000003400f0000000060
:10026000648082936580839366808493678085939e
:100270002538a0002530800025286000252040007a
:100280007c02400f00000000f40105240f0004244c
:10029000fe10400f0000000064000010000000008d
:1002a00002000224648082a3f40105240f000424c8
:1002b000fe10400f000000005d0000100000000074
:1002c0003000c2972518400010808227211062005c
:1002d00000004290598082a35980829325284000d3
:1002e000009d023c646a4424cb0b400f00000000d8
:1002f0004f000010000000003000c2972518400099
:100300007e00022418006214000000001000c0a744
:1003100009000010000000001000c39700a0023c7c
:10032000fc05422421106200000040a01000c2978a
:10033000010042241000c2a71000c2970a00422cfc
:10034000f5ff40140000000001000224558082a344
:1003500000a0023cfc0542247e000324090043a0c7
:100360002f00001000000000558082932b004010e9
:10037000000000001200c0a71000001000000000e4
:100380001200c297010043241200c49700a0023c4f
:10039000fc0542242110620000004290ff0043301f
:1003a00000a0023cfc05422421108200000043a072
:1003b0001200c297010042241200c2a71200c29785
:1003c0000900422ceeff4014000000003000c297ec
:1003d000ff00433000a0023cfc054224090043a07a
:1003e00000a0023cfc054290ff0043307e00022446
:1003f0000a006214000000001402400f0000000018
:10040000060040100000000001000224568082a374
:100410005102400f00000000558080a30000000042
:1004200000000000020000100000000000000000ba
:100430002800c28f1400c48f1800c38f000044ac82
:10044000040043ac2800c28f25e8c0032400bf8ffe
:100450002000be8f2800bd270800e0030000000038
:10046000f8ffbd270400bfaf0000beaf25f0a0031a
:1004700080bf033c00626294c47b027c006262a481
:1004800080bf023c006240ac80bf033c00626294cb
:10049000c418027c006262a480bf033c00626294c4
:1004a0004410027c006262a480bf033c006262943c
:1004b0000400027c006262a480bf023c106240ac77
:1004c00080bf033c1062628c010004248452827c51
:1004d000106262ac88bf033c10616294444a027ca3
:1004e000106162a488bf033c30616294010004245f
:1004f000444a827c306162a481bf023c0200032432
:1005000050fb43ac80bf033c1062628c01000424aa
:100510000463827c106262ac88bf033c1061629409
:10052000010004240442827c106162a481bf023c69
:100530000400032458fa43ac80bf033c1062628c71
:100540008439027c106262ac88bf033c0010628c6c
:10055000010004240463827c001062ac88bf033c69
:100560007010628c0100042484b5827c701062ac2f
:1005700088bf033c2011628c070004248462827cc3
:10058000201162ac88bf033c2011628c044a027cbb
:10059000201162ac88bf033c4010628c84b5027ca1
:1005a000401062ac2060624180bf033c1062628cec
:1005b000847b027c106262ac80bf023c8100032419
:1005c000406243ac80bf033c00626294010004249b
:1005d000c47b827c006262a40000000025e8c003a6
:1005e0000400bf8f0000be8f0800bd270800e00395
:1005f0000000000000e85d4100701a4000601b40f0
:1006000080ffbd277c00bbaf44781b7c001c7b3780
:1006100000609b406400bfaf6000beaf5c00b9af3c
:100620005800b8af5400afaf5000aeaf4c00adaf04
:100630004800acaf4400abaf4000aaaf3c00a9af4c
:100640003800a8af3400a7af3000a6af2c00a5af8c
:100650002800a4af2400a3af2000a2af1c00a1afcc
:10066000121000006c00a2af101800006800a3afc9
:1006700025f0a00388bf023c4010428c8005427cdc
:10068000ff00423019004010000000000e00001072
:100690000000000080bf023c3062428cff0042300c
:1006a000588082a3060002241000c2af58808293b3
:1006b000ff0042301400c2a71000c48f1400c58f81
:1006c0003000400f0000000080bf023c1062428cee
:1006d0000000427cff004230eeff401400000000aa
:1006e00088bf023c4000033c441043ac00000000c3
:1006f00025e8c0036c00a28f130040006800a38fa0
:10070000110060006400bf8f6000be8f5c00b98f75
:100710005800b88f5400af8f5000ae8f4c00ad8f93
:100720004800ac8f4400ab8f4000aa8f3c00a98fdb
:100730003800a88f3400a78f3000a68f2c00a58f1b
:100740002800a48f2400a38f2000a28f1c00a18f5b
:100750007c00bb8f8000bd2700e8dd4100609b402e
:1007600018000042f0ffbd270c00beaf25f0a0032b
:10077000251080001000c2a30000c0a30100c0a388
:100780001000c3930900022403006214000000005b
:10079000010002240100c2a3030002240200c2a738
:1007a0001a000010000000000100c2930b0040106e
:1007b000000000000200c39700a0023c080642248b
:1007c00021106200000043900000c29321106200db
:1007d0000000c2a30a000010000000000200c3973e
:1007e00000a0023cfc05422421106200000042905f
:1007f000ff0043300000c293211062000000c2a33a
:100800000200c297010042240200c2a71000c29356
:10081000020043240200c2972a106200e2ff401047
:10082000000000000000c293271002000000c2a3d5
:100830000000c293688082a30000000025e8c00386
:100840000c00be8f1000bd270800e0030000000070
:10085000e0ffbd271c00bfaf1800beaf25f0a0030e
:100860001000c0a306000424d901400f00000000be
:1008700000a0023cfc05422409004290ff004330e6
:1008800068808293ff004230040062100000000084
:100890001000c293250000100000000000a0023ce0
:1008a000fc054290ff0043307e0002241e006214cb
:1008b0000000000000a0023cfc0542240100429020
:1008c000ff004230180040140000000000a0023c6d
:1008d000fc05422402004290ff004330060002243f
:1008e000110062140000000000a0023cfc0542243c
:1008f00003004290ff004330810002240a0062148a
:100900000000000000a0023cfc05422404004290cc
:10091000ff004330200002240300621400000000a6
:10092000010002241000c2a31000c29325e8c003f6
:100930001c00bf8f1800be8f2000bd270800e003f9
:1009400000000000e0ffbd271c00bfaf1800beafd5
:1009500025f0a0035780829301004238ff00423007
:100960001c0040100000000000a0023cfc054224d6
:1009700004004290ff00433020000224150062145e
:100980000000000000a0023cfc054224050042904b
:10099000ff004330598082930e0062140000000073
:1009a00001000224578082a3648080a309000224ee
:1009b0001000c2af1000c48f1400c58f9f0d400ff0
:1009c00000000000009d023cc46a4424cb0b400f91
:1009d000000000000000000025e8c0031c00bf8fdd
:1009e0001800be8f2000bd270800e00300000000b3
:1009f000e0ffbd271c00bfaf1800beaf25f0a0036d
:100a0000251080002520c0002518e0002000c2a38a
:100a10002510a0002400c2a3251080002800c2a336
:100a2000251060002c00c2a300a0023c7e0003241d
:100a3000080643a000a0023c08064224010040a092
:100a400000a0023c0806422409000324020043a03f
:100a500000a0023c0806422401000324030043a036
:100a600000a0023c08064224040040a000a0023c72
:100a70000806422420000324050043a059808393e4
:100a800000a0023c08064224060043a000a0023c4d
:100a90000806422401000324070043a000a0023cf2
:100aa000080642242000c393080043a02000c393fb
:100ab000020002240e0062140000000000a0023cac
:100ac0000806422421000324090043a000a0023ca0
:100ad0000806422485ff03240a0043a000a0023c2c
:100ae000080642240b0040a01c000010000000007b
:100af0002000c393010002240c00621400000000d7
:100b000000a0023c08064224090040a000a0023ccc
:100b1000080642240a0040a000a0023c0806422425
:100b20000b0040a00d0000100000000000a0023cdf
:100b3000080642242400c393090043a000a0023cfd
:100b4000080642242800c3930a0043a000a0023ce8
:100b5000080642242c00c3930b0043a00900042480
:100b6000d901400f0000000068808293ff004330ed
:100b700000a0023c080642240c0043a01000c0a3c1
:100b800013000010000000000000000080bf023cc5
:100b90001062428c4002427cff004230fbff401456
:100ba000000000001000c39300a0023c080642248d
:100bb00021106200000042902518400080bf023cd6
:100bc000206243ac1000c293010042241000c2a373
:100bd0001000c2930d00422cebff401400000000f7
:100be000000000000000000025e8c0031c00bf8fcb
:100bf0001800be8f2000bd270800e00300000000a1
:100c0000e8ffbd271400bfaf1000beaf25f0a00362
:100c10005c8084274217400f000000005c80828fb8
:100c200082100200ff004230658082a36080828fc4
:100c300082100200ff004230668082a300000000a4
:100c400025e8c0031400bf8f1000be8f1800bd2719
:080c50000800e00300000000b1
:020000040000fa
:020000041d00dd
:100c580080ffbd278c00a7af0000a28c6c00b5af49
:100c68002400a2af0800a28c0400d58c2800a2aff3
:100c78001000a28c6000b2af4800a2af0000c28c86
:100c88005c00b1af1c00a2af1c00a38f0400b28ca3
:100c98000c00b18c8000a4af8400a5af2530000003
:100ca80025380000252060002528a0027c00bfaf61
:100cb8007800beaf7400b7af7000b6af6800b4afcd
:100cc8006400b3af1a1b400f5800b0af0f004004c8
:100cd8000080023c2400a28f040042300d00401422
:100ce8002b0002242400a28f080042302000a2af6b
:100cf8002800a28f1800a2af2000a28f0c0040107d
:100d08001c00a38f030000102000022426a8550011
:100d18002d000224000022a22800a28fffff4224f7
:100d28001800a2af010002242000a2af1c00a38f6c
:100d38002600601400f0a27ef07f033c24004314d8
:100d4800f07f043c2000a28f212022028c00a28f79
:100d5800bfff42241a00422c1a004010019d053c96
:100d6800019d053cdc86a5243522400f00000000cb
:100d78001622400f252020022400a38f2800a78fc9
:100d88008000a48f1000a3af25282002eb1c400f81
:100d9800253040007c00bf8f7800be8f7400b78f6d
:100da8007000b68f6c00b58f6800b48f6400b38f85
:100db8006000b28f5c00b18f5800b08f0800e0036c
:100dc8008000bd27e8ff0010e086a524f07f043ce2
:100dd800010083242b184300050060502000a28fd7
:100de8000e0044141c00a28f0c0040102000a28f9b
:100df800212022028c00a28fbfff42241a00422c1d
:100e080004004050019d053c019d053cd6ff0010a3
:100e1800e486a524d4ff0010e886a5241c00a38f2f
:100e2800253000002520600025380000c21a400f38
:100e38002528a002019d173c019d033c8882f38e62
:100e48008c82f68e2c00a3affc0040142580000095
:100e58006822400f8c00a48f20f4027c9701400682
:100e6800670002240b00c21725a0c00301004052ee
:100e780001001224fcff022a10004014650014240b
:100e88002a1012020e0040101c00ab8f0c00010645
:100e98006600142466000224080082160100522607
:100ea80004000106670002248882f38e8c82f68e85
:100eb800258000000100c257219050021c00ab8f12
:100ec8002548600225b8c0023000b5af25500000a3
:100ed8003000ad8f25206001253020012538e00243
:100ee8002528a0015400aaaf3800abaf8a0a400fea
:100ef8004c00a9af25204000611c400f2528600048
:100f08003000ad8f4c00a98f3800ac8f4000a2afe5
:100f18000080083c4400a3af26100d014000a48fb8
:100f28004400a58f253020012538e0021000acaf21
:100f38001400a2af4007400f5000a9af0080083c42
:100f48003800a2af4c00a2af261003013000a2afb8
:100f58002c00a28f5000a98fb082468cb482478c97
:100f6800252020018a0a400f2528e0025400aa8f74
:100f78004c00ab8f01004a2525484000d4ff4a1693
:100f880025b86000019d023cb882468cbc82478c23
:100f9800252020011b16400f252860002540400011
:100fa8003800a48f3000a28f2530800025384000fb
:100fb800252000012528600025b86000c21a400fce
:100fc8004c00a8afc800401c3000a28f4c00a88f6e
:100fd8003800a48f25384000253080002528e002fd
:100fe80025200001c21a400f3000a8af08004014a5
:100ff8003000a88f4000a48f7b1f400f4400a58fae
:1010080001004230b9004010254000003000a88f90
:101018001c00a38f253000012538e0022528a002f6
:10102800630f400f252060001c00a2af3800a2af5c
:101038002c00a28f25206002b082468cb482478c97
:101048002528c00225b860001b16400f3000a3af4a
:101058003800ab8f2538e00225306001252040009c
:101068002528600025a840001a1b400f3000a3afb8
:10107800a000401c660002243000a98f9f00821641
:1010880001001026010052262550000223105201ab
:101098002000b38f3000a2af25b0000025900000db
:1010a8003000a28f07004211255860028400a28fe9
:1010b8001000428cfbff42242b1062029300401464
:1010c8001c00a38f070040162400a28f1000423096
:1010d8000400401021582b022e0002240100732620
:1010e800000062a121203302650002242300821639
:1010f800000080a0030001062528000023801000be
:10110800010005244800a28f02001224ffff422498
:1011180021182202000060a00a000624d50000164b
:1011280000000000d300401e2b0003242d000624dd
:101138000b18c50021282202ffffa3a08c00a38f53
:1011480045000524bfff6324feff42241a00632cd8
:101158000ba0a3002a986202212822020300601231
:101168000000b4a03522400f000000001800a28f34
:1011780021104202fcff42241800a2af2400a28fd3
:101188000200032403004230f9fe43141800a28f22
:10119800f7fe4018000000001622400f252020020c
:1011a8002000a38f2a184300bc0060101800a68fe7
:1011b8002000a28f300005242b22400f212022027c
:1011c800ebfe00102800a0af010010262598c003f0
:1011d80025b080023000a68f3400a78f252060023a
:1011e8001b16400f2528c0021c00a88f2530400080
:1011f80025386000252000012528a00225f04000a0
:101208001a1b400f25a06000efff4104019d023c1e
:101218009c82438c9882428c3400a3af3000a2afea
:101228002c00a28f25f00000b482438cb082428c3f
:101238003c00a3af220000103800a2af019d023c81
:10124800b482438cb082428c3400a3afe1ff00101b
:101258003000a2af130040103800a68f1100c0174d
:101268001c00a38f3000a68f3400a78f2528a0026a
:101278001b16400f252060003000a68f3400a78f72
:10128800252060022528c0021c00a2af1b16400fb3
:1012980025a8600025b060002598400001001e24a4
:1012a8003800a68f3c00a78f252060028a0a400fcd
:1012b8002528c00225b0600025984000ffff1026b1
:1012c8001c00a38f253060022538c002252060004d
:1012d8001a1b400f2528a002deff4204d4fe022a72
:1012e800dbfe0010000000002540000048ff001051
:1012f80025b8000025a860022548c0026500823a8a
:101308002550000261ff00100a5002002538200114
:101318002530a002252060002528e0025000abaf50
:101328004c00aaaf8a0a400f4400a9af252040000c
:10133800611c400f252860002520400025286000fa
:101348003800a3af7b1f400f4000a2af0a0044281b
:10135800090003240b1844002400a28f3800a78f2b
:1013680010004230251043004000ad8f4400a98f83
:101378004c00aa8f210040145000ab8f6700022454
:101388001e00c217000000001c00410500000000fc
:101398000100d6261c00a38f00800b3c2610770185
:1013a8002530a0012520a002252820011000a3af88
:1013b8001400a2af4000aaaf4007400f3800a9af01
:1013c8001c00a2af2c00a28f3800a98fb082468cd7
:1013d800b482478c00800b3c2520a00225282001e0
:1013e8008a0a400f26b863014000aa8f254860008a
:1013f80025a840002aff0010ffff4a250b004016d1
:10140800212036020900410521582b021800a28f1d
:10141800ffff42241800a2af2e0002240100732609
:10142800000062a10100122421203602211033029b
:1014380021209300020000103000052401004224fe
:10144800feff4454000045a01800a28f2120d302bb
:1014580023b05600ffffc226010093243000632406
:1014680021202402000083a01800a2afc9ff0010a9
:1014780025b000001a000602f401c000ffff422454
:1014880021382202ffff52261018000012800000a7
:101498003000632421ff00100000e3a0211822027d
:1014a800000064801800a38f21186200211823020d
:1014b800000064a03aff0010ffff42246dfec21333
:0c14c8000600122473fe001025a0c003d3
:020000040000fa
:020000041d00dd
:1014d4000000a28c78ffbd272000a2af0400a28cdc
:1014e4008000beaf2800a2af0800a28c0400de8cee
:1014f4007000b4af0000d48c2400a2af1000a28c02
:101504006400b1af6000b0af8800a4af0c00b08c31
:101514002588e000253000002538000025208002c1
:101524002528c0038400bfaf7c00b7af7800b6aff6
:101534007400b5af6c00b3af6800b2af1a1b400fb4
:101544004000a2af0e0040042000a28f04004230ed
:101554000e0040142b0002242000a28f0800423009
:101564001800a2af2400a28f3800a2af1800a28fe7
:101574000c0040102000022405000010000002a20c
:101584000080023c26f05e002d000224000002a22e
:101594002400a28fffff42243800a2af01000224de
:1015a4001800a2afbfff232600f0c27f25008016db
:1015b4002c00a3aff07f033c230043141800a38f37
:1015c4001800a28f019d113c212002022c00a28f41
:1015d4001a00422c03004010e0862526019d053c9c
:1015e400dc86a5243522400f00000000e086242676
:1015f4001622400f000000002000a38f2400a78fb4
:101604008800a48f1000a3af25280002eb1c400f14
:10161400253040008400bf8f8000be8f7c00b78fd0
:101624007800b68f7400b58f7000b48f6c00b38fe0
:101634006800b28f6400b18f6000b08f0800e003cf
:101644008800bd271800a38ff07f053c2c00a48fd1
:1016540021b003020100a3242b18430005006010ed
:101664001a00842c0c004514300002240b00801254
:1016740078000324019d113c03008010e886252690
:10168400019d053ce486a5243522400f2520c00297
:10169400d7ff0010e8862426780003240000c2a2a5
:1016a400580002240a106400253000002538000088
:1016b400252080022528c003c21a400f25a8400017
:1016c400019d033c8882778c8c82718c03014014c9
:1016d4001c00a0af2800a28f2800a48f000042287d
:1016e400180003240a188200010062240100d5a214
:1016f4003c00a3af5400a2af25b0e00225a820020d
:101704004400b4af4800beaf259800004400a88f41
:101714004800b28f252000012530c0022538a002e0
:10172400252840028a0a400f3000a8af2520400037
:10173400611c400f25286000252040002530c00290
:101744002538a002252860004c00a2af1b16400fcc
:101754005000a3af3000a88f2528400225200001a7
:1017640025304000610f400f253860004400a2afcf
:1017740025904000019d023ca082468ca482478ca7
:101784002520c0022528a0023000a3af4800a3af43
:101794001b16400f5800a2af25b040002800a28fae
:1017a40025a8600009004104010073263000a28fbf
:1017b400253000002538000025204002c21a400fc1
:1017c4002528400006004010019d023c5400a28fd1
:1017d400ceff62163c00a28f01005324019d023cff
:1017e400a882468cac82478c2520c0021b16400f71
:1017f4002528a00225b04000253040003000a28feb
:101804002538600025204002252840001a1b400f7f
:1018140025a86000f00040043000a28f2530c002eb
:101824002538a00225204002c21a400f2528400076
:10183400060040144c00a48f7b1f400f5000a58f5e
:1018440001004230e500405025b000001800a28f8e
:1018540025208002020042242530c0022538a0023f
:101864002528c003630f400f1800a2af25a0600015
:101874003000a2af0400401400f0637cf07f023c0f
:1018840050ff62101800a28f3800a28f1800a38f97
:10189400feff56244000a28ffbff42243c00a2af6f
:1018a4002b1062000c014010231013004800a2af5b
:1018b400259860002560600025f000003800a0af86
:1018c400259000003000a38f2530e0022538200247
:1018d40025206000252880028a0a400f4c00acaf06
:1018e40025204000611c400f252860002520400071
:1018f4002528600025a860007b1f400f4400a2af8c
:10190400b80040144c00ac8fb70040123800a38fcd
:101914000100de274400a48f2530e0022538200290
:101924001b16400f2528a002253860003000a38f25
:101934002528800225304000610f400f25206000db
:101944003000a2af5800a28f2520e002a082468c6e
:10195400a482478c252820021b16400f25a0600076
:1019640025b840004800a28fffff5226258860005a
:1019740005004212256060023c00a28f2b10620217
:10198400d1ff40143000a38f3800a28f15004014fb
:101994001c00a28fd100c01b2800a28fcf004018ca
:1019a4002000a28f01004230cc0040142e000324fa
:1019b40021101302000043a02118d30321180302ad
:1019c40030000424010044a001004224fdff6214fd
:1019d40021407e0227481e000100132521b0360154
:1019e4001c00a28f21201302000080a004004104e7
:1019f40025280000231002001c00a2af01000524ca
:101a04004000a28f01001124ffff4224211802028a
:101a1400000060a0010007240a0006241c00a38f14
:101a24009c006054ffff4224980027122b000324db
:101a34002d0006240b18c50021280202ffffa3a0d5
:101a44002c00a38f500005241a00662cfeff4224ac
:101a5400700003240b18a600212802022a10620237
:101a6400030040100000a3a03522400f0000000036
:101a74002000a28f0200032403004230100043140c
:101a8400ffffca2621885101feff3226d8fe401ae4
:101a9400252000021622400f252000021800a38fe3
:101aa4002a18430085006010253040021800a28fd8
:101ab400300005242b22400f212002022400a0af75
:101ac400cbfe0010252000021c00a28f25b8600266
:101ad400010042241c00a2af258840022530e00208
:101ae400253820022520e002630f400f252820021c
:101af4002530400025386000252080022528c003b9
:101b0400259060001a1b400f25984000eeff410409
:101b1400019d023c9082528c9482538c019d023c24
:101b24009c82438c9882428c3400a3af3000a2afd5
:101b34002530e00225382002252080021a1b400fa0
:101b44002528c003e3fe4104253040022538600205
:101b54002520e0021b16400f2528200225204000e6
:101b64002530000025380000c21a400f25286000e7
:101b74000e0040143000a68f3400a78f2520e00209
:101b84001b16400f252820023000a68f3400a78f93
:101b9400252080022528c003258860001b16400fdd
:101ba40025b8400025a0400025f060002520e00273
:101bb40025282002253040021b16400f25386002dc
:101bc40025b840001c00a28f25886000ffff422436
:101bd400d7ff00101c00a2af25b000001bff0010af
:101be40025a800003800a38f0a00601421201e02db
:101bf4000800401221600c022e000324000083a17f
:101c04000100032401007326ffffd6263800a3af8a
:101c140021201e022118130221209300020000102b
:101c24003000052401006324feff6454000065a015
:101c34000a00432802006010570044243000442462
:101c44002c00a28f1a00422c08004010200082347d
:101c54009fff42241a00422c0500401021107e02ee
:101c64006f22400f000000002520400021107e025a
:101c74002348de020100532421100202000044a084
:101c8400ffff362523ff001025f000001c00a38f62
:101c9400ffff42241a006600f401c000214802023a
:101ca400ffff31261018000030006324000023a138
:101cb4001218000059ff00101c00a3af21180202e3
:101cc400000064802118220221180302feff64a090
:101cd40072ff0010ffff42241800b38f2000a28f70
:101ce400100042303eff4010211013022e00032446
:0c1cf400000043a03aff0010010073261e
:020000040000fa
:020000041d00dd
:101d000070ffbd27a000a28f4800a4af4000a2af83
:101d1000a400a28f5000a6af5400a7af25308000ca
:101d20002538a0003000a4274400a2af8c00bfaf2c
:101d30004c00a5af7400b3af6c00b1af8800beaf6c
:101d40008400b7af8000b6af7c00b5af7800b4af09
:101d50007000b2af531f400f6800b0af5000a68fa5
:101d60005400a78f2000a427531f400f3800b38fc3
:101d70004000a68f4400a78f1000a427531f400fd8
:101d80002800b18fcb03622a03004010cb03222a24
:101d90000e0040141800aa8f5000a68f5400a78f81
:101da0004800a48f1b16400f4c00a58f4000a48f45
:101db0004400a58f25304000630f400f2538600098
:101dc0004000a2af060000104400a3afcb0342299d
:101dd00011004014cb030224f0ff42155000a68fdf
:101de0008c00bf8f4000a28f4400a38f8800be8f5d
:101df0008400b78f8000b68f7c00b58f7800b48fd9
:101e00007400b38f7000b28f6c00b18f6800b08f18
:101e10000800e0039000bd273000a28f2000a48faf
:101e20002400a68f190044003400a78f106800001a
:101e300012600000190046002188330212100000d1
:101e4000101800001900e40023985101122000002e
:101e5000102800001900e600217844002bf0e20170
:101e6000122000002110650021f0c2032180ed0145
:101e700021f09e00102800002b380d022b10c40307
:101e80002138c703211045002bf0fe001000b78f4a
:101e90001400b48f257080012590e0007700601a4f
:101ea00021f0c2034000622a490040102520e002d0
:101eb0002528800225306002d921400f6400acaf94
:101ec000400006242520e002252880022330d3008c
:101ed0006000a2afca21400f5800a3af5800b88fce
:101ee0006000aa8f6400ae8f25b8400025a0600076
:101ef0002c00a28f3c00b38f269862021c00a28f98
:101f0000810053142178100321704e012b58ca010f
:101f100021b06f012b10d80225a8c0010600401483
:101f200001001924030016172b50ca0103004015a5
:101f30002168f20225c800002168f2022b48b7018f
:101f400021189e0221682d03214823012bc8b901c5
:101f500021c829032520a001252820034400adaf76
:101f60008720400f4000b9afffff522440000624f5
:101f70002330d2002520a002ca21400f2528c0020c
:101f80004400ad8f4000b98f2520a00125282003f3
:101f90002530400225804000d921400f25a0600057
:101fa000253040022520a0022528c00225800202fb
:101fb000d921400f25a08302251843002b180300c8
:101fc00040003126258003028800001025b08002e1
:101fd000c0ff7326c0ff512525c00000c4ff60125a
:101fe000255000004000622a3a00401040000b24b7
:101ff00023b0730125208001252800022530c0026e
:102000006400b8af6000aaaf5c00adafd921400f4b
:102010005800acaf5800ac8f2570430025208001dc
:102020002528000225306002ca21400f2ba80e008f
:10203000252040022528c0032530c00225806000ed
:10204000d921400f25a8a2022570a2022520400216
:102050002528c003253060025800aeafca21400fca
:102060002580030225f060005800ae8f25904000c7
:10207000255000009eff001025c000001a002a1203
:1020800023a82a024000a22a1c0040104000062477
:102090002520e002252880022330d500d921400fd9
:1020a0005800acaf251043002520e002252880020f
:1020b0002530a002ca21400f2b98020025c06000e5
:1020c0005800ae8f2550620225b8000088ff00102e
:1020d00025a0000001000e242580000025900000ae
:1020e00083ff001025f000002550e00225c080028b
:1020f00025b800007eff001025a0000001000a2482
:10210000fbff001025c000002360ca012b18cc0182
:102110002358180223b063012b28160225a880013a
:10212000010004240600a014251000000400d0566d
:10213000252000000300601423185702252000000a
:10214000231857022b28430223c8d40323c825038e
:10215000236864002b186d0023c8220323c82303bf
:102160001300210723704e012b504e0123c0100392
:102170002338f20223b00a032b48e70223189e02f9
:102180002568d6012120e400231869002b680d0082
:102190002b3887002118620023688d002138e30066
:1021a0002b208d0025a8c00123c8e4000100732e58
:1021b0002510b90167ff40142510b602f6fe401045
:1021c0002520a0028720400f2528c002ffff5224af
:1021d00033004106c01716004280150025805000cc
:1021e0000100ac3225800c0242b01600252000020e
:1021f000050060122528c0022b10100023281600ad
:10220000232010002328a200a718400f23883202a1
:1022100025b84000c4fb222a6700401025906000ca
:10222000c3fb0224730022168025100023006016d1
:10223000019d023cc082548cc482558c2530e00242
:102240002538400225208002c21a400f2528a0020e
:102250001e004014019d023cd082468cd482478ce3
:102260002520e0021b16400f25284002252860008b
:10227000a71c400f25204000d41e400f2520400001
:10228000019d043cd882868cdc82878c25286000e6
:102290001b16400f25204000cafe00104000a2afd0
:1022a000253040022520a002d921400f2528c00258
:1022b00025a0600044ff001025804000019d023ce5
:1022c000c882548cddff0010cc82558c4015100064
:1022d00039004010c017160042201000252044008d
:1022e00042b01600010010320040053c252090004d
:1022f000050060122528b6002b10040023280500d5
:102300002328a20023200400a718400f000000008b
:10231000253040002538600025204000630f400f25
:102320002528600025204000253080022538a002a5
:10233000610f400f2528600025904000019d023c60
:10234000d882468cdc82478c2520400225286000fc
:102350001b16400f258060002530400025386000a6
:10236000252040001b16400f252860002530400224
:10237000253800022520400225280002259860000b
:10238000610f400f25a04000253040002538600037
:10239000252080021b16400f2528600225204000c2
:1023a0002530400225380002630f400f25286000c9
:1023b0002590600025b840008c00bf8f8800be8f3c
:1023c0008000b68f7c00b58f7800b48f7400b38f17
:1023d0006800b08f253020022520e0026c00b18f0c
:1023e0008400b78f252840027000b28f671d400b14
:1023f0009000bd27801516008282100025805000b5
:102400002b2004002528c002252090000448057ccc
:102410008285100025280502050060128022040034
:102420002b100400232805002328a20023200400e9
:10243000a718400f00000000deff0010259060008c
:020000040000fa
:020000041d00dd
:1024400018ffbd27dc00b5afd800b4afd400b3afe0
:10245000d000b2afe400bfafe000b6afcc00b1af88
:10246000c800b0af259880002590c000b800a5af87
:1024700025a00000019d153cb800a58f0000a2809a
:10248000c9004010ffff02249c00a2af1800a22741
:10249000a400a2af800002249800a0afa000a0afcb
:1024a000a800a2af25800000250003242188b000e9
:1024b000000022820300401000000000fbff435494
:1024c000010010260400001225300002e81f400f12
:1024d00025206002b800b1afb800a58f2500022406
:1024e0000000a380a90062140100b624b800b6afb2
:1024f0000200a52425180000300007242d00082420
:102500002b0009242c000a2420000b24230006247d
:10251000ffffa2802a0047509800a38f31004c286b
:102520003d018011ffffa424200048509800a38f94
:102530002e004c2838018011000000002200495074
:102540009800a38f34014a100000000020004b5077
:102550009800a38f200046509800a38f010060547c
:10256000b800a4af2a0003241d0043500000428e8f
:102570004b20400f00000000b800a38fa000a2afc6
:10258000252800002520600000008280d0ff422422
:102590000a00422c5f004014010063241c00a05478
:1025a000b800a4af1b0000109800a28f0100633494
:1025b0009800a3af0100a524d5ff0010010003245b
:1025c000fbff001002006334f9ff001004006334c5
:1025d000f7ff001008006334f5ff001010006334ab
:1025e00001008424040043240000428c000043ae18
:1025f000b800a4af9800a38f05004104a000a2afcb
:1026000001006338231002009800a3afa000a2af1e
:102610009800a28f01004330020060104408027c41
:102620009800a2afb800a28f2e00032400004480bf
:102630000d008314010051249c00a0af01004480d0
:102640002a00032435008314b800b1af02004224ed
:10265000b800a2af0000428e040043240000428c68
:10266000000043ae9c00a2af0321400fb800a42796
:10267000b800b18fc000a2af6822400f00002482d2
:1026800025000324cf004310c000a58f9fff4224e4
:102690001800432cd6006010009d033c80100200ff
:1026a000b4266324211062000000428c0800400020
:1026b000000000005c27009df029009d5c29009d22
:1026c000d427009d2829009d2829009d2829009da8
:1026d000f029009dd427009df029009df029009d40
:1026e000f029009df029009d0c29009d3c28009dab
:1026f000a828009df029009df029009d9c29009d9f
:10270000f029009d0828009df029009df029009dda
:102710007028009d9bff0010010005244b20400ff6
:10272000252020029c00a2af2520000025182002b1
:1027300000006280d0ff42240a00422c05004014b1
:1027400001003126c8ff8054b800a3afc6ff0010b7
:1027500000000000f5ff00100100042425304002b5
:10276000ed20400fb000a4276c004010010022268d
:1027700000002782b000a6279800a5272520600228
:102780003505400fb800a2af2180020221809002df
:102790002aa014029e00801200a0023c4f000324d5
:1027a0001c0643acffff1424e400bf8f25108002f9
:1027b000e000b68fdc00b58fd800b48fd400b38fa3
:1027c000d000b28fcc00b18fc800b08f0800e003fa
:1027d000e800bd272538400201000624ff19400ffc
:1027e000b000a4274d004010b000a62701003126fc
:1027f0009800a52725206002721b400fb800b1afda
:10280000e2ff00102180020225384002253000003e
:10281000ff19400fb000a42740004010b000a627c9
:10282000010031269800a52725206002a51e400f33
:10283000b800b1afd5ff0010218002022538400258
:1028400025300000ff19400fb000a42733004010ce
:10285000b000a627010031269800a5272520600298
:102860002a1d400fb800b1afc8ff0010218002023e
:102870002538400225300000ff19400fb000a42782
:10288000260040100100222600002782b800a2afd7
:10289000b000a6279800a5272618400f2520600223
:1028a000baff0010218002022538400225300000c6
:1028b000f0000524ff19400fb000a42717004010b6
:1028c000b000a28fb400a38f010031262510430071
:1028d0000c004014b800b1af1622400fd086a426d9
:1028e0009800a38fa000a78f1000a3af2530400051
:1028f000d086a526eb1c400f25206002a3ff001008
:1029000021800202e2ff00107800072425384002ef
:1029100021309002161c400fb000a4270100312680
:102920009aff0010b800b1af25304002ed20400ff3
:10293000b000a427f9ff40100100222600002782e2
:10294000b000a6279800a527252060021603400f97
:10295000b800a2af8dff0010218002028000022487
:10296000eeffa214010007240000428e0100312670
:10297000040043240000428cb800b1af000043ae15
:10298000b000a2a3b000a6279800a5272a1f400fd9
:10299000252060027dff00102180020280000224b9
:1029a000deffa214253800000000428e010031260f
:1029b00004004324000043ae0000468cf2ff0010e8
:1029c000b800b1af80000224d4ffa2149800a28ff7
:1029d00001003126a000a78fb800b1af1000a2af50
:1029e000019d053c01000624c2ff0010d886a524e5
:1029f000ffff0224b800b6af9800a0afa000a0afc0
:102a00009c00a2af1000a0aff5ff00102538000019
:102a100099fe001025a00002d5fe6054b800a4afb6
:082a2000d3fe001000000000cd
:020000040000fa
:020000041d00dd
:102a28004050050042550a00c04a0500427d040096
:102a380025482f01c042040000800e3c25482e0185
:102a480040680700426d0d00c0620700427d060025
:102a580025608f01c05a060025608e012628a70030
:102a68002428ae00ffff4f25fe07e12dd6002010d9
:102a780000000000ffffaf25fe07e12d0301201035
:102a88000000000023504d01ff034a254240080082
:102a9800c07f090025400f0142480900023c0c0094
:102aa800f401e0001b00270112700000104800002c
:102ab800ffff86311900ce0012200000004c0900eb
:102ac800027c080025482f012b7824012348240183
:102ad8000600e01100000000ffffce2521482c0170
:102ae8002b082c01fcff201000000000f401e0007e
:102af8001b00270112380000104800001900c70009
:102b080012200000004c0900ffff0f3125482f015b
:102b18002b782401234824010600e011000000005e
:102b2800ffffe72421482c012b082c01fcff201073
:102b38000000000000740e002170c7011900cb01cd
:102b48001238000010200000000008242b7807012c
:102b5800234007012b102f0123482f012b78240134
:102b68002578e201234824010b00e0110000000051
:102b7800ffffce2521400b012b780b0121482c01aa
:102b880021482f0102002c11000000002b782c0195
:102b9800f7ffe0110000000007002c1500000000fe
:102ba80025200b002548080000000d2425380d00bd
:102bb8002c00001000000000023c0c00f401e000b2
:102bc8001b0027011268000010480000ffff863133
:102bd8001900cd0012200000004c0900027c0800fa
:102be80025482f012b782401234824010600e011f1
:102bf80000000000ffffad2521482c012b082c0107
:102c0800fcff201000000000f401e0001b00270179
:102c180012380000104800001900c70012200000f8
:102c2800004c0900ffff0f3125482f012b782401a4
:102c3800234824010600e01100000000ffffe724fc
:102c480021482c012b082c01fcff2010000000005b
:102c5800006c0d002168a7011900ab0112380000b3
:102c680010200000000008242b78070123400701ea
:102c78002b102f0123482f012b7824012578e201fe
:102c8800234824010b00e01100000000ffffad25e0
:102c980021400b012b780b0121482c0121482f01e1
:102ca80002002c11000000002b782c01f7ffe01126
:102cb800000000000600c005000000002a78a001fe
:102cc8002168ad012170ce012170cf01ffff4a2597
:102cd800257828010200e011000000000100ad3550
:102ce80025480e0025400d00ffff4f25fe07e12d6a
:102cf80015002010000000000004082500040f2d16
:102d080021482f012b782f0121504f01c27a08004a
:102d18000100ef3123400f01c2220800407d090065
:102d280025208f0040780900027b0f002528af007e
:102d3800007d0a002528af0025100400251805008d
:102d48000800e003000000004b00401d00000000e8
:102d580001000e242370ca012000c12d090020148f
:102d680000000000e0ffce212b20080025402401b0
:102d78000f0009100000000000000934f6ff0010e1
:102d8800000000000a00c0110000000022300e0000
:102d98000420c8000430c9000640c8010648c9011b
:102da8002540c8000200801000000000020008351d
:102db8000004082500040f2d21482f01c2570900df
:102dc800d2ff0010000000002a780001214008010d
:102dd8002148290121482f01190040150000000051
:102de800257828011600e0110000000009002015d0
:102df80000000000040000150000000000000a2484
:102e08001cff0010000000002548000100000824f5
:102e1800e0ff4a2520702e7116ffc0110000000047
:102e280023504e0122300e000630c8000440c8016d
:102e38000448c901254826010eff001000000000c3
:102e480005004d150000000040780c002578eb01c6
:102e58002f00e01100000000ff0701240b00a11162
:102e680000000000b4ff4011000000002578280190
:102e78002700e01500000000f07f013c2528a10094
:102e880000000424acff0010000000002a78600154
:102e980021586b0121608c0121608f011900a01558
:102ea8000000000025788b01f3ffe011000000000e
:102eb80009008015000000000400601500000000f3
:102ec80000000d24effe00100000000025606001e6
:102ed80000000b24e0ffad2520708e71e9fec011c3
:102ee800000000002368ae0122300e000630cb003f
:102ef8000458cb010460cc0125608601e1fe001076
:102f08000000000025788b010200e011000000009d
:102f1800f8ff053c0000042487ff001000000000b3
:042f280000000000a5
:020000040000fa
:020000041d00dd
:102f2c0058ffbd27a400bfafa000beaf25f0a00383
:102f3c00a800c4afac00c5afb000c6afb400c7affb
:102f4c00ac00c2271c00c2af2400c2272000c2afb5
:102f5c002000c28f000040a0b5000010000000004f
:102f6c00a800c28f00004380250002240b006210d1
:102f7c0000000000a800c38f01006224a800c2afab
:102f8c002000c28f010044242000c4af00006380e5
:102f9c00000043a0a600001000000000a800c28f93
:102fac0001004224a800c2afa800c28f00004280da
:102fbc002500032484004310000000002500432852
:102fcc008800601400000000790043288500601020
:102fdc000000000063004328820060140000000021
:102fec009dff42241600432c7e0060100000000060
:102ffc0080180200009d023c18304224211062000f
:10300c000000428c08004000000000003c31009d94
:10301c007030009df031009df031009df031009d2d
:10302c00f031009df031009df031009df031009d9c
:10303c00f031009df031009df031009df031009d8c
:10304c00f031009df031009df031009d6831009d04
:10305c00f031009d0831009df031009df031009d54
:10306c00d430009d1c00c28f040043241c00c3af4d
:10307c000000428c1400c2af1400c28f090041043e
:10308c00000000002000c28f010043242000c3afc9
:10309c002d000324000043a01400c28f2310020053
:1030ac001400c2af1400c28f2000c3270a000624ec
:1030bc002528400025206000b90c400f00000000be
:1030cc0058000010000000001c00c28f04004324b4
:1030dc001c00c3af0000428c1800c2af2000c227f6
:1030ec00100006241800c58f25204000b90c400f95
:1030fc00000000004b000010000000001c00c28ffc
:10310c00040043241c00c3af0000428c1800c2af63
:10311c002000c2270a0006241800c58f2520400075
:10312c00b90c400f000000003e0000100000000031
:10313c001c00c28f040043241c00c3af0000448c4d
:10314c002000c28f010043242000c3af201c047c4c
:10315c00000043a033000010000000001c00c28fd0
:10316c00040043241c00c3af0000428c1000c2af0b
:10317c001000c28f0e00401400000000019d023ca4
:10318c00d88942241000c2af0900001000000000d2
:10319c001000c38f010062241000c2af2000c28f48
:1031ac00010044242000c4af00006380000043a051
:1031bc001000c28f00004280f5ff40140000000098
:1031cc0018000010000000002000c28f01004324f2
:1031dc002000c3af25000324000043a01100001001
:1031ec00000000002000c28f010043242000c3af68
:1031fc0042000324000043a02000c28f010043249e
:10320c002000c3af41000324000043a02000c28f64
:10321c00010043242000c3af44000324000043a05a
:10322c0000000000a800c28f01004224a800c2af19
:10323c00a800c28f0000428049ff4014000000002b
:10324c002000c28f000040a02400c2272000c2af83
:10325c0016000010000000002000c28f0000438008
:10326c000a00022408006210000000002000c28f37
:10327c0000004280252040009f22400f00000000eb
:10328c0007000010000000000d0004249f22400fd6
:10329c00000000000a0004249f22400f00000000e0
:1032ac002000c28f010042242000c2af2000c28f38
:1032bc0000004280e8ff4014000000000000000005
:1032cc0025e8c003a400bf8fa000be8fa800bd27b7
:1032dc000800e00300000000e0ffbd271c00beafab
:1032ec0025f0a0032000c4af2400c5af2800c6af52
:1032fc001300c0a32400c28f0c0040140000000077
:10330c002000c28f0000428c30000324000043a038
:10331c002000c28f0000428c010043242000c28f89
:10332c00000043ac32000010000000000800c2276f
:10333c000b0042240000c2af180000100000000077
:10334c002400c38f2800c28f1b006200f4014000d0
:10335c00101000000400c2a30400c3930000c28f2d
:10336c00ffff42240000c2af019d023ce0894224d1
:10337c0021106200000043800000c28f000043a0b7
:10338c002400c38f2800c28f1b006200f401400090
:10339c0010100000121000002400c2af2400c28fd5
:1033ac00e7ff4014000000000d00001000000000ba
:1033bc000000c28f010043240000c3af2000c38f64
:1033cc000000638c00004280000062a02000c28fcd
:1033dc000000428c010043242000c28f000043ac4b
:1033ec000000c28f00004280f1ff4014000000007a
:1033fc0025e8c0031c00be8f2000bd270800e00399
:10340c0000000000e0ffbd271c00bfaf1800beafde
:10341c0025f0a0032000c4af2000c48f8310400f00
:10342c00000000001000c0a33700001000000000d6
:10343c001000c393019d023cc01803002089422454
:10344c00211062000000428c0900401000000000b6
:10345c001000c293019d033c20896324c01002001c
:10346c00211062000400428c040040140000000093
:10347c000300022429000010000000001000c39378
:10348c00019d023cc01803003089422421106200c7
:10349c000000448c1000c293019d033c30896324ce
:1034ac00c010020021106200040042902528400048
:1034bc007613400f000000001000c393019d023ce6
:1034cc00c018030020894224211062000000428ca5
:1034dc001000c3932520600009f840000000000094
:1034ec0001004238ff004230040040100000000090
:1034fc000500022409000010000000001000c29317
:10350c00010042241000c2a31000c2930200422cfe
:10351c00c7ff4014000000002510000025e8c00380
:10352c001c00bf8f1800be8f2000bd270800e003d1
:10353c0000000000d8ffbd272400bfaf2000beafa5
:10354c0025f0a003330000100000000020808297bb
:10355c0025204000741e400f000000001000c2a384
:10356c001000c393019d023cc01803003089422413
:10357c00211062000000428c248085272520400009
:10358c000514400f00000000100040140000000063
:10359c001000c393019d023c40180300a0874224f5
:1035ac0021106200000042942016027c27100200b9
:1035bc00201e027c208082972016027c2410620040
:1035cc002016027cffff4230208082a71000c2939d
:1035dc00019d033c20896324c0100200211062006d
:1035ec000400428c1400c3272480858f2880868f8a
:1035fc002520600009f84000000000001400c28f74
:10360c000400401000000000020002241200001010
:10361c00000000001715400f0000000004004010cf
:10362c000000000020808297c8ff401400000000ba
:10363c00a21f400f0000000001004238ff00423082
:10364c00f4ff401000000000e115400f00000000e6
:10365c00f0ff00100000000025e8c0032400bf8f1d
:10366c002000be8f2800bd270800e00300000000ea
:10367c00e0ffbd271c00bfaf1800beaf25f0a003b4
:10368c002000c4af2400c5af1000c0a31d00001063
:10369c00000000001000c393019d023cc018030001
:1036ac0030894224211062000000428c2000c58f1a
:1036bc002400c68f252040008e13400f0000000010
:1036cc0001004238ff00423014004014000000009a
:1036dc001000c393019d023c40180300a0874224b4
:1036ec002110620000004394208082972510620014
:1036fc00ffff4230208082a71000c29301004224b9
:10370c001000c2a31000c2930200422ce1ff40142f
:10371c00000000000200001000000000000000008b
:10372c001000c39302000224040062140000000085
:10373c00010002240200001000000000251000000f
:10374c0025e8c0031c00bf8f1800be8f2000bd27ca
:10375c000800e00300000000e8ffbd271400bfaf25
:10376c001000beaf25f0a003251080001c00c5afd3
:10377c002000c6af1800c2a31800c2930200422c4e
:10378c001b004010000000001800c393019d023c78
:10379c00c018030030894224211062000000428cc2
:1037ac001c00c58f2000c68f252040008e13400fb3
:1037bc00000000000e004010000000001800c39331
:1037cc00019d023c40180300a08742242110620096
:1037dc00000043942080829725106200ffff423046
:1037ec00208082a7010002240200001000000000cb
:1037fc002510000025e8c0031400bf8f1000be8ff9
:10380c001800bd270800e00300000000e8ffbd27fa
:10381c001400bfaf1000beaf25f0a0032510800030
:10382c001c00c5af2000c6af1800c2a31800c2937d
:10383c000200422c1b004010000000001800c39333
:10384c00019d023cc0180300308942242110620003
:10385c000000428c1c00c58f2000c68f2520400024
:10386c00c513400f000000000e00401000000000c7
:10387c001800c393019d023c40180300a08742240a
:10388c002110620000004394208082972510620072
:10389c00ffff4230208082a70100022402000010aa
:1038ac00000000002510000025e8c0031400bf8fa5
:1038bc001000be8f1800bd270800e00300000000b8
:1038cc00e8ffbd271400bfaf1000beaf25f0a0036a
:1038dc001800c4af1800c48f480f400f0000000040
:1038ec000e004010000000001800c28f0800428c2f
:1038fc00010043241800c28f080043ac1800c28f8b
:10390c000800438c1800c28f0c00428c0300621418
:10391c00000000001800c28f080040ac1800c28fd5
:10392c000400428c010043241800c28f040043acf5
:10393c001800c28f0400438c1800c28f0c00428cfc
:10394c0003006214000000001800c28f040040ac99
:10395c000000000025e8c0031400bf8f1000be8fcc
:10396c001800bd270800e00300000000f8ffbd2789
:10397c000400beaf25f0a0030800c4af0800c28f3e
:10398c000800428c010043240800c28f080043ac9d
:10399c000800c28f0800438c0800c28f0c00428cb8
:1039ac0003006214000000000800c28f080040ac45
:1039bc000000000025e8c0030400be8f0800bd27ee
:1039cc000800e00300000000e0ffbd271c00bfafb3
:1039dc001800beaf25f0a0032000c4af2400c5af73
:1039ec00508082930019020000a0023cdc054224a6
:1039fc00211062001000c2af50808293010042245b
:103a0c00ff004230508082a31000c28f2000c38f71
:103a1c00000043ac1000c28f2400c38f0c0043acd9
:103a2c001000c48f950e400f000000001000c28fd4
:103a3c0025e8c0031c00bf8f1800be8f2000bd27d7
:103a4c000800e00300000000f8ffbd270400beaf33
:103a5c0025f0a0030800c4af0800c28f040040acde
:103a6c000800c28f080040ac0000000025e8c0032d
:103a7c000400be8f0800bd270800e0030000000012
:103a8c00e0ffbd271c00bfaf1800beaf25f0a003a0
:103a9c002000c4af2000c28f0c00428c1000c2afbb
:103aac002000c48f480f400f000000000100423876
:103abc00ff00423019004010000000002000c28faf
:103acc000400438c2000c28f0800428c2b10620033
:103adc0009004014000000002000c28f0400438c39
:103aec002000c28f0800428c231062001000c2af6d
:103afc000a000010000000002000c28f0c00438c54
:103b0c002000c28f0400428c211862002000c28f5a
:103b1c000800428c231062001000c2af1000c28f4c
:103b2c0025e8c0031c00bf8f1800be8f2000bd27e6
:103b3c000800e00300000000f8ffbd270400beaf42
:103b4c0025f0a0030800c4af0800c28f0c00428c03
:103b5c0025e8c0030400be8f0800bd270800e00361
:103b6c0000000000e8ffbd271400bfaf1000beaf7f
:103b7c0025f0a0031800c4af2510a0001c00c2a3a0
:103b8c001800c28f0000438c1800c28f0400428cb6
:103b9c00211062001c00c393000043a01800c48fc6
:103bac00330e400f000000000000000025e8c003a9
:103bbc001400bf8f1000be8f1800bd270800e00353
:103bcc0000000000e0ffbd271c00bfaf1800beaf17
:103bdc0025f0a0032000c4af2510a0002400c2a330
:103bec00ffff02241000c2af2000c48f480f400f0b
:103bfc000000000001004238ff0042300c00401071
:103c0c00000000002000c28f0000438c2000c28ff7
:103c1c000400428c211062002400c393000043a0d6
:103c2c002000c48f330e400f000000001000c0af06
:103c3c001000c28f25e8c0031c00bf8f1800be8f78
:103c4c002000bd270800e00300000000e0ffbd27b6
:103c5c001c00bfaf1800beaf25f0a0032000c4affe
:103c6c002400c5afffff02241000c2af2000c48f98
:103c7c00380f400f0000000001004238ff004230b6
:103c8c000d004010000000002000c28f0000438c8b
:103c9c002000c28f0800428c21106200000043906b
:103cac002400c28f000043a02000c48f5e0e400f82
:103cbc00000000001000c0af1000c28f25e8c00348
:103ccc001c00bf8f1800be8f2000bd270800e0032a
:103cdc0000000000f8ffbd270400beaf25f0a003d4
:103cec000800c4af0800c28f0400438c0800c28fc8
:103cfc000800428c261062000100422cff0042306a
:103d0c0025e8c0030400be8f0800bd270800e003af
:103d1c0000000000f0ffbd270c00beaf25f0a00393
:103d2c001000c4af1000c28f0400428c010042246a
:103d3c000000c2af1000c28f0c00428c0000c38f79
:103d4c0002006214000000000000c0af1000c28f1f
:103d5c000800428c0000c38f261062000100422c28
:103d6c00ff00423025e8c0030c00be8f1000bd27b9
:083d7c000800e0030000000054
:020000040000fa
:020000041d00dd
:103d84000080013c2638e10040580500425d0b00ec
:103d9400c0520500427d040025504f01c04a040072
:103da4000080083c255048014070070042750e0011
:103db400c06a0700427d06002568af01c0620600a4
:103dc4002568a801ffff6f25fe07e12d970020104d
:103dd40000000000ffffcf25fe07e12dc9002010e1
:103de400000000000080013c2428a10023406e0153
:103df4003300001100000000190000190000000049
:103e04002000012d0900201400000000e0ff08211b
:103e14002b300c002560a60129000d1000000000c5
:103e240000000d34f6ff0010000000002400001113
:103e3400000000002220080004308c0004208d00c3
:103e440006600c0106680d0125608c001c00c01082
:103e54000000000002008c35190000100000000072
:103e640025580e00234008002000012d09002014cd
:103e740000000000e0ff08212b300900254846011e
:103e84000f000a100000000000000a34f6ff0010c2
:103e9400000000000a0000110000000022200800b9
:103ea4000430890004208a000648090106500a01ea
:103eb400254889000200c0100000000002002935d6
:103ec4002678a7001d00e0050000000021482c0111
:103ed4002b782c0121504d0121504f0102004d112e
:103ee400000000002b784d013a00e01100000000b2
:103ef40001002f310200e01100000000020029350a
:103f040042480900c07f0a0025482f0142500a0098
:103f14000080013c2550410101006b25ff0701246d
:103f24002c00611500000000f07f013c2528a10051
:103f34000000042439000010000000002b782c013c
:103f440023482c012b104f0123504f012b784d0196
:103f54002578e20123504d010700e0110000000024
:103f64000080013c2628a1002b7809002348090081
:103f740023500a0023504f0109004015000000009f
:103f8400040020150000000000000b240d000010a8
:103f9400000000002550200100000924e0ff6b25eb
:103fa40020404871070000110000000023586801f8
:103fb40022200800062089000448090104500a014f
:103fc40025504401257849010200e0150000000055
:103fd4000000052470006019000000000004292579
:103fe40000042f2d21504f012b784f0121586f01d0
:103ff400c27a09000100ef3123482f01c2220900cf
:10400400407d0a0025208f0040780a00027b0f00c3
:104014002528af00007d0b002528af0025100400e3
:10402400251805000800e003000000002a7820019c
:104034002148290121504a0121504f0126006015d1
:1040440000000000257849011600e011000000007e
:1040540009004015000000000400201500000000c5
:1040640000000b245bff001000000000255020011d
:1040740000000924e0ff6b252040487155ff001122
:10408400000000002358680122200800062089004f
:104094000448090104500a01255044014dff001051
:1040a40000000000ff0701241600c11100000000f9
:1040b4002140e700257806010300e0150000000018
:1040c400d6ffe004000000002510060025180700b4
:1040d400d4ff001000000000257849012a00e015f3
:1040e40000000000ff070124ccffc1150000000000
:1040f4002678a7002400e00500000000f2ff00106d
:10410400000000002a78800121608c012168ad0143
:104114002168af011900c015000000002578ac012a
:10412400beffe011000000000900a015000000001f
:10413400040080150000000000000e2429ff001078
:10414400000000002568800100000c24e0ffce255b
:104154002040a87123ff0011000000002370c80153
:104164002220080006208c0004600c0104680d0164
:104174002568a4011bff0010000000002578ac0195
:10418400d1ffe01100000000f8ff053c000004240a
:10419400a2ff0010000000000100082423400b01ce
:1041a4002000012d0900201400000000e0ff082178
:1041b4002b300900254846010f000a1000000000ba
:1041c40000000a34f6ff0010000000000a0000118d
:1041d40000000000222008000430890004208a0026
:1041e4000648090106500a01254889000200c0104a
:1041f400000000000200293500000b2477ff0010a6
:084204000000000000000000b2
:020000040000fa
:020000041d00dd
:10420c00e8ffbd271400bfaf1000beaf25f0a00320
:10421c001800c4af1800c48f6a14400f00000000cf
:10422c000000000025e8c0031400bf8f1000be8ff3
:10423c001800bd270800e00300000000f8ffbd27b0
:10424c000400beaf25f0a003251080002518a000a7
:10425c000800c2a3251060000c00c2a70800c2937e
:10426c001000422c0c004010000000000800c3930a
:10427c00019d023c801803006c86422421106200d0
:10428c000000428c04004010000000000c00c2979b
:10429c000400401400000000ffff0224090000107d
:1042ac00000000000800c39300a0023c401803006b
:1042bc00bc054224211062000c00c397000043a4eb
:1042cc002510000025e8c0030400be8f0800bd27a0
:1042dc000800e00300000000f8ffbd270400beaf9b
:1042ec0025f0a003251080000800c2a30800c2938b
:1042fc001000422c09004010000000000800c3937d
:10430c0000a0023c40180300bc05422421106200ae
:10431c00000042940400401400000000ffff02243f
:10432c000c000010000000000800c393019d023c2b
:10433c0040180300a087422421106200000043941f
:10434c003c80829725106200ffff42303c8082a7a0
:10435c002510000025e8c0030400be8f0800bd270f
:10436c000800e00300000000f8ffbd270400beaf0a
:10437c0025f0a003251080000800c2a30800c293fa
:10438c001000422c0400401400000000ffff022427
:10439c0011000010000000000800c393019d023cb6
:1043ac0040180300a08742242110620000004294b0
:1043bc002016027c27100200201e027c3c80829773
:1043cc002016027c241062002016027cffff423073
:1043dc003c8082a72510000025e8c0030400be8f96
:1043ec000800bd270800e00300000000f8ffbd270f
:1043fc000400beaf25f0a003251080002518a000f6
:10440c000800c2a3251060000c00c2a70800c293cc
:10441c001000422c0c004010000000000800c39358
:10442c00019d023c801803006c864224211062001e
:10443c000000428c04004010000000000c00c297e9
:10444c000400401400000000ffff022413000010c1
:10445c00000000000800c39300a0023c40180300b9
:10446c00bc054224211062000c00c397000043a439
:10447c000800c393019d023c40180300a08742240e
:10448c0021106200000043943c808297251062004a
:10449c00ffff42303c8082a72510000025e8c003b6
:1044ac000400be8f0800bd270800e00300000000d8
:1044bc00e8ffbd271400bfaf1000beaf25f0a0036e
:1044cc000d15400f0000000025e8c0031400bf8f3d
:1044dc001000be8f1800bd270800e003000000008c
:1044ec00e8ffbd271400bfaf1000beaf25f0a0033e
:1044fc003c8082974e004010000000003c80829768
:10450c003e8082a73e80829725204000741e400f7b
:10451c0000000000408082a34080829300a0033cf6
:10452c0040200200bc056324211883000000639422
:10453c00ffff6324ffff643000a0033c402802000f
:10454c00bc0563242118a300000064a400a0043c53
:10455c0040180200bc058224211062000000429425
:10456c00200040140000000003000224448082afad
:10457c0040808293488082a7408082932518400017
:10458c00019d023c801803006c86422421106200bd
:10459c000000428c4480848f4880858f09f840004d
:1045ac00000000004080829325184000019d023cd1
:1045bc0040180300a087422421106200000042949e
:1045cc002016027c27100200201e027c3c80829761
:1045dc002016027c241062002016027cffff423061
:1045ec003c8082a74080829325184000019d023cac
:1045fc0040180300a087422421106200000042945e
:10460c002016027c27100200201e027c3e8082971e
:10461c002016027c241062002016027cffff423020
:10462c003e8082a73e808297b6ff401400000000b7
:10463c000000000025e8c0031400bf8f1000be8fdf
:10464c001800bd270800e003000000002540c00052
:10465c00251080009400e0142518a0002b30a60033
:10466c003200c010203006710600c0102320060056
:10467c00062082000418c5000440c80025188300d9
:10468c000410c200022c08001b006500f401a000fd
:10469c00ffff0731024c020012200000101800002e
:1046ac0002208770001c0300251869002b48640049
:1046bc000800205123186400211868002b4868005a
:1046cc00030020152b4864000100205521186800b8
:1046dc00231864001b006500f401a000ffff4230aa
:1046ec00122000001018000002208770001c03002c
:1046fc00251062002b184400090060502310440060
:10470c00211048002b184800050060542310440069
:10471c002b18440001006054211048002310440061
:10472c000610c2000800e003251800000400001564
:10473c00010003241b006800f4010001124000007a
:10474c00203006712900c014200003242328a8005f
:10475c00022408001b00a400f4018000ffff0731b5
:10476c00024c02001218000010280000021867709a
:10477c00002c05002528a9002b48a3000800205177
:10478c002328a3002128a8002b48a80003002015eb
:10479c002b48a300010020552128a8002328a300a2
:1047ac001b00a400f4018000ffff4230121800002f
:1047bc001028000002186770002c05002510a200bc
:1047cc002b204300d6ff80502310430021104800bb
:1047dc002b204800030080142b2043000100805440
:1047ec0021104800ceff0010231043002318660050
:1047fc000438c5000440c800061064000628650093
:10480c0025104700023c08001b00a700f401e00043
:10481c00ffff09310254020012180000102800009a
:10482c0002186970002c05002528aa002b50a30043
:10483c00080040512328a3002128a8002b50a800d1
:10484c00030040152b50a300010040552128a8005f
:10485c002328a3001b00a700f401e000ffff423057
:10486c00121800001028000002186970002c0500b6
:10487c002528a2002b10a300090040100410c4002e
:10488c002128a8002b10a800050040140410c40017
:10489c002b10a300010040542128a8000410c400d0
:1048ac00abff00102328a3002b40a7005c000015d1
:1048bc002040e8700b000055200002242b40e5003e
:1048cc00030000152b408600550000150000000069
:1048dc00231086002338a7002b1882000800e00361
:1048ec002318e3002310480006184600043807017b
:1048fc0025386700026407000418050106284500e6
:10490c001b00ac00f4018001ffffea3006584400a4
:10491c0025586301021c0b001270000010280000c7
:10492c0002684e71002c05002518a3002b286d0081
:10493c000a00a0102548c001211867002b28670029
:10494c000600a014ffffc9252b286d000400a05001
:10495c0023186d00feffc9252118670023186d0070
:10496c001b006c00f4018001ffff6b31122800006a
:10497c001018000002504571001c030025186b0034
:10498c002b606a000a0080112558a00021186700ce
:10499c002b60670006008015ffffab242b606a00bc
:1049ac0004008051004c0900feffab242118670065
:1049bc00004c090025482b0104280601190025018b
:1049cc0023186a0010580000125000002b606b0076
:1049dc0004200401254860010500801525304001a4
:1049ec0007006b142b608a000600801123308600b0
:1049fc0023304501233867012b5046012348ea0038
:104a0c00233086002b2086002318690023186400ad
:104a1c000410430006300601251046000618030159
:104a2c000800e003000000002540c0002548e0001d
:104a3c00255080009300e0142518a0002b10a60030
:104a4c00350040102010c2700600401023200200d8
:104a5c0006208a00041845000440460025188300ef
:104a6c0004504a00022c08001b006500f401a00051
:104a7c00ffff043102140a00123800001018000065
:104a8c0002308770001c0300251862002b5866004a
:104a9c000a0060112510e000211868002b586800ee
:104aac0006006015ffffe2242b58660004006051dd
:104abc0023186600feffe224211868002318660004
:104acc001b006500f401a000ffff4a31123000000a
:104adc001018000002208670001c030025186a00c4
:104aec002b3864000800e0102528c00021180301b1
:104afc002b40680004000015ffffc5242b20640028
:104b0c0001008054feffc52400140200251045004e
:104b1c000800e003251820010400c0140100022441
:104b2c001b004600f401c000124000002038077141
:104b3c001e00e054200002242328a80001000924b0
:104b4c00021c08001b00a300f4016000ffff0431ed
:104b5c0002140a001238000010280000023087707e
:104b6c00002c05002528a2002b58a6000a00601175
:104b7c002510e0002128a8002b58a800060060157d
:104b8c00ffffe2242b58a600040060512328a60046
:104b9c00feffe2242128a8002328a6001b00a30066
:104bac00f4016000c9ff0010ffff4a3123104700d9
:104bbc000440e8000418e5000254080006284500eb
:104bcc001b00aa00f4014001063044002530c3004c
:104bdc00ffff0331024c06001258000010280000a1
:104bec0002106b70002c05002528a9002b60a20078
:104bfc000a008011254860012128a8002b60a8001c
:104c0c0006008015ffff69252b60a200040080516f
:104c1c002328a200feff69252128a8002328a20032
:104c2c001b00aa00f4014001ffffc6301250000027
:104c3c001028000002106a70002c05002528a60020
:104c4c002b30a2000a00c010251840012128a80012
:104c5c002b30a8000600c014ffff43252b30a20008
:104c6c000400c050004c0900feff43252128a80079
:104c7c00004c09000450e4002328a200b0ff0010ef
:104c8c00254823012b18a70025480000a0ff60141d
:104c9c00251000002040e870070000552000022479
:104cac002b38e5009affe014010002242b1086003b
:104cbc0097ff0010010042382310480006184600e8
:104ccc000438070125386700025c07000418050149
:104cdc00062845001b00ab00f4016001ffffe93022
:104cec00065044002550430102140a0012680000cb
:104cfc001028000002602d71001c050025186200b0
:104d0c002b286c000a00a0102510a00121186700a8
:104d1c002b2867000600a014ffffa2252b286c008f
:104d2c000400a05023186c00feffa2252118670078
:104d3c0023186c001b006b00f4016001ffff4a316b
:104d4c00125800001018000002282b71001c0300e0
:104d5c0025186a002b5065000a0040112548600197
:104d6c00211867002b50670006004015ffff6925ce
:104d7c002b5065000400405100140200feff692511
:104d8c0021186700001402002510490004300601a8
:104d9c001900c20023186500103800002b4867006a
:104dac00070020151230000059ff67142548000039
:104dbc00042004012b20860055ff80100000000009
:104dcc00ffff422452ff001025480000f0ffbd27d2
:104ddc000c00beaf25f0a0031000c4af2510a0003e
:104dec001400c2a31000c28f0000c2af1400c29303
:104dfc00ffff4224ff0043300000c28f000043a09d
:104e0c000000c28f010040a00000c28f020040a031
:104e1c000000c28f0000429025e8c0030c00be8f3a
:104e2c001000bd270800e00300000000f0ffbd27c4
:104e3c000c00bfaf0800beaf25f0a0031000c4af3c
:104e4c001400c5af1800c6af1000c28f0000c2af6f
:104e5c000000c28f020043900000c28f00004290fd
:104e6c002b10620021004010000000000060624125
:104e7c00c0000000000000000000c28f0100429042
:104e8c00251840000000c28f0200429021106200e1
:104e9c000000c38f000063901a004300f40160000f
:104eac001010000001004224c01002001000c38f3b
:104ebc00211062001400c48f1800c38f000044ac92
:104ecc00040043ac0000c28f020042900100422457
:104edc00ff0043300000c28f020043a020606241fb
:104eec000100022402000010000000002510000048
:104efc0025e8c0030c00bf8f0800be8f1000bd2733
:104f0c000800e00300000000f0ffbd270c00bfaf5d
:104f1c000800beaf25f0a0031000c4af1400c5af4d
:104f2c001800c6af1000c28f0000c2af0000c28fc5
:104f3c00020043900000c28f000042902b106200d0
:104f4c002a0040100000000000606241c000000018
:104f5c00000000000000c28f0200429001004224b9
:104f6c00ff0043300000c28f020043a00000c28f3c
:104f7c000100429009004014000000000000c28fa4
:104f8c0000004290ffff4224ff0043300000c28f1c
:104f9c00010043a007000010000000000000c28fb9
:104fac0001004290ffff4224ff0043300000c28ffb
:104fbc00010043a00000c28f010042900100422476
:104fcc00c01002001000c38f211062001400c48fa7
:104fdc001800c38f000044ac040043ac2060624155
:104fec000100022402000010000000002510000047
:104ffc0025e8c0030c00bf8f0800be8f1000bd2732
:10500c000800e00300000000f0ffbd270c00bfaf5c
:10501c000800beaf25f0a0031000c4af1400c5af4c
:10502c001000c28f0400c2af0400c28f0200429075
:10503c00320040100000000000606241c00000001f
:10504c00000000000400c28f0100429001004224c5
:10505c00c01002001000c38f211862001400c28f10
:10506c000000648c0400638c000044ac040043ac6e
:10507c000400c28f0100429001004224ff00433023
:10508c000400c28f010043a00400c28f01004390b2
:10509c000400c28f000042902b1062000b004014e1
:1050ac00000000000400c28f010043900400c28f76
:1050bc00000042901b006200f40140001010000040
:1050cc00ff0043300400c28f010043a00400c28fd4
:1050dc0002004290ffff4224ff0043300400c28fc5
:1050ec00020043a00400c28f020042900000c2a341
:1050fc002060624106000010000000001400c28f06
:10510c00000040ac1400c28f040040a40000c0a3f7
:10511c000000c29325e8c0030c00bf8f0800be8faf
:10512c001000bd270800e00300000000f0ffbd27c1
:10513c000c00beaf25f0a0031000c4af1000c28f4e
:10514c000000c2af0000c28f020042900100422c4e
:10515c00ff00423025e8c0030c00be8f1000bd27b5
:10516c000800e00300000000e8ffbd271400bfaffb
:10517c001000beaf25f0a0033c15400f000000004e
:10518c000000000025e8c0031400bf8f1000be8f84
:10519c001800bd270800e00300000000f0ffbd2749
:1051ac000c00bfaf0800beaf25f0a0031000c4afc9
:1051bc001000c28f240040100000000000b8034013
:1051cc000002023c2510620000b88240c0000000c2
:1051dc001000c28f308082af004802400000c2af86
:1051ec000000c38f1000c28f211062000058824053
:1051fc00c000000088bf033c0010628c0100042436
:10520c000463827c001062ac88bf033c9010628cfb
:10521c00030004248420827c901062ac88bf033c81
:10522c003010628c0400027c301062ac88bf033cee
:10523c006010628c010004240400827c601062ac5b
:10524c0020606241000000000000000025e8c0035f
:10525c000c00bf8f0800be8f1000bd270800e003b4
:10526c000000000000e85d4100701b4002601a4025
:10527c00d0ffbd272c00bbaf00601b402400baaf91
:10528c002800bbaf44781b7c000c7b3700609b4034
:10529c000800a3af0400a2af2400a38f0f0063305b
:1052ac0004006014000000001400bfaf1000beaf7b
:1052bc000c00a4af00000000121000001c00a2aff4
:1052cc00101800001800a3af25f0a00388bf023c03
:1052dc0001000324341043ac00606241c0000000a4
:1052ec0000000000004803400058024023106200f8
:1052fc00348082af3080828ff4ff43243480828fdd
:10530c002b1043000a00401000000000005803401e
:10531c003080828f2110620000588240c000000053
:10532c0001000224388082a3160000100000000047
:10533c003080828f421802003480828f21186200e4
:10534c003080828f1b006200f401400010100000be
:10535c0012100000ff00423001004224ff004230d6
:10536c00388082a300580340388082932520400067
:10537c003080828f021082702110620000588240af
:10538c00c0000000206062412c808293ff004330fb
:10539c003880829321106200ff0042302c8082a35f
:1053ac0038808293251840002e808297ffff423070
:1053bc0021106200ffff42302e8082a70000000007
:1053cc0025e8c0031c00a28f130040001800a38f17
:1053dc00110060002400a28f0f0042300600401420
:1053ec00000000001400bf8f1000be8f0c00a48fb3
:1053fc000800a38f0400a28f000000000060604131
:10540c00c00000002c00ba8f2800bb8f00709a409f
:10541c002400ba8f3000bd2702609a4000e8dd41bd
:10542c0000609b4018000042f8ffbd270400beaf8f
:10543c0025f0a0032e808297ffff423025e8c003a1
:10544c000400be8f0800bd270800e0030000000028
:10545c00e8ffbd271400bfaf1000beaf25f0a003be
:10546c0008000010000000003b11400f000000007d
:10547c002c808293ff004230ffff4224ff00423019
:10548c002c8082a32c808293ff004230f6ff4014c4
:10549c00000000000100022425e8c0031400bf8fa7
:1054ac001000be8f1800bd270800e00300000000ac
:1054bc00e8ffbd271400bfaf1000beaf25f0a0035e
:1054cc003c15400f000000000000000025e8c00360
:1054dc001400bf8f1000be8f1800bd270800e0031a
:1054ec0000000000e8ffbd271400bfaf1000beafe6
:1054fc0025f0a00388bf023c0061428c8439027cf9
:10550c002518400088bf023c006143ac88bf033cb7
:10551c003061629401000424c439827c306162a43d
:10552c0088bf033c10616294c439027c106162a490
:10553c0088bf033c10616294010004248431827c96
:10554c00106162a481bf023c0100032448fb43ac00
:10555c0081bf023c0100032450fa43ac80bf033ce2
:10556c0000606294c47b027c006062a480bf033c38
:10557c000060629401000424c418827c006062a460
:10558c0080bf023c106040ac80bf023c2a00032468
:10559c00406043ac010002241c8082af80bf033cfe
:1055ac001060628c010004248452827c106062ac16
:1055bc0080bf033c1060628c010004240463827c75
:1055cc00106062ac80bf033c006062940100042454
:1055dc00c47b827c006062a40004052400a0023c11
:1055ec0044014424750e400f000000004c8082af33
:1055fc000000000025e8c0031400bf8f1000be8f10
:10560c001800bd270800e00300000000f8ffbd27cc
:10561c000400beaf25f0a0030000000080bf023cd8
:10562c001060428c0000427cff004230fbff4010b7
:10563c000000000080bf023c1060428c4000427ca5
:10564c00ff004230050040100000000080bf033c0a
:10565c001060628c4408027c106062ac80bf023c1b
:10566c003060428cff00423025e8c0030400be8f3e
:10567c000800bd270800e00300000000e8ffbd277c
:10568c001400bfaf1000beaf25f0a00325108000a2
:10569c001800c2a34c80828f1800c3932528600089
:1056ac0025204000dc0e400f000000000000000030
:1056bc0025e8c0031400bf8f1000be8f1800bd2753
:1056cc000800e00300000000f8ffbd270400beaf97
:1056dc0025f0a00380bf023c1060428c8000427c0d
:1056ec00ff004230060040100000000080bf023c6a
:1056fc003060428c251000000700001000000000f4
:10570c0080bf023c1060428c0000427cff004230a3
:10571c002b100200ff00423025e8c0030400be8fae
:10572c000800bd270800e00300000000e8ffbd27cb
:10573c001400bfaf1000beaf25f0a00325108000f1
:10574c001800c2a34c80828f1800c39325286000d8
:10575c0025204000dc0e400f00000000000000007f
:10576c0025e8c0031400bf8f1000be8f1800bd27a2
:10577c000800e00300000000e0ffbd271c00bfafe5
:10578c001800beaf25f0a0030b00001000000000b5
:10579c004c80828f1000c3272528600025204000f4
:1057ac00160f400f000000001000c2932518400097
:1057bc0080bf023c206043ac4c80828f252040008f
:1057cc00380f400f0000000001004238ff0042304b
:1057dc00070040100000000080bf023c1060428cab
:1057ec004002427cff004230e9ff40100000000004
:1057fc000000000025e8c0031c00bf8f1800be8ffe
:10580c002000bd270800e00300000000e0ffbd27da
:10581c001c00bfaf1800beaf25f0a0032000c4af22
:10582c002400c5af2800c6af2c00c7af2c00c28f18
:10583c001000a2af2400c78f2000c68f2800c58f90
:10584c00019d023cd0874424cb0b400f000000008c
:10585c00e115400f00000000fdff001000000000eb
:020000040000fa
:020000041d00dd
:10586c004050050042550a00c04a0500427d040024
:10587c0025482f01c042040000800e3c25482e0113
:10588c0040680700426d0d00c0620700427d0600b3
:10589c0025608f01c05a060025608e012628a700be
:1058ac002428ae00ffff4f25fe07e12d48002010f5
:1058bc0000000000ffffaf25fe07e12d7300201054
:1058cc000000000002fcaf2521504f0119002c01f3
:1058dc00123800001070000019000b01122000009b
:1058ec001030000019002b01125800001068000045
:1058fc002130cb002b78cb002138ed002138ef0084
:10590c000200ed10000000002b78ed002170cf019b
:10591c0019000c0112400000104800002130c80092
:10592c002b78c8002138e9002138ef000200e9107b
:10593c00000000002b78e9002170cf01257886004b
:10594c000200e011000000000100e73425480e00c1
:10595c002540070006002005000000002a78000101
:10596c00214008012148290121482f01ffff4a2528
:10597c00ffff4f25fe07e12d7100201000000000f5
:10598c000004082500040f2d21482f012b782f012e
:10599c0021504f01c27a08000100ef3123400f0162
:1059ac00c2220800407d090025208f0040780900a4
:1059bc00027b0f002528af00007d0a002528af00d0
:1059cc0025100400251805000800e0030000000065
:1059dc002a780001214008012148290121482f0182
:1059ec001e00401500000000257828011600e0116b
:1059fc000000000009002015000000000400001544
:105a0c000000000000000a24aaff001000000000a3
:105a1c002548000100000824e0ff4a2520702e7163
:105a2c00a4ffc0110000000023504e0122380e00cc
:105a3c000638e8000440c8010448c901254827017c
:105a4c009cff001000000000ff0701243800a1118a
:105a5c0000000000daff001000000000257828018b
:105a6c003300e015000000000500a0150000000048
:105a7c0040780c002578eb012d00e01100000000af
:105a8c00ff0701242500a115000000002a78600101
:105a9c0021586b0121608c0121608f011c00a01525
:105aac000000000025788b011600e01100000000ba
:105abc0009008015000000000400601500000000c3
:105acc0000000d247fff0010000000002560600125
:105adc0000000b24e0ffad252030867179ffc0104b
:105aec00000000002368a601227006000670cb019e
:105afc000458cb000460cc0025608e0171ff0010af
:105b0c000000000000000424adff001000000000a5
:105b1c0025788b010600e01500000000f07f013ca9
:105b2c002528a10000000424a5ff0010000000009f
:105b3c00f8ff053c00000424a1ff00100000000049
:105b4c00f6ff401d0000000001000e242370ca0166
:105b5c002000c12d0900201400000000e0ffce2120
:105b6c002b300800254026010f0009100000000012
:105b7c0000000934f6ff0010000000000a00c011fc
:105b8c000000000022380e000430e8000438e90060
:105b9c000640c8010648c9012540e8000200c010b3
:105bac0000000000020008350004082500040f2d39
:105bbc0021482f01c257090076ff00100000000099
:045bcc0000000000d5
:020000040000fa
:020000041d00dd
:105bd000e0ffbd271c00bfaf1800beaf25f0a0033b
:105be000251080002000c2a7010002241000c2a3db
:105bf0002000c297252040007e17400f00000000c3
:105c0000788082a3788082930900422c040040149b
:105c1000000000001000c0a33400001000000000cd
:105c200081bf033c00906294c47b027c009062a41c
:105c300081bf033c00906294010004248410827ca4
:105c4000009062a481bf033c009062940421027c16
:105c5000009062a481bf033c00906294070004247a
:105c60004439827c009062a481bf033c109062940e
:105c7000010004244408827c109062a481bf033c8c
:105c800010906294010004248452827c109062a4db
:105c900078808293ffff42248018020081bf023c7b
:105ca000189043ac81bf023c01000324209043a024
:105cb00081bf033c209062940f0004240462827c24
:105cc000209062a481bf023c409040ac2000c3976a
:105cd00081bf023c509043ac81bf033c0090629472
:105ce00001000424c47b827c009062a41000c29353
:105cf00025e8c0031c00bf8f1800be8f2000bd2701
:105d00000800e00300000000e8ffbd271400beaf5c
:105d100025f0a0031800c4af81bf033c009062943b
:105d20008410027c009062a481bf023c1090428cdf
:105d3000c001427cff0043300100022406006214cf
:105d40000000000081bf023c709042240400c2affa
:105d5000040000100000000081bf023cf0904224cb
:105d60000400c2af0000c0a310000010000000003b
:105d70000000c293001102000400c38f21186200ca
:105d80000000c293801002001800c48f211082000e
:105d90000000638c000043ac0000428c0800c2afde
:105da0000000c293010042240000c2a378808293c5
:105db0000000c3932b106200edff401400000000b0
:105dc00081bf033c00906294010004248410827c13
:105dd000009062a488bf023c0010033c341043ac26
:105de0000000000025e8c0031400be8f1800bd2786
:105df0000800e00300000000f0ffbd270c00beaf6c
:105e000025f0a003251080001000c2a70000c0a349
:105e10000c000010000000001000c297ffff422499
:105e2000ffff4230201e027c1000c2872410620057
:105e30002016027c1000c2a70000c2930100422479
:105e40000000c2a31000c297f3ff4014000000003e
:105e50000000c29325e8c0030c00be8f1000bd27d0
:105e60000800e00300000000e0ffbd271c00bfaffa
:105e70001800beaf25f0a003251080002000c2a3ab
:105e80002000c2936c8082a3009d023c08794424c8
:105e9000cb0b400f00000000009d023c24794624fb
:105ea000009d023c30794524009d023c3c7944240d
:105eb000cb0b400f00000000009d023c54794424ad
:105ec000cb0b400f00000000020002241000c2af04
:105ed0006c8082931000c58f1400c68f252040006f
:105ee000d90d400f00000000040040100000000029
:105ef0000100022402000010000000002510000034
:105f000025e8c0031c00bf8f1800be8f2000bd27ee
:105f10000800e00300000000e8ffbd271400bfaf49
:105f20001000beaf25f0a0031800c4af1c00c5af21
:105f30006c8082931800c58f1c00c68f25204000fe
:105f4000d90d400f0000000025e8c0031400bf8fea
:105f50001000be8f1800bd270800e00300000000fd
:105f6000e0ffbd271c00bfaf1800beaf25f0a003a7
:105f70002000c4af2400c5af2800c6af1000c0afda
:105f80002400c28f0200032406004310000000001a
:105f9000050003240c004310000000003200001034
:105fa000000000006c80829325284000009d023c88
:105fb00058794424cb0b400f00000000708080af64
:105fc00029000010000000002800c29731000324bf
:105fd00006004310000000003200032407004310b5
:105fe000000000000b000010000000000700022469
:105ff000708082af0f000010000000000800022433
:10600000708082af02000224748082a70900001011
:10601000000000002800c29725284000009d023c97
:1060200090794424cb0b400f00000000708080afbb
:10603000000000007080848f7480858f9f0d400f5a
:10604000000000007080828f74808397253060008c
:1060500025284000009d023cac794424cb0b400f26
:1060600000000000000000002000c28f1000c48f5c
:106070001400c38f000044ac040043ac2000c28f66
:1060800025e8c0031c00bf8f1800be8f2000bd276d
:086090000800e003000000001d
:020000040000fa
:020000041d00dd
:10609800a8ffbd274800b6af25b0c0000400a68cf5
:1060a8004400b5af4000b4af3400b1af0000b58cc8
:1060b8005400bfaf5000beaf4c00b7af3c00b3af09
:1060c8003800b2af3000b0af25a080002588a0000e
:1060d8004a00c0042518e0004408157c0800278ef3
:1060e8001000a9320000d28e0400de8e04002011b8
:1060f80025b8e00025105e0201004054fefff72499
:106108000800a83201000055fffff7261000308e66
:106118000c00338effff102621107002000040a0f3
:106128002528e0020200022a0a00401425105e0217
:10613800340040142310d700211045003500401cbe
:10614800251000000300a0180200a23231004014fc
:10615800251000000b002011000000000000c28e76
:106168000400c48e2510440006004010211070025f
:10617800feff1026ffff43a0211070023000032409
:10618800000043a00400001120000324ffff102694
:1061980021107002000043a01000268e21287002f2
:1061a800ffffc6241000b5af2330d000eb1c400f12
:1061b800252080020400838e0001633004006010f3
:1061c8005400bf8f0400238e2a2043000b10640064
:1061d8005000be8f4c00b78f4800b68f4400b58f73
:1061e8004000b48f3c00b38f3800b28f3400b18fb9
:1061f8003000b08f0800e0035800bd27b7ff00103b
:10620800010006240f0042320a004a280200401109
:106218005700442430004424bfff62241a00422c53
:1062280013004010200082349fff42241a00422ca1
:1062380010004050ffff10266400a3af2800a7af4e
:106248002400a6af2000a5af1c00a8af6f22400f06
:106258001800a9af6400a38f2800a78f2400a68f79
:106268002000a58f1c00a88f1800a98f25204000aa
:10627800ffff102621107002000044a002911200b6
:1062880000171e00ffffa52425905200a5ff00104f
:0462980002f11e00f1
:020000040000fa
:020000041d00dd
:10629c002510850037004010251000000100022455
:1062ac0044008210c21f0500ffff0224330082103d
:1062bc000a00022450008210f6ff022445008210ce
:1062cc00ffff02243400a004000000004e00a014c4
:1062dc00203086702000c624f8ffc2244238040007
:1062ec0027480200200048300428450006382701c2
:1062fc0004104400252040002528e5000b20080050
:10630c000b2848003e040224233046000700873047
:10631c00251080002b00e050c2100400c000427c0d
:10632c0003004224212044002b1082002128450028
:10633c000006a27c23004010c210040002110400cd
:10634c00003f05000100c6242510e20002210500d3
:10635c000005857c0200a050253000000098847c4c
:10636c00c01a030025186600001d03000800e00396
:10637c00251864000800e00325180000cdffa45484
:10638c000a000224c01a0300ff036334001d03003b
:10639c000800e00325100000340080100080023c4f
:1063ac002b1004002328050023200400c7ff001035
:1063bc002328a200bdffa054ffff0224f2ff00100f
:1063cc00c01a0300403f05002510e200e0ff00105a
:1063dc00c2200500bbffa21400000000c01a03007d
:1063ec00020463340400043c001d0300251000006b
:1063fc000800e00325186400b0ffa054f6ff022447
:10640c00f7ff0010c01a03002030a6700800072404
:10641c002338e6000600e01c40400500aeffe01407
:10642c002510800007008730baff001036040624c0
:10643c00274807000610e400042028012000e8305b
:10644c000638e500251082002520e0000a204800cf
:10645c002528e0003e0409240b28080023302601df
:10646c0025108000abff001007008730cdffa25431
:10647c002b1004003e04062425100000b7ff00106a
:04648c001000043cbc
:020000040000fa
:020000041d00dd
:10649000440500a07800000000000000100000a0eb
:1064a0001900000000000000bc0500a02000000052
:1064b000000000002c0000a0100000000000000000
:1064c000440100a000040000000000003c0000a007
:1064d0000400000000000000dc0500a02000000017
:1064e00000000000400000a00100000000000000cb
:1064f000fc0500a01900000000000000440000a0fe
:106500001500000000000000000000a00a000000cc
:1065100001000000008182838485ff00ff000000ed
:106520005c0000a00d000000000000000c0000a0b6
:10653000040000000100000002000000180600a096
:1065400004000000000000006c0000a068000000d3
:1065500001000000740000a0740000a00200000010
:106560000300000000000000000000000000000028
:1065700000000000000000006877009d000000009f
:106580000000000000000000d08a009dc88a009d25
:10659000ff000000000000000000000000000000fc
:1065a00000000000000000000000000000000000eb
:1065b0000000000000000000000000003c0100a0fe
:1065c0000400000001000000700000a0d40000a042
:1065d0006800000001000000dc0000a0dc0000a05a
:1065e00001000000030000000000000000000000a7
:1065f0000000000000000000000000006877009d1f
:10660000000000000000000000000000d08a009d93
:10661000f88a009d0000000000000000000000005b
:10662000000000000000000000000000000000006a
:10663000000000000000000000000000000000005a
:10664000400100a00400000001000000d80000a0ec
:106650001c0600a004000000000000000000000074
:020000040000fa
:020000041d00dd
:10666000e0ffbd271c00bfaf1800beaf25f0a003a0
:106670001000c0af5d14400f00000000204e042445
:10668000040d400f000000001000c2af1000c28fc8
:106690000400401400000000500d400f00000000f6
:1066a0001000c2af1000c38f050002242b0062103f
:1066b000000000001000c28f0600422c3500401080
:1066c000000000001000c38f0100022407006210c8
:1066d000000000001000c38f0300022411006210ac
:1066e000000000002b000010000000001000c0aff0
:1066f0001000c38f0100022434006210000000006b
:10670000019d023ca880472429000624019d023ceb
:1067100028804524019d023c408044248a21400f6a
:10672000000000001000c0af1000c38f030002245f
:106730002900621000000000019d023ca88047244f
:1067400030000624019d023c28804524019d023c26
:10675000588044248a21400f000000001000c0af80
:106760001000c38f050002241e006210000000000c
:10677000019d023ca880472437000624019d023c6d
:1067800028804524019d023c748044248a21400fc6
:10679000000000001000c0af1000c38f06000224ec
:1067a0001300621000000000019d023ca8804724f5
:1067b0003e000624019d023c28804524019d023ca8
:1067c0008c8044248a21400f00000000000000005b
:1067d000080000100000000000000000050000108c
:1067e0000000000000000000020000100000000097
:0c67f00000000000ffff0010000000008f
:020000040000fa
:020000041d00dd
:1067fc00f00002245800a210f100a328270060101a
:10680c0025100000c00003245300a310c100a328ce
:10681c00220060109100a3281d0060108000a328a6
:10682c001e00601480ffa5241100a22c4f00401004
:10683c0080280500009d023c586842242110450028
:10684c000000428c08004000000000001069009d10
:10685c001069009d3c69009d7869009db068009da1
:10686c007869009d7869009d7869009dec68009db1
:10687c007869009d7869009d7869009d7869009d14
:10688c007869009d7869009d7869009d3c69009d40
:10689c00a00003242200a3500000e28c0800e003b7
:1068ac00000000000000e28c040043240000428c35
:1068bc000600c0100000e3ac2016027c000082ac85
:1068cc00c317020004000010040082acffff42302a
:1068dc00000082ac040080ac0800e003010002243c
:1068ec000000e28c040043240000428c0300c01022
:1068fc000000e3acf1ff00102014027cf4ff001048
:10690c00ff0042300000e38c0000628c0400632422
:10691c00efffc0100000e3ace9ff0010000082acf8
:10692c00040043240000e3ace4ff00100000428ca0
:10693c000000e28c070042240410027c0000488c0a
:10694c000400498c080042240000e2ac000088ac32
:10695c00e1ff0010040089ac0000e28c0400432429
:10696c000000e3acdaff00100000428c25100000a0
:08697c000800e0030000000028
:020000040000fa
:020000041d00dd
:106984001b5b324a000000000d5374617274696e1f
:1069940067204d616c6c617264436f6d6d756e69d7
:1069a400636174696f6e536572766963653a20003a
:1069b4004d617920313120323032360032313a356e
:1069c400353a333600000000636f6d70696c65649e
:1069d400206174202573206f6e2025730000000051
:1069e4000a0d00000d45535f494e495420726563fa
:1069f400656976656420696e204d616c6c617264b2
:106a0400436f6d6d756e69636174696f6e53657202
:106a1400766963652c207072696f726974793a20a3
:106a240025640d0a000000000d4d616c6c617264f8
:106a3400436f6d6d756e69636174696f6e536572d2
:106a44007669636520696e697469616c697a6174d9
:106a5400696f6e20636f6d706c6574650d0a00005c
:106a64000d4348414e47455f414444522065766595
:106a74006e7420726563656976656420696e204d65
:106a8400616c6c617264436f6d6d756e6963617482
:106a9400696f6e536572766963652c206e65772025
:106aa40064657369726564206164647265737320dc
:106ab4004c53423a203078253032580d0a000000f9
:106ac4000d56616c6964206d65737361676520722e
:106ad4006563656976656420696e204d616c6c61df
:106ae4007264436f6d6d756e69636174696f6e5323
:106af4006572766963652c20504149524544210de5
:026b04000a0085
:020000040000fa
:020000041d00dd
:106b0800feff09244050050040580700255864013d
:106b18002558660125504b0104004015000000006f
:106b2800000002244700001000000000404005005b
:106b3800020080100000000001000825e0ff013c71
:106b4800010021342b080101410020100000000041
:106b5800404007000200c0100000000001000825a6
:106b6800e0ff013c010021342b080101380020100e
:106b7800000000001b00a104000000000400e00465
:106b880000000000ffff02242e000010000000009b
:106b98002b508600232086002b58aa002328aa0001
:106ba8002b50a70025504b012328a70004004011b3
:106bb8000000000001000224220000100000000074
:106bc8002550a4000400401100000000ffff02242b
:106bd8001c00001000000000000002241900001032
:106be800000000000400e10400000000010002248d
:106bf80014000010000000002b508600232086009f
:106c08002b58aa002328aa002b50a70025504b0177
:106c18002328a7000400401100000000ffff022401
:106c280008000010000000002550a40004004011d6
:106c38000000000001000224020000100000000013
:106c4800000002240800e00300000000000000002b
:106c580025100900fbff00100000000000000000e4
:020000040000fa
:020000041d00dd
:106c6800feff0924405005004058070025586401dc
:106c78002558660125504b0104004015000000000e
:106c880000000224470000100000000040400500fa
:106c9800020080100000000001000825e0ff013c10
:106ca800010021342b0801014100201000000000e0
:106cb800404007000200c010000000000100082545
:106cc800e0ff013c010021342b08010138002010ad
:106cd800000000001b00a104000000000400e00404
:106ce80000000000ffff02242e000010000000003a
:106cf8002b508600232086002b58aa002328aa00a0
:106d08002b50a70025504b012328a7000400401151
:106d18000000000001000224220000100000000012
:106d28002550a4000400401100000000ffff0224c9
:106d38001c000010000000000000022419000010d0
:106d4800000000000400e10400000000010002242b
:106d580014000010000000002b508600232086003d
:106d68002b58aa002328aa002b50a70025504b0116
:106d78002328a7000400401100000000ffff0224a0
:106d880008000010000000002550a4000400401175
:106d980000000000010002240200001000000000b2
:106da800000002240800e0030000000000000000ca
:106db80001000234fbff001000000000000000008a
:020000040000fa
:020000041d00dd
:106dc8002518c0000400678cc0ffbd270000a28cf6
:106dd8003800b4afc2a707003400b3af3000b2af79
:106de8002c00b1af2800b0af258880000800b28c15
:106df8000400a48c0c00b38c0000c68c3c00bfaf10
:106e08002580a000400080122000a2af2b180600a9
:106e1800233807002338e3000800800423300600e5
:106e28004408027c050080162000a2af2000a28f33
:106e38000400433025006010c000427cffff42265a
:106e48002000a3271800a3af0a0003241400a3af4f
:106e58001000a2afc81b400f252000021d008012a1
:106e68002d000324ffff422421206202000083a09a
:106e78001000068e2000a38fffffc6241000a3afca
:106e8800253840022330c20021286202eb1c400f43
:106e9800252020020400238e0001633004006010c6
:106ea8003c00bf8f0400038e2a2043000b106400af
:106eb8003800b48f3400b38f3000b28f2c00b18ffc
:106ec8002800b08f0800e0034000bd27dcff001059
:106ed800231042022000a38f040064300400805075
:106ee80008006330ffff4224dfff00102b0003245b
:106ef800dfff601020000424ffff422421186202f3
:106f0800dbff0010000064a0c6ff83044408027c75
:086f1800c7ff00102000a28f4a
:020000040000fa
:020000041d00dd
:106f20000400828cc0ffbd273400b7af1c00b1af96
:106f30001800b0af5800b78f3c00bfaf3800beafed
:106f40003000b6af2c00b5af2800b4af2400b3af0b
:106f50002000b2af2580c000020041042588e00077
:106f6000010002241000958c5000b68f0c00938c09
:106f70000000fe8effffb526234056005400a28f6e
:106f800021187502000060a0010012240200de3307
:106f9000c3a702001000a01e251011022b004052b2
:106fa0000000e38e3c00bf8f2510a0023800be8f8a
:106fb0003400b78f3000b68f2c00b58f2800b48f07
:106fc0002400b38f2000b28f1c00b18f1800b08f47
:106fd0000800e0034000bd270700401421101601ff
:106fe0000600401c5400a68fecffc01a00000000f1
:106ff000eaffc013000000005400a68f2520000205
:1070000025282002253880021000a8af9611400fd5
:10701000ffffb5262590400021187502300042245c
:107020005400a68f2520000225282002000062a01f
:107030008d12400f25388002ffffd6261000a88f42
:1070400025886000d3ff0010258040000421037cc8
:08705000d4ff00100000e3aec4
:020000040000fa
:020000041d00dd
:10705800c00002242700a210c100a328230060104a
:10706800251000009100a3281d0060108000a328af
:107078001e00601480ffa5241100a22c3c004010c3
:1070880080280500009d023ca47042242110450080
:107098000000428c0800400000000000fc70009dc9
:1070a800fc70009d5471009d7871009d1c71009dbd
:1070b8007871009d7871009d7871009d3871009df0
:1070c8007871009d7871009d7871009d7871009da0
:1070d8007871009d7871009d7871009d5471009db4
:1070e800a00003240400a3500000e28c0800e00381
:1070f800000000000000e28c040043240000e3ac20
:107108000000428c000082ac000046ac0800e0039e
:10711800010002240000e28c040043240000e3acd8
:107128000000428c000082acf8ff0010000046a46a
:107138000000e28c040043240000e3ac0000428c11
:10714800000082acf1ff0010000046a00000e28cb5
:10715800040043240000e3ac0000428c000082ac31
:10716800000046acc3370600e8ff0010040046ac38
:0c717800251000000800e00300000000eb
:020000040000fa
:020000041d00dd
:107184000080013c2430a10040380500423d070046
:10719400ff0701242c00e11000000000330409243f
:1071a400233827013500e12c0b00201400000000d7
:1071b4002100e004000000002f00c01000000000c7
:1071c4004048050025482401270020150000000040
:1071d40029000010000000000500c010000000009d
:1071e4002b48040023200400232805002328a90099
:1071f4001f00e9300100082404402801234008004e
:107204002000e12c050020140000000000000424ec
:107214002428a80002000010000000002420880098
:107224000500c010000000002b48040023200400c7
:10723400232805002328a90025100400251805008b
:107244000800e003000000000f00013cffff2134b0
:107254002448a100254824010b002015000000004b
:10726400f5ff001000000000f0bf053c00000424fe
:10727400f1ff00100000000025280600000004248f
:10728400edff001000000000f8ff053c000004249e
:08729400e9ff001000000000fa
:020000040000fa
:020000041d00dd
:10729c00c03a0500425d04002538eb00c032040002
:1072ac000080013c2538e1000080013c2448a1000d
:1072bc00404005004245080080fc0825ffff0b25d7
:1072cc00fe00612d12002010000000000200c01012
:1072dc00000000000100e7348000e7248000eb2c64
:1072ec0021400b01025a070001006b312338eb00df
:1072fc0040380700423a0700c05d08002538eb0013
:10730c002510e9000800e003000000000000000068
:10731c007f040124080001150000000040580700fc
:10732c00255866010400601100000000c0ff023cfb
:10733c00f4ff001000000000ff00012905002014dc
:10734c0000000000807f013c25102101edff0010a2
:10735c000000000001000a24235048012000412da8
:10736c00040020140000000025100900e5ff0010a7
:10737c000000000020000c2423608a0104588701bf
:10738c002530cb0006384701000008240080013c62
:10739c002538e100cdff00100000000000000000c7
:020000040000fa
:020000041d00dd
:1073ac00c0ffbd273000b4af5000b48f3400b5af70
:1073bc00010094322c00b3af2800b2af2400b1af5f
:1073cc002000b0af3c00bfaf3800b6af25908000b6
:1073dc002598a0002580c0002588e00003008016b9
:1073ec002ba8c7001300a05623a83002253000029a
:1073fc0025286002e81f400f252040020d00a01632
:10740c0023a83002258800023c00bf8f25102002e3
:10741c003800b68f3400b58f3000b48f2c00b38f8a
:10742c002800b28f2400b18f2000b08f0800e00339
:10743c004000bd271100a22e100006240b30a20222
:10744c00200005241000a4272b22400f25b0a002f9
:10745c001000c22e0b0040100f00a6321000a52702
:10746c00e81f400f25204002e7ff80162530000260
:10747c0025286002e81f400f25204002e3ff001082
:10748c003c00bf8f100006241000a527e81f400ffa
:0c749c0025204002eeff0010f0ffd62675
:020000040000fa
:020000041d00dd
:1074a8000000a28c0400a38cc0ffbd273800b3af36
:1074b8003400b2af3000b1af2c00b0af0800b38ccd
:1074c8000c00b28c3c00bfaf258880002580a0004e
:1074d800030060042000a2af4408027c2000a2af91
:1074e8002000a2271800a2af080002241400a2afaf
:1074f8001000b3af0400c78c0000c68cc81b400f37
:10750800252000022000a38f1000633004006010c3
:1075180030000424ffff422421184202000064a026
:107528002000a38f080063300400601020000424aa
:10753800ffff422421184202000064a01000068eba
:107548002000a38fffffc6241000a3af25386002d8
:107558002330c20021284202eb1c400f25202002c4
:107568000400238e00016330040060103c00bf8fcc
:107578000400038e2a2043000b1064003800b38fe8
:107588003400b28f3000b18f2c00b08f0800e003b8
:047598004000bd27cb
:020000040000fa
:020000041d00dd
:10759c00e0ffbd271400b1af2588c0000004c62849
:1075ac001c00bfaf1800b2af1f00c0141000b0af6a
:1075bc00019d123ce082468ee482478e1b16400fe2
:1075cc0001fc30260004042a09008014e082468e57
:1075dc00e482478e25204000252860001b16400fb2
:1075ec0002f830260004052aff0304240a808500d3
:1075fc00ff031026002d1000254000002538a000a8
:10760c0025300001252040001b16400f2528600066
:10761c001c00bf8f1800b28f1400b18f1000b08ff8
:10762c000800e0032000bd2702fc262a251080005c
:10763c002518a000eeffc01025802002019d123cf1
:10764c00e882468eec82478e1b16400fc90330260b
:10765c0002fc052ae6ffa010e882468eec82478edb
:10766c0025286000920730261b16400f252040006d
:10767c0002fc062a02fc0524ddff00100b80a6008c
:020000040000fa
:020000041d00dd
:10768c00a8ffbd270400a1af0800a2af0c00a3af58
:10769c001000a4af1400a5af1800a6af1c00a7af34
:1076ac002000a8af2400a9af2800aaaf2c00abafd4
:1076bc003000acaf3400adaf3800aeaf3c00afaf74
:1076cc004000b8af4400b9af4800bfaf1240000053
:1076dc004c00a8af104000005000a8af019d1a3c10
:1076ec0054855a27000000000068044000600540e3
:1076fc0009f84003000000005000a88f11000001a1
:10770c004c00a88f130000010400a18f0800a28f69
:10771c000c00a38f1000a48f1400a58f1800a68f47
:10772c001c00a78f2000a88f2400a98f2800aa8fe7
:10773c002c00ab8f3000ac8f3400ad8f3800ae8f87
:10774c003c00af8f4000b88f4400b98f4800bf8f0a
:0c775c005800bd27c000000018000042cb
:020000040000fa
:020000041d00dd
:1077680009008014251000000800e0030000000054
:10777800251000001c00bf8f1800b18f1400b08fb7
:107788000800e0032000bd270400828ce0ffbd272d
:10779800200042301800b1af1400b0af1c00bfafda
:1077a80025808000090040102588a0001400828ce4
:1077b8001800838c2b106200150040542c00828c1a
:1077c800280000ae180000ae140000ae3c00058e84
:1077d8004000028e2b18a20004006010010006244d
:1077e8000000048ec822400f2328a200400000aeeb
:1077f800dfff20123c0000ae0000048e1c00bf8f8b
:107808001800b18f1400b08fca22400b2000bd278a
:107818002530000009f84000252800001400028ed9
:10782800e7ff4014ffff0224d3ff00101c00bf8fa6
:020000040000fa
:020000041d00dd
:10783800e0ffbd271c00bfaf1800b2af1400b1af06
:107848001a00a0101000b0af1800c0100300842c5c
:10785800080080142588c0001c00bf8f2510200256
:107868001800b28f1400b18f1000b08f0800e00329
:107878002000bd270000023c0000422413004010f5
:107888002580a000252000020000000c2528c0004b
:107898001c00bf8f251020021800b28f1400b18f72
:1078a8001000b08f0800e0032000bd271c00bf8f28
:1078b80025880000251020021800b28f1400b18f0f
:1078c8001000b08f0800e0032000bd272190a6001b
:1078d80000000482ce15400f01001026fdff12564d
:1078e800000004821c00bf8f251020021800b28ff0
:1078f8001400b18f1000b08f0800e0032000bd27ee
:020000040000fa
:020000041d00dd
:107908000d5374617274696e67204b6579626f619b
:107918007264536572766963653a20004d61792017
:10792800313120323032360031363a34383a313853
:1079380000000000636f6d70696c656420617420dd
:107948002573206f6e202573000000000a0d0000cb
:107958000d45535f494e49542072656365697665e4
:107968006420696e204b6579626f61726453657239
:10797800766963652c207072696f726974793a2030
:1079880025640d0a000000004b6579626f6172641e
:1079980053657276696365206d73673a2025630db8
:1079a8000a000000506f737465644576656e743a1a
:1079b8002025752c207769746820706172616d20ac
:0779c800307825780d0a005c
:020000040000fa
:020000041d00dd
:1079d000f0ffbd270c00beaf25f0a00325108000ee
:1079e0001000c2a780ff02240100c2a303000224ea
:1079f0000000c2a31e000010000000001000c2978b
:107a00000000c39380180300ff006330071062007a
:107a1000ff0042300f0042300200c2a30200c293b6
:107a20000e004010000000000200c293ffff43243c
:107a3000019d023cc0874224211062000000439057
:107a40000000c29380100200ff004230211062004b
:107a50000100c2a309000010000000000000c28362
:107a6000ff004230ffff4224ff0042300000c2a36b
:107a70000000c283e1ff4104000000000100c29346
:107a800025e8c0030c00be8f1000bd270800e003ee
:047a900000000000f2
:020000040000fa
:020000041d00dd
:107a94000000a28c0400a38cc0ffbd273800b3af44
:107aa4003400b2af3000b1af2c00b0af0800b28cdc
:107ab4000c00b38c3c00bfaf258880002580a0005b
:107ac400030060042000a2af4408027c2000a2af9f
:107ad4002000a2271800a2af0a0002241400a2afbb
:107ae4001000b2af0400c78c0000c68cc81b400f46
:107af400252000021000068e2000a38fffffc6245d
:107b04001000a3af253840022330c20021286202ae
:107b1400eb1c400f252020020400238e000163305b
:107b2400040060103c00bf8f0400038e2a20430031
:107b34000b1064003800b38f3400b28f3000b18f63
:0c7b44002c00b08f0800e0034000bd27bb
:020000040000fa
:020000041d00dd
:107b5000c23d0400ff00e7300080013c243081007a
:107b6000ffffe924fe00212d0d0020100000000081
:107b70008003e724404a0400024b09002530c90075
:107b8000402f0400004d07002530c90025100500d6
:107b9000251806000800e0030000000000000000b7
:107ba0000000052421208400f6ff80100000000062
:107bb0000900e01400000000ffffe72421208400fa
:107bc0008000013c2b088100fbff20140000000016
:107bd000e7ff001000000000ff07072400ff013c42
:107be000010021342b088100e6ff20140000000072
:107bf000f8ff063ce3ff001000000000000000005a
:020000040000fa
:020000041d00dd
:107c000003008014251000000800e00300000000bd
:107c10000400828ce0ffbd27200042301800b1af85
:107c20001400b0af1c00bfaf258080000b004014d3
:107c30002588a000280000ae180000ae1400201611
:107c4000140000ae251000001c00bf8f1800b18f7b
:107c50001400b08f0800e0032000bd271400828cc0
:107c60001800838c2b106200f2ff401025300000ba
:107c70002c00828c09f84000252800001400028e98
:107c8000ecff4014ffff0224f0ff00101c00bf8f28
:107c90000000048e1c00bf8f1800b18f1400b08f3d
:087ca000ca22400b2000bd27a1
:020000040000fa
:020000041d00dd
:107ca800756c023cc8ffbd27286e42242000b0af87
:107cb8001800a2af2580c0006c2902242400b1afaf
:107cc8003400bfaf3000b4af2c00b3af2800b2af60
:107cd800258880002530e0001c00a2a702000016bd
:107ce8001e00a0a31800b0270400b28c0800b38cb3
:107cf8000400c0140000b48c1622400f2520000296
:107d080025304000020040062b1046020b3042028c
:107d18001000b4af2538600225280002eb1c400f84
:107d2800252020023400bf8f3000b48f2c00b38f81
:107d38002800b28f2400b18f2000b08f0800e00324
:047d48003800bd271b
:020000040000fa
:020000041d00dd
:107d4c00e0ffbd270055e57c1800b1af1400b0afc3
:107d5c001c00bfaf258080002510c0002518e00056
:107d6c000c00a014028d0700019d023c2548c000a8
:107d7c00c482478cc082468c252020011b16400fe4
:107d8c00252860000055647c020080100008052442
:107d9c00c1ff8524c22702004018030040100200d6
:107dac0025188300000002ae1c00bf8f00a0637c6e
:107dbc002000023c2510430000083132ccfba524e6
:107dcc00040002ae0c0011ae251000021800b18f99
:107ddc00080005ae1400b08f0800e0032000bd279a
:020000040000fa
:020000041d00dd
:107dec00c03a0500425504002538ea000080013ce9
:107dfc002538e1004050050042550a001e040624b7
:107e0c002330ca000d00c018000000002000c12c57
:107e1c000200201400000000000007340638c700e0
:107e2c000200a10400000000233807002510070001
:107e3c000800e003000000000000000002008010b9
:107e4c00000000000100a534f07f013c010021344a
:107e5c002b08a10004002014000000000080023c4c
:107e6c00f3ff001000000000ff7f023cffff4234d4
:0c7e7c00efff00100000000000000000fc
:020000040000fa
:020000041d00dd
:107e8800e0ffbd271c00bfaf1800beaf25f0a00360
:107e98001000c0a30a00001000000000019d023c71
:107ea800a881422409f8400000000000090040149d
:107eb800000000001000c293010042241000c2a379
:107ec8001000c293f5ff40100000000002000010ef
:107ed80000000000000000001000c393010002240d
:107ee80004006214000000002510000002000010c9
:107ef800000000000100022425e8c0031c00bf8f19
:107f08001800be8f2000bd270800e0030000000015
:107f1800d8ffbd272400bfaf2000beaf25f0a003c7
:107f2800251080002c00c5af2800c2a31000c0a3f4
:107f38001400c227252840002c00c48f0514400fc8
:107f4800000000001400c28f09004010000000006b
:107f58002800c2931400c58f1800c68f2520400042
:107f6800060e400f00000000010002241000c2a30a
:107f78001400c28feeff4014000000001000c293ee
:107f880025e8c0032400bf8f2000be8f2800bd272e
:087f98000800e00300000000f6
:020000040000fa
:020000041d00dd
:107fa0000400828c000147301900e01010004230bc
:107fb000e0ffbd271800b1af1000918c1400b0afe6
:107fc0002b10d1000b88c2001c00bfaf0b00201289
:107fd000258080001400848c0b22400f2530200265
:107fe0001400028e1000038e21105100231871001e
:107ff000140002ae100003ae000040a01c00bf8fb2
:108000001800b18f1400b08f0800e0032000bd27d6
:108010000300401400000000b422400b00000000e8
:088020000800e003000000006d
:020000040000fa
:020000041d00dd
:1080280050726f6a656374536f757263652f6d6103
:10803800696e2e63000000004661696c6564506fcc
:108048007374203d3d204572726f725479706500db
:108058004661696c6564506f696e746572203d3d58
:10806800204572726f725479706500004661696cc0
:108078006564496e6974203d3d204572726f725483
:10808800797065004661696c65644f746865722033
:108098003d3d204572726f72547970650000000092
:0580a8006d61696e002e
:020000040000fa
:020000041d00dd
:1080b0000800e003000000002518e003009d043cd8
:1080c0009064842416008010000000000000858c5d
:1080d0001300a010040084240000868c0400842473
:1080e00000008b8404008424019d0c3c588a8c255c
:1080f00080580b0021606c0100008c8d09f8800114
:10810000000000002520400003008424fcff06241a
:108110002420c4000000858cecffa01400000000a7
:0c81200025f860000800e00300000000eb
:020000040000fa
:020000041d00dd
:10812c0020000524000082800a004510f7ff43243c
:10813c000500632c070060142b0003240700431078
:10814c002d00032407004314252800000400001010
:10815c0001000524f3ff00100100842425280000f1
:10816c000100842425100000030000100a000724dd
:10817c00010084242310430000008380d0ff63247b
:10818c000a00662cfaffc054021047700100a05080
:0c819c00231002000800e00300000000b7
:020000040000fa
:020000041d00dd
:1081a800e0ffbd271c00bfaf1800beaf25f0a0033d
:1081b80080bf023c1060428c0000427cff004230cd
:1081c8000d00401000000000050002241000c2af9e
:1081d8008615400f000000001400c2a71000c48fcd
:1081e8001400c58f9f0d400f0000000001000224fd
:1081f80002000010000000002510000025e8c00360
:108208001c00bf8f1800be8f2000bd270800e003a8
:048218000000000062
:020000040000fa
:020000041d00dd
:10821c00200003240b20a5000b180500022c0400e1
:10822c000400a014021205001000633425288000fd
:10823c0002120500040040140221020008006334fd
:10824c002510a000022102000400805482100400ba
:10825c0004006334252040008210040004004054c4
:10826c00421002000200633425108000421002000c
:0c827c00010042380800e0032510430018
:020000040000fa
:020000041d00dd
:10828800000000000000f03f000000000000e03f98
:108298000000000000005043000000000000b03f54
:1082a8000000000000002040000000000000244002
:1082b8000000000000001440000000000000e0433f
:1082c800000000000000e0c3000000f0ffff1f34c2
:1082d800000000000000f007000000000000e07f40
:0882e80000000000000060032b
:020000040000fa
:020000041d00dd
:1082f000251080002520a0000400838ce0ffbd270e
:10830000ff004530000163301c00bfaf0a00601061
:108310001000a5a31400838c01006624140086ac11
:10832000000065a0ff0044301c00bf8f25108000b6
:108330000800e0032000bd2701000624b422400ffe
:108340001000a527f8ff4010ffff0424f6ff0010df
:048350001000a493e2
:020000040000fa
:020000041d00dd
:10835400e0ffbd271800b1af1000918c1c00bfaf27
:108364002b10d1000b88c2000c0020121400b0aff7
:10837400258080001400848c0b22400f25302002bd
:108384001400028e1000038e211051002318710076
:10839400140002ae100003ae000040a01c00bf8f0a
:1083a4001800b18f1400b08f0800e0032000bd272f
:020000040000fa
:020000041d00dd
:1083b4008200a22806004010830003248000a52820
:1083c4000600a0500000c28c0800e0032510000045
:1083d4000b00a314251000000000c28c07004224e7
:1083e4000410027c080043240000c3ac0400438c46
:1083f4000000428c040083ac000082ac0100022423
:088404000800e0030000000085
:020000040000fa
:020000041d00dd
:10840c00019d063c25100000408ac624401802003d
:10841c0021186600000067800300e0540000858c82
:10842c000800e00301006290010042240000a880d3
:10843c0004000715ff0042300100a52401006290e2
:10844c00000085ac0b00432cf1ff601440180200b7
:08845c000800e003000000002d
:020000040000fa
:020000041d00dd
:108464000000043ce8ffbd270000842403008010c2
:108474001400bfaf09f88000000000000000843041
:108484000000a530009d083c6066082509f800013d
:10849400000000000000023c0000422403004010e1
:1084a4000000000009f8400000000000f9ff00107f
:0484b40000000000c4
:020000040000fa
:020000041d00dd
:1084b8001200801400a0023cd400438ce8ffbd27c2
:1084c8001000b0af1400bfaf050060102580000099
:1084d800d400448c2e21400f00000000258040006d
:1084e800ae22400f000000001400bf8f25100202ca
:1084f8001000b08f0800e0031800bd27b022400b21
:048508002528000022
:020000040000fa
:020000041d00dd
:10850c000000023c00004224050040100000023c28
:10851c000000422403004010019d023c3f0000700b
:10852c00019d023ce485422405004010000000003f
:10853c00e8ffbd271400bfaf09f8400000000000a1
:08854c00ffff00100000000019
:020000040000fa
:020000041d00dd
:108554000000023c00004224050040100000023ce0
:108564000000422403004010019d023c3f000070c3
:10857400019d023ce48542240500401000000000f7
:10858400e8ffbd271400bfaf09f840000000000059
:08859400ffff001000000000d1
:020000040000fa
:020000041d00dd
:10859c000000023c00004224070040100000023c96
:1085ac000000422405004050019d023c3f00007039
:1085bc000800e00300000000019d023ce485422419
:1085cc0003004014000000000800e003000000005d
:0885dc0009f840000000000056
:020000040000fa
:020000041d00dd
:1085e40000606041c000000099aa033c81bf023cc6
:1085f4005566632430f240ac30f243ac6655033c1c
:10860400aa99633430f243ac81bf023c01000324d5
:1086140018f643ac81bf023c10f6428c7b21400b20
:048624000000000052
:020000040000fa
:020000041d00dd
:1086280000a0023c3c01428ce0ffbd270000428cc8
:108638001000a7af2538a000019d053c1400a6af87
:10864800ac86a524253080001c00bfaf2122400f36
:10865800252040002e21400f252000009b22400f9e
:04866800000000000e
:020000040000fa
:020000041d00dd
:10866c0000000000000000000000000000000000fe
:10867c0000000000000000000000000000000000ee
:10868c0000000000000000000000000000000000de
:10869c00000000000000000000000000c000009d71
:020000040000fa
:020000041d00dd
:1086ac00417373657274696f6e206661696c656481
:1086bc003a202573202825733a2025733a20256407
:1086cc00290a0000286e696c2900000025000000b2
:1086dc00494e4600696e66004e414e006e616e005a
:020000040000fa
:020000041d00dd
:1086ec00e0ffbd271800b0af1000a6af25808000ba
:1086fc001c00bfaf1009400f1000a6270400038e0a
:10870c001c00bf8f10006330ffff04241800b08fd3
:0c871c000b1083000800e0032000bd27c4
:020000040000fa
:020000041d00dd
:108728000800c010251080002000032423186600cc
:108738000600601c0620c5000610c50025200000a4
:10874800252880000800e0032518a0000610c200b4
:1087580004286500faff0010251045000800c01025
:108768002510800020000324231866000600601ce2
:108778000428c5000428c400252000002510800016
:108788000800e0032518a000061062000420c400b9
:08879800faff00102528a200e1
:020000040000fa
:020000041d00dd
:1087a00001000200040008001000200040008000ca
:1087b00000010002000400080010002000400080ba
:0f87c00000010102020202030303030303030388
:020000040000fa
:020000041d00dd
:1087d0004173736572742022257322204661696c8f
:1087e0006564206174204c696e653a2025642c20f4
:0f87f000696e2046696c653a202573200a0d00da
:020000040000fa
:020000041d00dd
:10880000e8ffbd271400bfafa722400f0000000003
:1088100000a0033c1400bf8f700062ac00a0033cba
:0c8820006c0062ac0800e0031800bd27eb
:020000040000fa
:020000041d00dd
:10882c000800c0102510800021308600251880001b
:10883c000000a790010063240100a524fcffc314d1
:0c884c00ffff67a00800e0030000000030
:020000040000fa
:020000041d00dd
:108858000000828007004010000000002510800002
:1088680001004380feff6014010042240800e00379
:0c887800231044000800e003251000005d
:020000040000fa
:020000041d00dd
:10888400e0ffbd272800a6af2800a6271c00bfaf25
:108894002c00a7afbb21400f1000a6af1c00bf8f58
:0888a4000800e0032000bd27dd
:020000040000fa
:020000041d00dd
:1088ac000700c01025108000202c057c213086008c
:1088bc002518800001006324feffc314ffff65a090
:0888cc000800e00300000000b9
:020000040000fa
:020000041d00dd
:1088d400e8ffbd271000b0af1400bfaf5822400f0f
:1088e400258080001400bf8f251000021000b08f77
:0888f4000800e0031800bd2795
:020000040000fa
:020000041d00dd
:1088fc00e8ffbd271400bfaf5022400f000000005e
:10890c000022400f000000001400bf8fc222400b59
:04891c001800bd275b
:020000040000fa
:020000041d00dd
:108920000000009d0801009d685e009d605f009d45
:10893000440500a00b0000009c0500a004000000fe
:020000040000fa
:020000041d00dd
:1089400000a0023cdc00422400a0033cd80062ac42
:1089500000a0033cd40062ac0800e003000000006b
:020000040000fa
:020000041d00dd
:108960000000a380251080000100a52401008424bc
:10897000fbff6014ffff83a00800e003000000007d
:020000040000fa
:020000041d00dd
:1089800000008c90ffffc624010084240000aca0ee
:10899000fbffc0140100a5240800e003251080009f
:020000040000fa
:020000041d00dd
:1089a000bfff83241a00632c020060102510800092
:0c89b000200082340800e00300000000fa
:020000040000fa
:020000041d00dd
:1089bc009fff83241a00632c020060102510800096
:0c89cc005f0082300800e00300000000a3
:020000040000fa
:020000041d00dd
:1089d800286e756c6c2900003031323334353637e7
:0989e800383961626364656600c0
:020000040000fa
:020000041d00dd
:1089f8000000200201000003000000000b0000003e
:088a0800010000000000000065
:020000040000fa
:020000041d00dd
:108a100000601a40bfff1b3cffff7b3724d05b0385
:108a200000609a4018000042ffffc6240000a0a08a
:108a3000fdffc0140100a5240800e00325108000fc
:020000040000fa
:020000041d00dd
:108a400068076c094c836a9074a07ac000806888bb
:068a500000846c8200812d
:020000040000fa
:020000041d00dd
:108a5800288a009d8089009db080009db080009d7f
:048a6800b080009d3d
:020000040000fa
:020000041d00dd
:108a6c00e8ffbd271400bfafa322400f7f000424f2
:020000040000fa
:020000041d00dd
:108a7c0000a0023c4001428cbc22400b0000458c03
:020000040000fa
:020000041d00dd
:108a8c00e8ffbd271400bfafc622400f0000000056
:020000040000fa
:020000041d00dd
:0c8a9c0000a0023c0800e003740042242b
:020000040000fa
:020000041d00dd
:088aa8000800e00300000000db
:020000040000fa
:020000041d00dd
:088ab0000800e00300000000d3
:020000040000fa
:020000041d00dd
:088ab8000800e0032510000096
:020000040000fa
:020000041d00dd
:088ac0000800e003251000008e
:020000040000fa
:020000041d00dd
:088ac8000800e0032510000086
:020000040000fa
:020000041d00dd
:088ad0000e1e400b0000848c17
:020000040000fa
:020000041d00dd
:088ad8000800e0032510000076
:020000040000fa
:020000041d00dd
:088ae0000800e003251000006e
:020000040000fa
:020000041d00dd
:088ae8000800e0032510000066
:020000040000fa
:020000041d00dd
:088af000bc20400b0000000057
:020000040000fa
:020000041d00dd
:088af8000800e0032510000056
:020000040000fa
:020000041d00dd
:088b00006822400b0000000098
:020000040000fa
:020000041d00dd
:088b08000800e003000000007a
:020000040000fa
:020000041d00dd
:088b10006f22400b0000000081
:020000040000fa
:020000041d00dd
:088b1800ffff00100000000047
:020000040000fa
:020000041d00dd
:088b20000800e003251000002d
:020000040000fa
:020000041d00dd
:088b28000800e0032510000025
:020000040000fa
:020000041d00dd
:0489f400a881009db9
:00000001FF
