:020000040000fa
:020000041fc01b
:040bf000ffffffcf35
:020000040000fa
:020000041fc01b
:040bf400d9fff9ff2d
:020000040000fa
:020000041fc01b
:040bf80059df74ff4e
:020000040000fa
:020000041fc01b
:040bfc00fbffff7f7d
:020000040000fa
:020000041fc01b
:100000000200f00f0000000000601a40c0045a7f98
:100010000500401300000000019d1a3c009d5a2776
:10002000080040030000000001a01d3cf0ffbd27b8
:1000300000a01c3cf07f9c27019d083ca49d082546
:1000400009f8000100000000019d083cdc93082530
:1000500009f80001000000000000093c000029250b
:1000600010002011000000000100093c00002925bb
:1000700088bf0a3c10204a25000049ad0100093c18
:100080000000292588bf0a3c20204a25000049adf0
:100090000100093c0000292588bf0a3c30204a2580
:1000a000000049ad00488040ffff0a2400588a4004
:1000b0004000083c00600a4025500a0100608a4068
:1000c000049d093c00f02925c0000000017889400a
:1000d0000000093c0100292500000a2444492a7d2a
:1000e00001608a408000093c006889400080084027
:1000f0008005097d404c0900006008405800013c23
:10010000244001012540280100608840c000000013
:10011000019d083cac9d082509f800010000000085
:1001200000600840bfff013cffff21342440010173
:1001300000608840000084300000a530019d083c2c
:0c014000149708250800000100000000d2
:020000040000fa
:020000041fc01b
:10038000019d1a3cbc975a2708004003000000005a
:020000040000fa
:020000041d03da
:10f18000019d1a3ce4885a27080040030000000053
:020000040000fa
:020000041d03da
:08f200007317400b0000000031
:020000040000fa
:020000041d03da
:08f220001326400b0000000062
:020000040000fa
:020000041d03da
:08f240001326400b0000000042
:020000040000fa
:020000041d03da
:08f260001326400b0000000022
:020000040000fa
:020000041d03da
:08f280001326400b0000000002
:020000040000fa
:020000041d03da
:08f2a0001326400b00000000e2
:020000040000fa
:020000041d03da
:08f2c0001326400b00000000c2
:020000040000fa
:020000041d03da
:08f2e0001326400b00000000a2
:020000040000fa
:020000041d03da
:08f300001326400b0000000081
:020000040000fa
:020000041d03da
:08f320001326400b0000000061
:020000040000fa
:020000041d03da
:08f340001326400b0000000041
:020000040000fa
:020000041d03da
:08f360001326400b0000000021
:020000040000fa
:020000041d03da
:08f380001326400b0000000001
:020000040000fa
:020000041d03da
:08f3a0001326400b00000000e1
:020000040000fa
:020000041d03da
:08f3c0001326400b00000000c1
:020000040000fa
:020000041d03da
:08f3e0001326400b00000000a1
:020000040000fa
:020000041d03da
:08f400001326400b0000000080
:020000040000fa
:020000041d03da
:08f420001326400b0000000060
:020000040000fa
:020000041d03da
:08f440001326400b0000000040
:020000040000fa
:020000041d03da
:08f460001326400b0000000020
:020000040000fa
:020000041d03da
:08f480001326400b0000000000
:020000040000fa
:020000041d03da
:08f4a0001326400b00000000e0
:020000040000fa
:020000041d03da
:08f4c0001326400b00000000c0
:020000040000fa
:020000041d03da
:08f4e0001326400b00000000a0
:020000040000fa
:020000041d03da
:08f500001326400b000000007f
:020000040000fa
:020000041d03da
:08f520001326400b000000005f
:020000040000fa
:020000041d03da
:08f540001326400b000000003f
:020000040000fa
:020000041d03da
:08f560001326400b000000001f
:020000040000fa
:020000041d03da
:08f580001326400b00000000ff
:020000040000fa
:020000041d03da
:08f5a0001326400b00000000df
:020000040000fa
:020000041d03da
:08f5c0001326400b00000000bf
:020000040000fa
:020000041d03da
:08f5e0001326400b000000009f
:020000040000fa
:020000041d03da
:08f600001326400b000000007e
:020000040000fa
:020000041d03da
:08f620001326400b000000005e
:020000040000fa
:020000041d03da
:08f640001326400b000000003e
:020000040000fa
:020000041d03da
:08f660001326400b000000001e
:020000040000fa
:020000041d03da
:08f680001326400b00000000fe
:020000040000fa
:020000041d03da
:08f6a000f401400b0000000022
:020000040000fa
:020000041d03da
:08f6c0001326400b00000000be
:020000040000fa
:020000041d03da
:08f6e0001326400b000000009e
:020000040000fa
:020000041d03da
:08f700001326400b000000007d
:020000040000fa
:020000041d03da
:08f720001326400b000000005d
:020000040000fa
:020000041d03da
:08f740001326400b000000003d
:020000040000fa
:020000041d03da
:08f760001326400b000000001d
:020000040000fa
:020000041fc01b
:1004800000f89b40c0000000019d1b3c94987b2716
:10049000020060130000000000c09b4000f81b40f9
:0c04a000c00000001f000042000000002f
:020000040000fa
:020000041d00dd
:10000000e0ffbd271c00bfaf1800beaf25f0a00366
:10001000251080002000c2a32000c293588082a334
:10002000009d023c0c774424a20e400f000000000b
:10003000009d023c14774424a20e400f00000000f3
:10004000009d023c3c774624009d023c48774524b5
:10005000009d023c54774424a20e400f0000000093
:10006000009d023c6c774424a20e400f000000006b
:10007000020002241000c2af588082931000c58f86
:100080001400c68f25204000b010400f0000000073
:1000900004004010000000000100022402000010d3
:1000a000000000002510000025e8c0031c00bf8fe1
:1000b0001800be8f2000bd270800e00300000000ec
:1000c000e8ffbd271400bfaf1000beaf25f0a003ae
:1000d0001800c4af1c00c5af588082931800c58fac
:1000e0001c00c68f25204000b010400f000000000b
:1000f00025e8c0031400bf8f1000be8f1800bd2775
:100100000800e00300000000d8ffbd272400bfafb7
:100110002000beaf25f0a0032800c4af2c00c5af5f
:100120003000c6af1800c0af2c00c28f0c00432cab
:10013000320160100000000080180200009d023ca7
:1001400054014224211062000000428c080040004b
:1001500000000000fc05009dfc05009d8401009d41
:10016000f402009dfc05009dfc05009dcc04009d53
:100170008803009d9404009dfc05009dfc05009de6
:100180007804009d5880829325284000009d023c01
:1001900070774424a20e400f000000008f01400f32
:1001a0000000000088bf033c00606290010004244e
:1001b0000400827c006062a088bf033c10606290f3
:1001c000010004240400827c106062a088bf033c0c
:1001d00000606290010004244408827c006062a0f8
:1001e00088bf033c10606290010004244408827cb4
:1001f000106062a088bf033c006162940100042487
:100200008410827c006162a488bf033c1061629408
:10021000010004248410827c106162a41300042471
:10022000cb19400f0000000088bf033c10616294ae
:1002300001000424c47b827c106162a488bf033c5b
:10024000106162940421027c106162a488bf033ca7
:1002500030616294010004240421827c306162a434
:1002600088bf033c106062900421027c106062a091
:1002700088bf033c306062900421027c306062a041
:1002800088bf033c106162944429027c106162a41f
:1002900088bf033c306162944429027c306162a4cf
:1002a00081ff02245d8082a302000224618082a378
:1002b0001c80829742100200ffff42305e8082a7be
:1002c0005e808297ff004230628082a35e808297c8
:1002d000ff004230638082a3648080a3009d023cc3
:1002e000b4774424a20e400f00000000c7000010a5
:1002f000000000003000c3970f00022411006214b8
:1003000000000000a503400f000000006180829300
:100310006280839363808493648085932538a000f2
:100320002530800025286000252040002103400f53
:1003300000000000c80005240f000424d513400f5e
:10034000000000003000c3970e000224ae006214cb
:10035000000000005b8080a388bf033c3060629097
:100360000421027c306062a002000224618082a32a
:10037000009d023cec774424a20e400f00000000d8
:10038000a100001000000000a503400f00000000c5
:10039000608082933300422c050040100000000072
:1003a000010002241000c2a31b0000100000000086
:1003b000608082936600422c05004010000000001f
:1003c000020002241000c2a313000010000000006d
:1003d000608082939900422c0500401000000000cc
:1003e000030002241000c2a30b0000100000000054
:1003f00060808293cc00422c050040100000000079
:10040000040002241000c2a303000010000000003a
:10041000050002241000c2a31000c3931480822799
:1004200021106200000042905d8082a36080829370
:10043000252040001000c2935d8083932538600022
:100440002530400025288000009d023c1878442477
:10045000a20e400f0000000002000224618082a36f
:10046000c80005240f000424d513400f000000002d
:10047000660000100000000088bf033c30616294f9
:10048000010004244429827c306162a45f000010d2
:10049000000000003000c297251840001480822719
:1004a00021106200000042905d8082a35d808293f3
:1004b00025284000009d023c54784424a20e400fa1
:1004c0000000000051000010000000003000c29742
:1004d000251840007e00022418006214000000006d
:1004e0001200c0a709000010000000001200c3970e
:1004f00000a0023cfc05422421106200000040a044
:100500001200c297010042241200c2a71200c29733
:100510000a00422cf5ff40140000000001000224f4
:10052000598082a300a0023cfc0542247e000324e3
:10053000090043a02f0000100000000059808293a2
:100540002b004010000000001400c0a71000001095
:10055000000000001400c297010043241400c49757
:1005600000a0023cfc0542242110620000004290e1
:10057000ff00433000a0023cfc0542242110820011
:10058000000043a01400c297010042241400c2a737
:100590001400c2970900422ceeff40140000000036
:1005a0003000c297ff00433000a0023cfc0542240b
:1005b000090043a000a0023cfc054290ff0043302c
:1005c0007e0002240a006214000000008b02400f2b
:1005d000000000000600401000000000010002249e
:1005e0005a8082a3c802400f00000000598080a3f7
:1005f00000000000050000100000000000000000e6
:100600000200001000000000000000002800c28f5f
:100610001800c48f1c00c38f000044ac040043ac1e
:100620002800c28f25e8c0032400bf8f2000be8fa2
:100630002800bd270800e00300000000f8ffbd27e8
:100640000400bfaf0000beaf25f0a00380bf033c95
:1006500000626294c47b027c006262a480bf023ca0
:10066000006240ac80bf033c00626294c418027c0c
:10067000006262a480bf033c006262944410027c6a
:10068000006262a480bf033c006262940400027caa
:10069000006262a480bf023c106240ac80bf033c99
:1006a0001062628c010004248452827c106262ac6d
:1006b00088bf033c10616294444a027c106162a4ca
:1006c00088bf033c3061629401000424444a827c68
:1006d000306162a481bf023c0200032450fb43aca2
:1006e00080bf033c1062628c010004240463827c9e
:1006f000106262ac88bf033c106162940100042464
:100700000442827c106162a481bf023c0400032485
:1007100058fa43ac80bf033c1062628c8439027c7f
:10072000106262ac88bf033c0010628c010004249c
:100730000463827c001062ac88bf033c7010628c42
:100740000100042484b5827c701062ac88bf033c35
:100750002011628c070004248462827c201162ac28
:1007600088bf033c2011628c044a027c201162acd9
:1007700088bf033c4010628c84b5027c401062aca0
:100780002060624180bf033c1062628c847b027ceb
:10079000106262ac80bf023c81000324406243ac23
:1007a00080bf033c0062629401000424c47b827c0d
:1007b000006262a40000000025e8c0030400bf8faf
:1007c0000000be8f0800bd270800e0030000000005
:1007d00000e85d4100701a4000601b4080ffbd27ab
:1007e0007c00bbaf44781b7c001c7b3700609b40c7
:1007f0006400bfaf6000beaf5c00b9af5800b8afd7
:100800005400afaf5000aeaf4c00adaf4800acaf3e
:100810004400abaf4000aaaf3c00a9af3800a8af7e
:100820003400a7af3000a6af2c00a5af2800a4afbe
:100830002400a3af2000a2af1c00a1af1210000043
:100840006c00a2af101800006800a3af25f0a00351
:1008500088bf023c4010428c8005427cff00423041
:1008600019004010000000000e0000100000000001
:1008700080bf023c3062428cff0042305c8082a329
:10088000060002241000c2af5c808293ff00423059
:100890001400c2a71000c48f1400c58f3000400f91
:1008a0000000000080bf023c1062428c0000427ccd
:1008b000ff004230eeff40140000000088bf023c01
:1008c0004000033c441043ac0000000025e8c00396
:1008d0006c00a28f130040006800a38f110060001d
:1008e0006400bf8f6000be8f5c00b98f5800b88f66
:1008f0005400af8f5000ae8f4c00ad8f4800ac8fce
:100900004400ab8f4000aa8f3c00a98f3800a88f0d
:100910003400a78f3000a68f2c00a58f2800a48f4d
:100920002400a38f2000a28f1c00a18f7c00bb8f0e
:100930008000bd2700e8dd4100609b4018000042b8
:10094000f0ffbd270c00beaf25f0a00325108000ee
:100950001000c2a30000c0a30100c0a31000c393f5
:1009600009000224030062140000000001000224b8
:100970000100c2a3030002240200c2a71a00001053
:10098000000000000100c2930b00401000000000b6
:100990000200c39700a0023c080642242110620016
:1009a000000043900000c293211062000000c2a327
:1009b0000a000010000000000200c39700a0023ce3
:1009c000fc0542242110620000004290ff004330e9
:1009d0000000c293211062000000c2a30200c2976f
:1009e000010042240200c2a71000c2930200432467
:1009f0000200c2972a106200e2ff401000000000cf
:100a00000000c293271002000000c2a30000c2939e
:100a1000658082a30000000025e8c0030c00be8fa3
:100a20001000bd270800e00300000000e0ffbd2724
:100a30001c00bfaf1800beaf25f0a0031000c0a37c
:100a4000060004245002400f0000000000a0023cf9
:100a5000fc05422409004290ff00433065808293e8
:100a6000ff00423004006210000000001000c2933a
:100a7000250000100000000000a0023cfc05429090
:100a8000ff0043307e0002241e00621400000000bc
:100a900000a0023cfc05422401004290ff004230cd
:100aa000180040140000000000a0023cfc05422495
:100ab00002004290ff00433006000224110062143d
:100ac0000000000000a0023cfc054224030042900c
:100ad000ff004330810002240a006214000000007d
:100ae00000a0023cfc05422404004290ff00433079
:100af0002000022403006214000000000100022410
:100b00001000c2a31000c29325e8c0031c00bf8fd1
:100b10001800be8f2000bd270800e0030000000081
:100b2000d8ffbd272400bfaf2000beaf25f0a00333
:100b30005b80829301004238ff0042302800401061
:100b40000000000000a0023cfc054224040042908a
:100b5000ff00433020000224210062140000000046
:100b600000a0023cfc05422405004290ff004330f7
:100b70005d8082931a0062140000000001000224cc
:100b80005b8082a3a00f05240e000424d513400f20
:100b90000000000088bf033c306062900100042424
:100ba0000421827c306062a0618080a3090002245d
:100bb0001000c2af1000c48f1400c58f7610400f14
:100bc00000000000009d023cb4784424a20e400fb7
:100bd00000000000000000002300001000000000e2
:100be0005b808293200040100000000000a0023cc7
:100bf000fc05422404004290ff0043302000022400
:100c0000190062140000000000a0023cfc05422410
:100c100005004290ff0043305d8082931200621411
:100c200000000000a00f05240e000424d513400f7f
:100c30000000000000a0023cfc0542240800429095
:100c4000ff0042301a8082a30c0002241800c2afb9
:100c50001a8082931c00c2a71800c48f1c00c58f85
:100c6000401b400f000000000000000025e8c0030a
:100c70002400bf8f2000be8f2800bd270800e0039e
:100c800000000000e0ffbd271c00bfaf1800beaf92
:100c900025f0a003251080002520c0002518e000c5
:100ca0002000c2a32510a0002400c2a325108000ac
:100cb0002800c2a3251060002c00c2a300a0023ca3
:100cc0007e000324080643a000a0023c080642243c
:100cd000010040a000a0023c0806422409000324b1
:100ce000020043a000a0023c0806422401000324a5
:100cf000030043a000a0023c08064224040040a0d8
:100d000000a0023c0806422420000324050043a062
:100d10005d80839300a0023c08064224060043a0a5
:100d200000a0023c0806422401000324070043a05f
:100d300000a0023c080642242000c393080043a000
:100d40002000c393020002240e0062140000000081
:100d500000a0023c0806422421000324090043a00d
:100d600000a0023c0806422481ff03240a0043a09d
:100d700000a0023c080642240b0040a01c0000100a
:100d8000000000002000c393010002240c00621444
:100d90000000000000a0023c08064224090040a018
:100da00000a0023c080642240a0040a000a0023c29
:100db000080642240b0040a00d00001000000000b7
:100dc00000a0023c080642242400c393090043a06b
:100dd00000a0023c080642242800c3930a0043a056
:100de00000a0023c080642242c00c3930b0043a041
:100df000090004245002400f000000006580829327
:100e0000ff00433000a0023c080642240c0043a02f
:100e10001000c0a31300001000000000000000003c
:100e200080bf023c1062428c4002427cff00423094
:100e3000fbff4014000000001000c39300a0023c20
:100e4000080642242110620000004290251840004c
:100e500080bf023c206243ac1000c29301004224d8
:100e60001000c2a31000c2930d00422cebff4014ef
:100e700000000000000000000000000025e8c003a2
:100e80001c00bf8f1800be8f2000bd270800e003a4
:100e900000000000e8ffbd271400bfaf1000beaf88
:100ea00025f0a00300a0023c18064424191a400fa4
:100eb0000000000000a0023c1806428c82100200d4
:100ec000ff004230628082a300a0023c1806422448
:100ed0000400428c82100200ff004230638082a333
:100ee00000a0023c180642240800428c8210020036
:100ef000ff004230608082a30000000025e8c003ac
:100f00001400bf8f1000be8f1800bd270800e0033b
:100f100000000000f0ffbd270c00beaf25f0a003cd
:100f2000251080001000c2a3010002240100c2a30a
:100f30001000c29305004010000000001000c29392
:100f40000600422c04004014000000000100c0a371
:100f50006c000010000000001000c2831e8082a3fd
:100f600080bf033c00086294c47b027c000862a43a
:100f700080bf033c000862944408027c000862a41d
:100f800080bf033c00086294030004240431827c87
:100f9000000862a480bf023c50c30334200843ac65
:100fa00080bf033c000a6294c47b027c000a62a4f6
:100fb00080bf033c000a62944408027c000a62a4d9
:100fc00080bf033c000a6294030004240431827c45
:100fd000000a62a480bf023c50c30334200a43ac21
:100fe0000000c0a338000010000000000000c39300
:100ff000019d023c801803003480422421106200cd
:101000000000438c00006294c47b027c000062a458
:101010000000c393019d023c8018030034804224e9
:10102000211062000000438c00006294c418027c0e
:10103000000062a40000c393019d023c80180300dd
:1010400034804224211062000000438c000062942e
:10105000060004240410827c000062a40000c393f4
:10106000019d023c80180300488042242110620048
:101070000000428c000040ac0000c393019d023c84
:10108000801803005c804224211062000000428c22
:10109000000040ac0000c393019d023c8018030097
:1010a00034804224211062000000438c00006294ce
:1010b00001000424c47b827c000062a40000c2936f
:1010c000010042240000c2a30000c2931e8083835b
:1010d0002a104300c5ff40140000000080bf033cfd
:1010e0000008629401000424c47b827c000862a48e
:1010f00080bf033c000a629401000424c47b827c0c
:10110000000a62a40100c29325e8c0030c00be8f50
:101110001000bd270800e00300000000e0ffbd272d
:101120001c00bfaf1800beaf25f0a0032510800043
:101130002400c5af2000c2a3010002241000c2a3f6
:101140001e808383ffff022407006210000000005e
:101150002000c29325204000d505400f000000006c
:1011600004004010000000001000c0a31b0000108d
:10117000000000002000c293252840002400c48ff6
:10118000a905400f0000000001004238ff00423076
:1011900004004010000000001000c0a30f00001069
:1011a000000000002000c293ffff4424019d023c88
:1011b0002400c38f80180300d480422421106200d1
:1011c0000000428c019d033c8020040028816324a0
:1011d000211883000000638c000043ac1000c29310
:1011e00025e8c0031c00bf8f1800be8f2000bd275c
:1011f0000800e00300000000e0ffbd271c00bfafb7
:101200001800beaf25f0a003251080002400c5af54
:101210002000c2a3010002241000c2a32000c29338
:1012200025204000d505400f0000000004004010bc
:10123000000000001000c0a33300001000000000f8
:101240002000c293ffff42241100c2a32400c28fda
:1012500014004014000000001100c39300a0023ce1
:1012600080180300480142242110620080bf033c23
:1012700020086324000043ac1100c393019d023c8d
:101280008018030034804224211062000000438c47
:1012900000006294c418027c000062a41a000010ce
:1012a000000000002400c38f010002241500621416
:1012b000000000001100c39300a0023c801803004e
:1012c000480142242110620080bf033c200a6324ad
:1012d000000043ac1100c393019d023c8018030041
:1012e00034804224211062000000438c000062948c
:1012f00001000424c418827c000062a402000010d3
:10130000000000001000c0a31000c29325e8c00335
:101310001c00bf8f1800be8f2000bd270800e0030f
:1013200000000000d8ffbd272400bfaf2000beafe3
:1013300025f0a003251080002518a0002800c2a3d6
:10134000251060002c00c2a3010002241000c2a3db
:101350002c00c293ffff42241800c2a32c00c293aa
:1013600025204000d505400f000000000500401476
:10137000000000002800c2936500422c04004014c5
:10138000000000001000c0a33000001000000000aa
:101390001800c39380808227211062002800c39325
:1013a000000043a02800c293040040140000000085
:1013b0001400c0af10000010000000001800c3931c
:1013c00000a0023c80180300480142242110620062
:1013d0000000428c0000438c2800c2930218627007
:1013e000eb51023c1f8542341900620010100000ce
:1013f000421102001400c2af2800c393640002240b
:101400000a006214000000001800c39300a0023c10
:101410008018030048014224211062000000428c21
:101420000000428c010042241400c2af1800c39394
:10143000019d023c80180300488042242110620074
:101440000000428c1400c38f000043ac1000c29314
:1014500025e8c0032400bf8f2000be8f2800bd27d1
:101460000800e00300000000e0ffbd271c00bfaf44
:101470001800beaf25f0a003251080002518a0009d
:101480002000c2a7251060002400c2a3010002248e
:101490001000c2a32400c29325204000d505400fb0
:1014a000000000000d004014000000002000c39761
:1014b0002400c293ffff442400a0023c80200400cb
:1014c00048014224211082000000428c0000428c1e
:1014d0002b10430004004010000000001000c0a3c7
:1014e0000a000010000000002400c293ffff432404
:1014f000019d023c801803004880422421106200b4
:101500000000428c2000c397000043ac1000c2933f
:1015100025e8c0031c00bf8f1800be8f2000bd2728
:101520000800e00300000000f0ffbd270c00beaf84
:1015300025f0a003251080001400c5af1000c2a73d
:10154000010002240000c2a31000c2976400422cd4
:1015500004004010000000000000c0a31c000010a8
:10156000000000001400c28f0700401000000000bf
:101570001400c38f010002240b0062100000000061
:1015800011000010000000001000c2977c8082a7ac
:101590007c8082972518400080bf023c200843ac25
:1015a0000b000010000000001000c2977e8082a790
:1015b0007e8082972518400080bf023c200a43ac01
:1015c00003000010000000000000c0a300000000a5
:1015d0000000c29325e8c0030c00be8f1000bd2799
:1015e0000800e00300000000e0ffbd271c00bfafc3
:1015f0001800beaf25f0a003251080002400c5af61
:101600002000c2a7010002241000c2a32400c28f40
:1016100005004010000000002400c38f01000224d8
:1016200009006214000000002000c2971800422c3c
:1016300005004014000000002000c297a961422c60
:1016400004004014000000001000c0a30e000010b1
:10165000000000002000c2972600033ca025633450
:101660001a006200f4014000101000001210000087
:101670001200c2a71200c2972400c58f2520400087
:101680004a05400f000000001000c29325e8c00387
:101690001c00bf8f1800be8f2000bd270800e0038c
:1016a00000000000f0ffbd270c00beaf25f0a00336
:1016b0001000c4af2510a0001400c2a30000c0a3f6
:1016c0001400c293ffff42241400c2a30100c0a370
:1016d00016000010000000001400c3930100c59321
:1016e000019d043c25106000801002002110430081
:1016f00021104500801802007080822421106200b1
:101700000000428c1000c38f05006214000000002e
:10171000010002240000c2a3080000100000000025
:101720000100c293010042240100c2a30100c29340
:101730000500422ce8ff4014000000000000c293a6
:1017400025e8c0030c00be8f1000bd270800e00391
:1017500000000000f8ffbd270400beaf25f0a00385
:10176000251080000800c2a30800c29306004010a4
:10177000000000000800c2931e8083832a106200cc
:1017800004004010000000000100022402000010cc
:10179000000000002510000001004230ff00423030
:1017a00025e8c0030400be8f0800bd270800e00341
:0417b0000000000035
:020000040000fa
:020000041d00dd
:1017b40080ffbd278c00a7af0000a28c6c00b5afe2
:1017c4002400a2af0800a28c0400d58c2800a2af8c
:1017d4001000a28c6000b2af4800a2af0000c28c1f
:1017e4005c00b1af1c00a2af1c00a38f0400b28c3c
:1017f4000c00b18c8000a4af8400a5af253000009c
:1018040025380000252060002528a0027c00bfaff9
:101814007800beaf7400b7af7000b6af6800b4af65
:101824006400b3af5f1f400f5800b0af0f00400417
:101834000080023c2400a28f040042300d004014ba
:101844002b0002242400a28f080042302000a2af03
:101854002800a28f1800a2af2000a28f0c00401015
:101864001c00a38f030000102000022426a85500aa
:101874002d000224000022a22800a28fffff422490
:101884001800a2af010002242000a2af1c00a38f05
:101894002600601400f0a27ef07f033c2400431471
:1018a400f07f043c2000a28f212022028c00a28f12
:1018b400bfff42241a00422c1a004010019d053c2f
:1018c400019d053c8c99a524f926400f00000000d9
:1018d400da26400f252020022400a38f2800a78f9a
:1018e4008000a48f1000a3af252820028121400f7f
:1018f400253040007c00bf8f7800be8f7400b78f06
:101904007000b68f6c00b58f6800b48f6400b38f1d
:101914006000b28f5c00b18f5800b08f0800e00304
:101924008000bd27e8ff00109099a524f07f043cb7
:10193400010083242b184300050060502000a28f6f
:101944000e0044141c00a28f0c0040102000a28f33
:10195400212022028c00a28fbfff42241a00422cb5
:1019640004004050019d053c019d053cd6ff00103c
:101974009499a524d4ff00109899a5241c00a38f42
:10198400253000002520600025380000071f400f87
:101994002528a002019d173c019d033c3895f38e38
:1019a4003c95f68e2c00a3affc004014258000006b
:1019b4002427400f8c00a48f20f4027c970140065a
:1019c400670002240b00c21725a0c0030100405287
:1019d40001001224fcff022a1000401465001424a4
:1019e4002a1012020e0040101c00ab8f0c000106de
:1019f40066001424660002240800821601005226a0
:101a040004000106670002243895f38e3c95f68e97
:101a1400258000000100c257219050021c00ab8faa
:101a24002548600225b8c0023000b5af255000003b
:101a34003000ad8f25206001253020012538e002db
:101a44002528a0015400aaaf3800abaf610d400fa8
:101a54004c00a9af25204000f720400f2528600046
:101a64003000ad8f4c00a98f3800ac8f4000a2af7e
:101a74000080083c4400a3af26100d014000a48f51
:101a84004400a58f253020012538e0021000acafba
:101a94001400a2af170a400f5000a9af0080083c01
:101aa4003800a2af4c00a2af261003013000a2af51
:101ab4002c00a28f5000a98f6095468c6495478caa
:101ac40025202001610d400f2528e0025400aa8f33
:101ad4004c00ab8f01004a2525484000d4ff4a162c
:101ae40025b86000019d023c6895468c6c95478c36
:101af40025202001f218400f2528600025404000d1
:101b04003800a48f3000a28f253080002538400093
:101b1400252000012528600025b86000071f400f1c
:101b24004c00a8afc800401c3000a28f4c00a88f06
:101b34003800a48f25384000253080002528e00295
:101b440025200001071f400f3000a8af08004014f3
:101b54003000a88f4000a48f6824400f4400a58f54
:101b640001004230b9004010254000003000a88f29
:101b74001c00a38f253000012538e0022528a0028f
:101b84003a12400f252060001c00a2af3800a2af1b
:101b94002c00a28f252060026095468c6495478caa
:101ba4002528c00225b86000f218400f3000a3af0a
:101bb4003800ab8f2538e002253060012520400035
:101bc4002528600025a840005f1f400f3000a3af08
:101bd400a000401c660002243000a98f9f008216da
:101be4000100102601005226255000022310520144
:101bf4002000b38f3000a2af25b000002590000074
:101c04003000a28f07004211255860028400a28f81
:101c14001000428cfbff42242b10620293004014fc
:101c24001c00a38f070040162400a28f100042302e
:101c34000400401021582b022e00022401007326b8
:101c4400000062a1212033026500022423008216d1
:101c5400000080a003000106252800002380100056
:101c6400010005244800a28f02001224ffff422431
:101c740021182202000060a00a000624d5000016e4
:101c840000000000d300401e2b0003242d00062476
:101c94000b18c50021282202ffffa3a08c00a38fec
:101ca40045000524bfff6324feff42241a00632c71
:101cb4000ba0a3002a9862022128220203006012ca
:101cc4000000b4a0f926400f000000001800a28f05
:101cd40021104202fcff42241800a2af2400a28f6c
:101ce4000200032403004230f9fe43141800a28fbb
:101cf400f7fe401800000000da26400f25202002dd
:101d04002000a38f2a184300bc0060101800a68f7f
:101d14002000a28f30000524ef26400f212022024c
:101d2400ebfe00102800a0af010010262598c00388
:101d340025b080023000a68f3400a78f25206002d2
:101d4400f218400f2528c0021c00a88f253040003f
:101d540025386000252000012528a00225f0400038
:101d64005f1f400f25a06000efff4104019d023c6e
:101d74004c95438c4895428c3400a3af3000a2affd
:101d84002c00a28f25f000006495438c6095428c52
:101d94003c00a3af220000103800a2af019d023c1a
:101da4006495438c6095428c3400a3afe1ff00102e
:101db4003000a2af130040103800a68f1100c017e6
:101dc4001c00a38f3000a68f3400a78f2528a00203
:101dd400f218400f252060003000a68f3400a78f32
:101de400252060022528c0021c00a2aff218400f73
:101df40025a8600025b060002598400001001e243d
:101e04003800a68f3c00a78f25206002610d400f8b
:101e14002528c00225b0600025984000ffff102649
:101e24001c00a38f253060022538c00225206000e5
:101e34005f1f400f2528a002deff4204d4fe022ac1
:101e4400dbfe0010000000002540000048ff0010e9
:101e540025b8000025a860022548c0026500823a22
:101e64002550000261ff00100a50020025382001ad
:101e74002530a002252060002528e0025000abafe9
:101e84004c00aaaf610d400f4400a9af25204000cb
:101e9400f720400f252860002520400025286000f9
:101ea4003800a3af6824400f4000a2af0a004428c2
:101eb400090003240b1844002400a28f3800a78fc4
:101ec40010004230251043004000ad8f4400a98f1c
:101ed4004c00aa8f210040145000ab8f67000224ed
:101ee4001e00c217000000001c0041050000000095
:101ef4000100d6261c00a38f00800b3c261077011e
:101f04002530a0012520a002252820011000a3af20
:101f14001400a2af4000aaaf170a400f3800a9afbf
:101f24001c00a2af2c00a28f3800a98f6095468cac
:101f34006495478c00800b3c2520a00225282001b5
:101f4400610d400f26b863014000aa8f2548600048
:101f540025a840002aff0010ffff4a250b00401669
:101f6400212036020900410521582b021800a28fb6
:101f7400ffff42241800a2af2e00022401007326a2
:101f8400000062a101001224212036022110330234
:101f94002120930002000010300005240100422497
:101fa400feff4454000045a01800a28f2120d30254
:101fb40023b05600ffffc22601009324300063249f
:101fc40021202402000083a01800a2afc9ff001042
:101fd40025b000001a000602f401c000ffff4224ed
:101fe40021382202ffff5226101800001280000040
:101ff4003000632421ff00100000e3a02118220216
:10200400000064801800a38f2118620021182302a5
:10201400000064a03aff0010ffff42246dfec213cb
:0c2024000600122473fe001025a0c0036b
:020000040000fa
:020000041d00dd
:102030000000a28c78ffbd272000a2af0400a28c74
:102040008000beaf2800a2af0800a28c0400de8c86
:102050007000b4af0000d48c2400a2af1000a28c9a
:102060006400b1af6000b0af8800a4af0c00b08cca
:102070002588e0002530000025380000252080025a
:102080002528c0038400bfaf7c00b7af7800b6af8f
:102090007400b5af6c00b3af6800b2af5f1f400f04
:1020a0004000a2af0e0040042000a28f0400423086
:1020b0000e0040142b0002242000a28f08004230a2
:1020c0001800a2af2400a28f3800a2af1800a28f80
:1020d0000c0040102000022405000010000002a2a5
:1020e0000080023c26f05e002d000224000002a2c7
:1020f0002400a28fffff42243800a2af0100022477
:102100001800a2afbfff232600f0c27f2500801673
:102110002c00a3aff07f033c230043141800a38fcf
:102120001800a28f019d113c212002022c00a28fd9
:102130001a00422c0300401090992526019d053c71
:102140008c99a524f926400f0000000090992426c0
:10215000da26400f000000002000a38f2400a78f84
:102160008800a48f1000a3af252800028121400f12
:10217000253040008400bf8f8000be8f7c00b78f69
:102180007800b68f7400b58f7000b48f6c00b38f79
:102190006800b28f6400b18f6000b08f0800e00368
:1021a0008800bd271800a38ff07f053c2c00a48f6a
:1021b00021b003020100a3242b1843000500601086
:1021c0001a00842c0c004514300002240b008012ed
:1021d00078000324019d113c030080109899252666
:1021e000019d053c9499a524f926400f2520c002a5
:1021f000d7ff001098992426780003240000c2a27b
:10220000580002240a106400253000002538000020
:10221000252080022528c003071f400f25a8400065
:10222000019d033c3895778c3c95718c03014014db
:102230001c00a0af2800a28f2800a48f0000422815
:10224000180003240a188200010062240100d5a2ac
:102250003c00a3af5400a2af25b0e00225a82002a5
:102260004400b4af4800beaf259800004400a88fda
:102270004800b28f252000012530c0022538a00279
:1022800025284002610d400f3000a8af25204000f6
:10229000f720400f25286000252040002530c0028f
:1022a0002538a002252860004c00a2aff218400f8c
:1022b0005000a3af3000a88f252840022520000140
:1022c000253040003812400f253860004400a2af8e
:1022d00025904000019d023c5095468c5495478cba
:1022e0002520c0022528a0023000a3af4800a3afdc
:1022f000f218400f5800a2af25b040002800a28f6e
:1023000025a8600009004104010073263000a28f57
:10231000253000002538000025204002071f400f0f
:102320002528400006004010019d023c5400a28f69
:10233000ceff62163c00a28f01005324019d023c97
:102340005895468c5c95478c2520c002f218400faa
:102350002528a00225b04000253040003000a28f83
:102360002538600025204002252840005f1f400fcf
:1023700025a86000f00040043000a28f2530c00284
:102380002538a00225204002071f400f25284000c5
:10239000060040144c00a48f6824400f5000a58f05
:1023a00001004230e500405025b000001800a28f27
:1023b00025208002020042242530c0022538a002d8
:1023c0002528c0033a12400f1800a2af25a06000d4
:1023d0003000a2af0400401400f0637cf07f023ca8
:1023e00050ff62101800a28f3800a28f1800a38f30
:1023f000feff56244000a28ffbff42243c00a2af08
:102400002b1062000c014010231013004800a2aff3
:10241000259860002560600025f000003800a0af1e
:10242000259000003000a38f2530e00225382002df
:102430002520600025288002610d400f4c00acafc4
:1024400025204000f720400f25286000252040006f
:102450002528600025a860006824400f4400a2af32
:10246000b80040144c00ac8fb70040123800a38f66
:102470000100de274400a48f2530e0022538200229
:10248000f218400f2528a002253860003000a38fe5
:1024900025288002253040003812400f252060009a
:1024a0003000a2af5800a28f2520e0025095468c44
:1024b0005495478c25282002f218400f25a0600073
:1024c00025b840004800a28fffff522625886000f3
:1024d00005004212256060023c00a28f2b106202b0
:1024e000d1ff40143000a38f3800a28f1500401494
:1024f0001c00a28fd100c01b2800a28fcf00401863
:102500002000a28f01004230cc0040142e00032492
:1025100021101302000043a02118d3032118030245
:1025200030000424010044a001004224fdff621495
:1025300021407e0227481e000100132521b03601ec
:102540001c00a28f21201302000080a0040041047f
:1025500025280000231002001c00a2af0100052462
:102560004000a28f01001124ffff42242118020223
:10257000000060a0010007240a0006241c00a38fad
:102580009c006054ffff4224980027122b00032474
:102590002d0006240b18c50021280202ffffa3a06e
:1025a0002c00a38f500005241a00662cfeff422445
:1025b000700003240b18a600212802022a106202d0
:1025c000030040100000a3a0f926400f0000000007
:1025d0002000a28f020003240300423010004314a5
:1025e000ffffca2621885101feff3226d8fe401a7d
:1025f00025200002da26400f252000021800a38fb4
:102600002a18430085006010253040021800a28f70
:1026100030000524ef26400f212002022400a0af45
:10262000cbfe0010252000021c00a28f25b86002fe
:10263000010042241c00a2af258840022530e002a0
:10264000253820022520e0023a12400f25282002da
:102650002530400025386000252080022528c00351
:10266000259060005f1f400f25984000eeff410459
:10267000019d023c4095528c4495538c019d023c37
:102680004c95438c4895428c3400a3af3000a2afe8
:102690002530e00225382002252080025f1f400ff0
:1026a0002528c003e3fe410425304002253860029e
:1026b0002520e002f218400f2528200225204000a6
:1026c0002530000025380000071f400f2528600036
:1026d0000e0040143000a68f3400a78f2520e002a2
:1026e000f218400f252820023000a68f3400a78f53
:1026f000252080022528c00325886000f218400f9d
:1027000025b8400025a0400025f060002520e0020b
:102710002528200225304002f218400f253860029b
:1027200025b840001c00a28f25886000ffff4224ce
:10273000d7ff00101c00a2af25b000001bff001047
:1027400025a800003800a38f0a00601421201e0273
:102750000800401221600c022e000324000083a117
:102760000100032401007326ffffd6263800a3af23
:1027700021201e02211813022120930002000010c4
:102780003000052401006324feff6454000065a0ae
:102790000a004328020060105700442430004424fb
:1027a0002c00a28f1a00422c080040102000823416
:1027b0009fff42241a00422c0500401021107e0287
:1027c0002b27400f000000002520400021107e0232
:1027d0002348de020100532421100202000044a01d
:1027e000ffff362523ff001025f000001c00a38ffb
:1027f000ffff42241a006600f401c00021480202d3
:10280000ffff31261018000030006324000023a1d0
:102810001218000059ff00101c00a3af211802027b
:10282000000064802118220221180302feff64a028
:1028300072ff0010ffff42241800b38f2000a28f08
:10284000100042303eff4010211013022e000324de
:0c285000000043a03aff001001007326b6
:020000040000fa
:020000041d00dd
:10285c0070ffbd27a000a28f4800a4af4000a2af1c
:10286c00a400a28f5000a6af5400a7af2530800063
:10287c002538a0003000a4274400a2af8c00bfafc5
:10288c004c00a5af7400b3af6c00b1af8800beaf05
:10289c008400b7af8000b6af7c00b5af7800b4afa2
:1028ac007000b2af4024400f6800b0af5000a68f4c
:1028bc005400a78f2000a4274024400f3800b38f6a
:1028cc004000a68f4400a78f1000a4274024400f7f
:1028dc002800b18fcb03622a03004010cb03222abd
:1028ec000e0040141800aa8f5000a68f5400a78f1a
:1028fc004800a48ff218400f4c00a58f4000a48f05
:10290c004400a58f253040003a12400f2538600056
:10291c004000a2af060000104400a3afcb03422935
:10292c0011004014cb030224f0ff42155000a68f77
:10293c008c00bf8f4000a28f4400a38f8800be8ff5
:10294c008400b78f8000b68f7c00b58f7800b48f71
:10295c007400b38f7000b28f6c00b18f6800b08fb1
:10296c000800e0039000bd273000a28f2000a48f48
:10297c002400a68f190044003400a78f10680000b3
:10298c00126000001900460021883302121000006a
:10299c00101800001900e4002398510112200000c7
:1029ac00102800001900e600217844002bf0e20109
:1029bc00122000002110650021f0c2032180ed01de
:1029cc0021f09e00102800002b380d022b10c403a0
:1029dc002138c703211045002bf0fe001000b78fe3
:1029ec001400b48f257080012590e0007700601ae8
:1029fc0021f0c2034000622a490040102520e00269
:102a0c0025288002253060028526400f6400acaf7b
:102a1c00400006242520e002252880022330d30024
:102a2c006000a2af7626400f5800a3af5800b88fb5
:102a3c006000aa8f6400ae8f25b8400025a060000e
:102a4c002c00a28f3c00b38f269862021c00a28f30
:102a5c00810053142178100321704e012b58ca01a8
:102a6c0021b06f012b10d80225a8c001060040141c
:102a7c0001001924030016172b50ca01030040153e
:102a8c002168f20225c800002168f2022b48b70128
:102a9c0021189e0221682d03214823012bc8b9015e
:102aac0021c829032520a001252820034400adaf0f
:102abc003325400f4000b9afffff522440000624dd
:102acc002330d2002520a0027626400f2528c002f4
:102adc004400ad8f4000b98f2520a001252820038c
:102aec0025304002258040008526400f25a060003f
:102afc00253040022520a0022528c0022580020294
:102b0c008526400f25a08302251843002b180300af
:102b1c0040003126258003028800001025b0800279
:102b2c00c0ff7326c0ff512525c00000c4ff6012f2
:102b3c00255000004000622a3a00401040000b244f
:102b4c0023b0730125208001252800022530c00206
:102b5c006400b8af6000aaaf5c00adaf8526400f33
:102b6c005800acaf5800ac8f257043002520800175
:102b7c0025280002253060027626400f2ba80e0077
:102b8c00252040022528c0032530c0022580600086
:102b9c008526400f25a8a2022570a20225204002fe
:102bac002528c003253060025800aeaf7626400fb2
:102bbc002580030225f060005800ae8f2590400060
:102bcc00255000009eff001025c000001a002a129c
:102bdc0023a82a024000a22a1c0040104000062410
:102bec002520e002252880022330d5008526400fc1
:102bfc005800acaf251043002520e00225288002a8
:102c0c002530a0027626400f2b98020025c06000cc
:102c1c005800ae8f2550620225b8000088ff0010c6
:102c2c0025a0000001000e24258000002590000046
:102c3c0083ff001025f000002550e00225c0800223
:102c4c0025b800007eff001025a0000001000a241a
:102c5c00fbff001025c000002360ca012b18cc011b
:102c6c002358180223b063012b28160225a88001d3
:102c7c00010004240600a014251000000400d05606
:102c8c0025200000030060142318570225200000a3
:102c9c00231857022b28430223c8d40323c8250327
:102cac00236864002b186d0023c8220323c8230358
:102cbc001300210723704e012b504e0123c010032b
:102ccc002338f20223b00a032b48e70223189e0292
:102cdc002568d6012120e400231869002b680d001b
:102cec002b3887002118620023688d002138e300ff
:102cfc002b208d0025a8c00123c8e4000100732ef1
:102d0c002510b90167ff40142510b602f6fe4010dd
:102d1c002520a0023325400f2528c002ffff522496
:102d2c0033004106c0171600428015002580500064
:102d3c000100ac3225800c0242b0160025200002a6
:102d4c00050060122528c0022b1010002328160045
:102d5c00232010002328a200461d400f2388320296
:102d6c0025b84000c4fb222a670040102590600063
:102d7c00c3fb02247300221680251000230060166a
:102d8c00019d023c7095548c7495558c2530e00255
:102d9c002538400225208002071f400f2528a0025d
:102dac001e004014019d023c8095468c8495478cf6
:102dbc002520e002f218400f25284002252860004b
:102dcc003d21400f252040009823400f2520400036
:102ddc00019d043c8895868c8c95878c25286000f9
:102dec00f218400f25204000cafe00104000a2af90
:102dfc00253040022520a0028526400f2528c00240
:102e0c0025a0600044ff001025804000019d023c7d
:102e1c007895548cddff00107c95558c4015100076
:102e2c0039004010c0171600422010002520440025
:102e3c0042b01600010010320040053c25209000e5
:102e4c00050060122528b6002b100400232805006d
:102e5c002328a20023200400461d400f0000000080
:102e6c002530400025386000252040003a12400fe4
:102e7c002528600025204000253080022538a0023e
:102e8c003812400f2528600025904000019d023c1f
:102e9c008895468c8c95478c25204002252860000f
:102eac00f218400f25806000253040002538600066
:102ebc0025204000f218400f2528600025304002e4
:102ecc0025380002252040022528000225986000a4
:102edc003812400f25a040002530400025386000f6
:102eec0025208002f218400f252860022520400082
:102efc0025304002253800023a12400f2528600088
:102f0c002590600025b840008c00bf8f8800be8fd4
:102f1c008000b68f7c00b58f7800b48f7400b38faf
:102f2c006800b08f253020022520e0026c00b18fa4
:102f3c008400b78f252840027000b28ffd21400b12
:102f4c009000bd278015160082821000258050004d
:102f5c002b2004002528c002252090000448057c65
:102f6c0082851000252805020500601280220400cd
:102f7c002b100400232805002328a2002320040082
:102f8c00461d400f00000000deff00102590600081
:020000040000fa
:020000041d00dd
:102f9c0018ffbd27dc00b5afd800b4afd400b3af79
:102fac00d000b2afe400bfafe000b6afcc00b1af21
:102fbc00c800b0af259880002590c000b800a5af20
:102fcc0025a00000019d153cb800a58f0000a28033
:102fdc00c9004010ffff02249c00a2af1800a227da
:102fec00a400a2af800002249800a0afa000a0af64
:102ffc00a800a2af25800000250003242188b00082
:10300c00000022820300401000000000fbff43542c
:10301c00010010260400001225300002b124400fdc
:10302c0025206002b800b1afb800a58f250002249e
:10303c000000a380a90062140100b624b800b6af4a
:10304c000200a52425180000300007242d000824b8
:10305c002b0009242c000a2420000b242300062416
:10306c00ffffa2802a0047509800a38f31004c2804
:10307c003d018011ffffa424200048509800a38f2d
:10308c002e004c283801801100000000220049500d
:10309c009800a38f34014a100000000020004b5010
:1030ac009800a38f200046509800a38f0100605415
:1030bc00b800a4af2a0003241d0043500000428e28
:1030cc001425400f00000000b800a38fa000a2af91
:1030dc00252800002520600000008280d0ff4224bb
:1030ec000a00422c5f004014010063241c00a05411
:1030fc00b800a4af1b0000109800a28f010063342d
:10310c009800a3af0100a524d5ff001001000324f3
:10311c00fbff001002006334f9ff0010040063345d
:10312c00f7ff001008006334f5ff00101000633443
:10313c0001008424040043240000428c000043aeb0
:10314c00b800a4af9800a38f05004104a000a2af63
:10315c0001006338231002009800a3afa000a2afb7
:10316c009800a28f01004330020060104408027cda
:10317c009800a2afb800a28f2e0003240000448058
:10318c000d008314010051249c00a0af0100448069
:10319c002a00032435008314b800b1af0200422486
:1031ac00b800a2af0000428e040043240000428c01
:1031bc00000043ae9c00a2afaf25400fb800a4277f
:1031cc00b800b18fc000a2af2427400f00002482aa
:1031dc0025000324cf004310c000a58f9fff42247d
:1031ec001800432cd6006010009d033c8010020098
:1031fc0010326324211062000000428c0800400051
:10320c0000000000b832009d4c35009db834009d84
:10321c003033009d8434009d8434009d8434009da3
:10322c004c35009d3033009d4c35009d4c35009d38
:10323c004c35009d4c35009d6834009d9833009da5
:10324c000434009d4c35009d4c35009df834009d98
:10325c004c35009d6433009d4c35009d4c35009dd4
:10326c00cc33009d9bff0010010005241425400f5a
:10327c00252020029c00a2af25200000251820024a
:10328c0000006280d0ff42240a00422c050040144a
:10329c0001003126c8ff8054b800a3afc6ff001050
:1032ac0000000000f5ff001001000424253040024e
:1032bc009925400fb000a4276c0040100100222675
:1032cc0000002782b000a6279800a52725206002c1
:1032dc000c08400fb800a2af21800202218090029e
:1032ec002aa014029e00801200a0023c4f0003246e
:1032fc00680643acffff1424e400bf8f2510800246
:10330c00e000b68fdc00b58fd800b48fd400b38f3b
:10331c00d000b28fcc00b18fc800b08f0800e00392
:10332c00e800bd272538400201000624a51e400fe9
:10333c00b000a4274d004010b000a6270100312694
:10334c009800a52725206002b71f400fb800b1af29
:10335c00e2ff0010218002022538400225300000d7
:10336c00a51e400fb000a42740004010b000a627b7
:10337c00010031269800a527252060023b23400f31
:10338c00b800b1afd5ff00102180020225384002f1
:10339c0025300000a51e400fb000a42733004010bc
:1033ac00b000a627010031269800a5272520600231
:1033bc00c021400fb800b1afc8ff0010218002023d
:1033cc002538400225300000a51e400fb000a42770
:1033dc00260040100100222600002782b800a2af70
:1033ec00b000a6279800a527c51c400f2520600219
:1033fc00baff00102180020225384002253000005f
:10340c00f0000524a51e400fb000a42717004010a3
:10341c00b000a28fb400a38f010031262510430009
:10342c000c004014b800b1afda26400f8099a426e6
:10343c009800a38fa000a78f1000a3af25304000e9
:10344c008099a5268121400f25206002a3ff001042
:10345c0021800202e2ff0010780007242538400288
:10346c0021309002ac20400fb000a427010031267f
:10347c009aff0010b800b1af253040029925400fdb
:10348c00b000a427f9ff401001002226000027827b
:10349c00b000a6279800a52725206002ed05400f57
:1034ac00b800a2af8dff0010218002028000022420
:1034bc00eeffa214010007240000428e0100312609
:1034cc00040043240000428cb800b1af000043aeae
:1034dc00b000a2a3b000a6279800a5271724400f80
:1034ec00252060027dff0010218002028000022452
:1034fc00deffa214253800000000428e01003126a8
:10350c0004004324000043ae0000468cf2ff001080
:10351c00b800b1af80000224d4ffa2149800a28f8f
:10352c0001003126a000a78fb800b1af1000a2afe8
:10353c00019d053c01000624c2ff00108899a524ba
:10354c00ffff0224b800b6af9800a0afa000a0af58
:10355c009c00a2af1000a0aff5ff001025380000b2
:10356c0099fe001025a00002d5fe6054b800a4af4f
:08357c00d3fe00100000000066
:020000040000fa
:020000041d00dd
:103584004050050042550a00c04a0500427d04002f
:1035940025482f01c042040000800e3c25482e011e
:1035a40040680700426d0d00c0620700427d0600be
:1035b40025608f01c05a060025608e012628a700c9
:1035c4002428ae00ffff4f25fe07e12dd600201072
:1035d40000000000ffffaf25fe07e12d03012010ce
:1035e4000000000023504d01ff034a25424008001b
:1035f400c07f090025400f0142480900023c0c002d
:10360400f401e0001b0027011270000010480000c4
:10361400ffff86311900ce0012200000004c090083
:10362400027c080025482f012b782401234824011b
:103634000600e01100000000ffffce2521482c0108
:103644002b082c01fcff201000000000f401e00016
:103654001b00270112380000104800001900c700a1
:1036640012200000004c0900ffff0f3125482f01f4
:103674002b782401234824010600e01100000000f7
:10368400ffffe72421482c012b082c01fcff20100c
:103694000000000000740e002170c7011900cb0166
:1036a4001238000010200000000008242b780701c5
:1036b400234007012b102f0123482f012b782401cd
:1036c4002578e201234824010b00e01100000000ea
:1036d400ffffce2521400b012b780b0121482c0143
:1036e40021482f0102002c11000000002b782c012e
:1036f400f7ffe0110000000007002c150000000097
:1037040025200b002548080000000d2425380d0055
:103714002c00001000000000023c0c00f401e0004a
:103724001b0027011268000010480000ffff8631cb
:103734001900cd0012200000004c0900027c080092
:1037440025482f012b782401234824010600e01189
:1037540000000000ffffad2521482c012b082c019f
:10376400fcff201000000000f401e0001b00270112
:1037740012380000104800001900c7001220000091
:10378400004c0900ffff0f3125482f012b7824013d
:10379400234824010600e01100000000ffffe72495
:1037a40021482c012b082c01fcff201000000000f4
:1037b400006c0d002168a7011900ab01123800004c
:1037c40010200000000008242b7807012340070183
:1037d4002b102f0123482f012b7824012578e20197
:1037e400234824010b00e01100000000ffffad2579
:1037f40021400b012b780b0121482c0121482f017a
:1038040002002c11000000002b782c01f7ffe011be
:10381400000000000600c005000000002a78a00196
:103824002168ad012170ce012170cf01ffff4a252f
:10383400257828010200e011000000000100ad35e8
:1038440025480e0025400d00ffff4f25fe07e12d02
:1038540015002010000000000004082500040f2dae
:1038640021482f012b782f0121504f01c27a0800e3
:103874000100ef3123400f01c2220800407d0900fe
:1038840025208f0040780900027b0f002528af0017
:10389400007d0a002528af00251004002518050026
:1038a4000800e003000000004b00401d0000000081
:1038b40001000e242370ca012000c12d0900201428
:1038c40000000000e0ffce212b2008002540240149
:1038d4000f0009100000000000000934f6ff00107a
:1038e400000000000a00c0110000000022300e0099
:1038f4000420c8000430c9000640c8010648c901b4
:103904002540c800020080100000000002000835b5
:103914000004082500040f2d21482f01c257090077
:10392400d2ff0010000000002a78000121400801a5
:103934002148290121482f011900401500000000e9
:10394400257828011600e011000000000900201568
:1039540000000000040000150000000000000a241c
:103964001cff00100000000025480001000008248e
:10397400e0ff4a2520702e7116ffc01100000000e0
:1039840023504e0122300e000630c8000440c80106
:103994000448c901254826010eff0010000000005c
:1039a40005004d150000000040780c002578eb015f
:1039b4002f00e01100000000ff0701240b00a111fb
:1039c40000000000b4ff4011000000002578280129
:1039d4002700e01500000000f07f013c2528a1002d
:1039e40000000424acff0010000000002a786001ed
:1039f40021586b0121608c0121608f011900a015f1
:103a04000000000025788b01f3ffe01100000000a6
:103a1400090080150000000004006015000000008b
:103a240000000d24effe001000000000256060017e
:103a340000000b24e0ffad2520708e71e9fec0115b
:103a4400000000002368ae0122300e000630cb00d7
:103a54000458cb010460cc0125608601e1fe00100e
:103a64000000000025788b010200e0110000000036
:103a7400f8ff053c0000042487ff0010000000004c
:043a8400000000003e
:020000040000fa
:020000041d00dd
:103a880058ffbd27a400bfafa000beaf25f0a0031c
:103a9800a800c4afac00c5afb000c6afb400c7af94
:103aa800ac00c2271c00c2af2400c2272000c2af4e
:103ab8002000c28f000040a0b500001000000000e8
:103ac800a800c28f00004380250002240b0062106a
:103ad80000000000a800c38f01006224a800c2af44
:103ae8002000c28f010044242000c4af000063807e
:103af800000043a0a600001000000000a800c28f2c
:103b080001004224a800c2afa800c28f0000428072
:103b180025000324840043100000000025004328ea
:103b280088006014000000007900432885006010b8
:103b380000000000630043288200601400000000b9
:103b48009dff42241600432c7e00601000000000f8
:103b580080180200009d023c743b42242110620040
:103b68000000428c0800400000000000983c009dc6
:103b7800cc3b009d4c3d009d4c3d009d4c3d009d27
:103b88004c3d009d4c3d009d4c3d009d4c3d009d95
:103b98004c3d009d4c3d009d4c3d009d4c3d009d85
:103ba8004c3d009d4c3d009d4c3d009dc43c009dfe
:103bb8004c3d009d643c009d4c3d009d4c3d009d4e
:103bc800303c009d1c00c28f040043241c00c3af7e
:103bd8000000428c1400c2af1400c28f09004104d7
:103be800000000002000c28f010043242000c3af62
:103bf8002d000324000043a01400c28f23100200ec
:103c08001400c2af1400c28f2000c3270a00062484
:103c18002528400025206000900f400f000000007c
:103c280058000010000000001c00c28f040043244c
:103c38001c00c3af0000428c1800c2af2000c2278e
:103c4800100006241800c58f25204000900f400f53
:103c5800000000004b000010000000001c00c28f94
:103c6800040043241c00c3af0000428c1800c2affc
:103c78002000c2270a0006241800c58f252040000e
:103c8800900f400f000000003e00001000000000f0
:103c98001c00c28f040043241c00c3af0000448ce6
:103ca8002000c28f010043242000c3af201c047ce5
:103cb800000043a033000010000000001c00c28f69
:103cc800040043241c00c3af0000428c1000c2afa4
:103cd8001000c28f0e00401400000000019d023c3d
:103ce800c89c42241000c2af090000100000000068
:103cf8001000c38f010062241000c2af2000c28fe1
:103d0800010044242000c4af00006380000043a0e9
:103d18001000c28f00004280f5ff40140000000030
:103d280018000010000000002000c28f010043248a
:103d38002000c3af25000324000043a01100001099
:103d4800000000002000c28f010043242000c3af00
:103d580042000324000043a02000c28f0100432436
:103d68002000c3af41000324000043a02000c28ffd
:103d7800010043242000c3af44000324000043a0f3
:103d880000000000a800c28f01004224a800c2afb2
:103d9800a800c28f0000428049ff401400000000c4
:103da8002000c28f000040a02400c2272000c2af1c
:103db80016000010000000002000c28f00004380a1
:103dc8000a00022408006210000000002000c28fd0
:103dd80000004280252040005b27400f00000000c3
:103de80007000010000000000d0004245b27400fae
:103df800000000000a0004245b27400f00000000b8
:103e08002000c28f010042242000c2af2000c28fd0
:103e180000004280e8ff401400000000000000009d
:103e280025e8c003a400bf8fa000be8fa800bd274f
:103e38000800e00300000000e0ffbd271c00beaf43
:103e480025f0a0032000c4af2400c5af2800c6afea
:103e58001300c0a32400c28f0c004014000000000f
:103e68002000c28f0000428c30000324000043a0d1
:103e78002000c28f0000428c010043242000c28f22
:103e8800000043ac32000010000000000800c22708
:103e98000b0042240000c2af180000100000000010
:103ea8002400c38f2800c28f1b006200f401400069
:103eb800101000000400c2a30400c3930000c28fc6
:103ec800ffff42240000c2af019d023cd09c422467
:103ed80021106200000043800000c28f000043a050
:103ee8002400c38f2800c28f1b006200f401400029
:103ef80010100000121000002400c2af2400c28f6e
:103f0800e7ff4014000000000d0000100000000052
:103f18000000c28f010043240000c3af2000c38ffc
:103f28000000638c00004280000062a02000c28f65
:103f38000000428c010043242000c28f000043ace3
:103f48000000c28f00004280f1ff40140000000012
:103f580025e8c0031c00be8f2000bd270800e00331
:103f680000000000e0ffbd271c00bfaf1800beaf77
:103f780025f0a0032000c4af2000c48f5a13400fbf
:103f8800000000001000c0a337000010000000006f
:103f98001000c393019d023cc0180300509a4224ac
:103fa800211062000000428c09004010000000004f
:103fb8001000c293019d033c509a6324c010020074
:103fc800211062000400428c04004014000000002c
:103fd8000300022429000010000000001000c39311
:103fe800019d023cc0180300689a42242110620017
:103ff8000000448c1000c293019d033c689a63241e
:10400800c0100200211062000400429025284000e0
:104018004d16400f000000001000c393019d023ca4
:10402800c0180300509a4224211062000000428cfc
:104038001000c3932520600009f84000000000002c
:1040480001004238ff004230040040100000000028
:104058000500022409000010000000001000c293af
:10406800010042241000c2a31000c2930300422c96
:10407800c7ff4014000000002510000025e8c00319
:104088001c00bf8f1800be8f2000bd270800e0036a
:1040980000000000d8ffbd272400bfaf2000beaf3e
:1040a80025f0a00333000010000000002480829750
:1040b800252040000a23400f000000001000c2a382
:1040c8001000c393019d023cc0180300689a422463
:1040d800211062000000428c28808527252040009e
:1040e800dc16400f00000000100040140000000023
:1040f8001000c393019d023c40180300809a42249b
:1041080021106200000042942016027c2710020051
:10411800201e027c248082972016027c24106200d4
:104128002016027cffff4230248082a71000c29331
:10413800019d033c509a6324c010020021106200c4
:104148000400428c1400c3272880858f2c80868f1a
:104158002520600009f84000000000001400c28f0c
:1041680004004010000000000200022412000010a9
:1041780000000000ee17400f00000000040040108f
:104188000000000024808297c8ff4014000000004f
:10419800ee23400f0000000001004238ff004230cb
:1041a800f4ff401000000000b818400f00000000a5
:1041b800f0ff00100000000025e8c0032400bf8fb6
:1041c8002000be8f2800bd270800e0030000000083
:1041d800e0ffbd271c00bfaf1800beaf25f0a0034d
:1041e8002000c4af2400c5af1000c0a31d000010fc
:1041f800000000001000c393019d023cc01803009a
:10420800689a4224211062000000428c2000c58f69
:104218002400c68f252040006516400f00000000ce
:1042280001004238ff004230140040140000000032
:104238001000c393019d023c40180300809a422459
:1042480021106200000043942480829725106200a8
:10425800ffff4230248082a71000c293010042244d
:104268001000c2a31000c2930300422ce1ff4014c7
:104278000000000002000010000000000000000024
:104288001000c3930300022404006214000000001d
:1042980001000224020000100000000025100000a8
:1042a80025e8c0031c00bf8f1800be8f2000bd2763
:1042b8000800e00300000000e8ffbd271400bfafbe
:1042c8001000beaf25f0a003251080001c00c5af6c
:1042d8002000c6af1800c2a31800c2930300422ce6
:1042e8001b004010000000001800c393019d023c11
:1042f800c0180300689a4224211062000000428c12
:104308001c00c58f2000c68f252040006516400f71
:10431800000000000e004010000000001800c393c9
:10432800019d023c40180300809a4224211062003b
:10433800000043942480829725106200ffff4230da
:10434800248082a70100022402000010000000005f
:104358002510000025e8c0031400bf8f1000be8f91
:104368001800bd270800e00300000000e8ffbd2793
:104378001400bfaf1000beaf25f0a00325108000c9
:104388001c00c5af2000c6af1800c2a31800c29316
:104398000300422c1b004010000000001800c393cb
:1043a800019d023cc0180300689a42242110620053
:1043b8000000428c1c00c58f2000c68f25204000bd
:1043c8009c16400f000000000e0040100000000086
:1043d8001800c393019d023c40180300809a4224b0
:1043e8002110620000004394248082972510620007
:1043f800ffff4230248082a701000224020000103f
:10440800000000002510000025e8c0031400bf8f3d
:104418001000be8f1800bd270800e0030000000050
:10442800e8ffbd271400bfaf1000beaf25f0a00302
:104438001800c4af1800c48f1f12400f00000000fe
:104448000e004010000000001800c28f0800428cc7
:10445800010043241800c28f080043ac1800c28f23
:104468000800438c1800c28f0c00428c03006214b1
:10447800000000001800c28f080040ac1800c28f6e
:104488000400428c010043241800c28f040043ac8e
:104498001800c28f0400438c1800c28f0c00428c95
:1044a80003006214000000001800c28f040040ac32
:1044b8000000000025e8c0031400bf8f1000be8f65
:1044c8001800bd270800e00300000000f8ffbd2722
:1044d8000400beaf25f0a0030800c4af0800c28fd7
:1044e8000800428c010043240800c28f080043ac36
:1044f8000800c28f0800438c0800c28f0c00428c51
:1045080003006214000000000800c28f080040acdd
:104518000000000025e8c0030400be8f0800bd2786
:104528000800e00300000000e0ffbd271c00bfaf4b
:104538001800beaf25f0a0032000c4af2400c5af0b
:10454800548082930019020000a0023c44064224d1
:10455800211062001000c2af5480829301004224ef
:10456800ff004230548082a31000c28f2000c38f06
:10457800000043ac1000c28f2400c38f0c0043ac72
:104588001000c48f6c11400f000000001000c28f93
:1045980025e8c0031c00bf8f1800be8f2000bd2770
:1045a8000800e00300000000f8ffbd270400beafcc
:1045b80025f0a0030800c4af0800c28f040040ac77
:1045c8000800c28f080040ac0000000025e8c003c6
:1045d8000400be8f0800bd270800e00300000000ab
:1045e800e0ffbd271c00bfaf1800beaf25f0a00339
:1045f8002000c4af2000c28f0c00428c1000c2af54
:104608002000c48f1f12400f000000000100423834
:10461800ff00423019004010000000002000c28f47
:104628000400438c2000c28f0800428c2b106200cb
:1046380009004014000000002000c28f0400438cd1
:104648002000c28f0800428c231062001000c2af05
:104658000a000010000000002000c28f0c00438cec
:104668002000c28f0400428c211862002000c28ff3
:104678000800428c231062001000c2af1000c28fe5
:1046880025e8c0031c00bf8f1800be8f2000bd277f
:104698000800e00300000000f8ffbd270400beafdb
:1046a80025f0a0030800c4af0800c28f0c00428c9c
:1046b80025e8c0030400be8f0800bd270800e003fa
:1046c80000000000e8ffbd271400bfaf1000beaf18
:1046d80025f0a0031800c4af2510a0001c00c2a339
:1046e8001800c28f0000438c1800c28f0400428c4f
:1046f800211062001c00c393000043a01800c48f5f
:104708000a11400f000000000000000025e8c00367
:104718001400bf8f1000be8f1800bd270800e003eb
:1047280000000000e0ffbd271c00bfaf1800beafaf
:1047380025f0a0032000c4af2510a0002400c2a3c8
:10474800ffff02241000c2af2000c48f1f12400fc9
:104758000000000001004238ff0042300c00401009
:10476800000000002000c28f0000438c2000c28f90
:104778000400428c211062002400c393000043a06f
:104788002000c48f0a11400f000000001000c0afc5
:104798001000c28f25e8c0031c00bf8f1800be8f11
:1047a8002000bd270800e00300000000e0ffbd274f
:1047b8001c00bfaf1800beaf25f0a0032000c4af97
:1047c8002400c5afffff02241000c2af2000c48f31
:1047d8000f12400f0000000001004238ff00423075
:1047e8000d004010000000002000c28f0000438c24
:1047f8002000c28f0800428c211062000000439004
:104808002400c28f000043a02000c48f3511400f40
:10481800000000001000c0af1000c28f25e8c003e0
:104828001c00bf8f1800be8f2000bd270800e003c2
:1048380000000000f8ffbd270400beaf25f0a0036c
:104848000800c4af0800c28f0400438c0800c28f60
:104858000800428c261062000100422cff00423002
:1048680025e8c0030400be8f0800bd270800e00348
:1048780000000000f0ffbd270c00beaf25f0a0032c
:104888001000c4af1000c28f0400428c0100422403
:104898000000c2af1000c28f0c00428c0000c38f12
:1048a80002006214000000000000c0af1000c28fb8
:1048b8000800428c0000c38f261062000100422cc1
:1048c800ff00423025e8c0030c00be8f1000bd2752
:0848d8000800e00300000000ed
:020000040000fa
:020000041d00dd
:1048e0000080013c2638e10040580500425d0b0085
:1048f000c0520500427d040025504f01c04a04000b
:104900000080083c255048014070070042750e00a9
:10491000c06a0700427d06002568af01c06206003c
:104920002568a801ffff6f25fe07e12d97002010e5
:1049300000000000ffffcf25fe07e12dc900201079
:10494000000000000080013c2428a10023406e01eb
:1049500033000011000000001900001900000000e1
:104960002000012d0900201400000000e0ff0821b4
:104970002b300c002560a60129000d10000000005e
:1049800000000d34f6ff00100000000024000011ac
:10499000000000002220080004308c0004208d005c
:1049a00006600c0106680d0125608c001c00c0101b
:1049b0000000000002008c3519000010000000000b
:1049c00025580e00234008002000012d0900201466
:1049d00000000000e0ff08212b30090025484601b7
:1049e0000f000a100000000000000a34f6ff00105b
:1049f000000000000a000011000000002220080052
:104a00000430890004208a000648090106500a0182
:104a1000254889000200c01000000000020029356e
:104a20002678a7001d00e0050000000021482c01a9
:104a30002b782c0121504d0121504f0102004d11c6
:104a4000000000002b784d013a00e011000000004a
:104a500001002f310200e0110000000002002935a2
:104a600042480900c07f0a0025482f0142500a0031
:104a70000080013c2550410101006b25ff07012406
:104a80002c00611500000000f07f013c2528a100ea
:104a90000000042439000010000000002b782c01d5
:104aa00023482c012b104f0123504f012b784d012f
:104ab0002578e20123504d010700e01100000000bd
:104ac0000080013c2628a1002b780900234809001a
:104ad00023500a0023504f01090040150000000038
:104ae000040020150000000000000b240d00001041
:104af000000000002550200100000924e0ff6b2584
:104b00002040487107000011000000002358680190
:104b100022200800062089000448090104500a01e7
:104b200025504401257849010200e01500000000ed
:104b30000000052470006019000000000004292511
:104b400000042f2d21504f012b784f0121586f0168
:104b5000c27a09000100ef3123482f01c222090067
:104b6000407d0a0025208f0040780a00027b0f005c
:104b70002528af00007d0b002528af00251004007c
:104b8000251805000800e003000000002a78200135
:104b90002148290121504a0121504f01260060156a
:104ba00000000000257849011600e0110000000017
:104bb000090040150000000004002015000000005e
:104bc00000000b245bff00100000000025502001b6
:104bd00000000924e0ff6b252040487155ff0011bb
:104be00000000000235868012220080006208900e8
:104bf0000448090104500a01255044014dff0010ea
:104c000000000000ff0701241600c1110000000091
:104c10002140e700257806010300e01500000000b0
:104c2000d6ffe0040000000025100600251807004c
:104c3000d4ff001000000000257849012a00e0158b
:104c400000000000ff070124ccffc1150000000098
:104c50002678a7002400e00500000000f2ff001005
:104c6000000000002a78800121608c012168ad01dc
:104c70002168af011900c015000000002578ac01c3
:104c8000beffe011000000000900a01500000000b8
:104c9000040080150000000000000e2429ff001011
:104ca000000000002568800100000c24e0ffce25f4
:104cb0002040a87123ff0011000000002370c801ec
:104cc0002220080006208c0004600c0104680d01fd
:104cd0002568a4011bff0010000000002578ac012e
:104ce000d1ffe01100000000f8ff053c00000424a3
:104cf000a2ff0010000000000100082423400b0167
:104d00002000012d0900201400000000e0ff082110
:104d10002b300900254846010f000a100000000052
:104d200000000a34f6ff0010000000000a00001125
:104d300000000000222008000430890004208a00be
:104d40000648090106500a01254889000200c010e2
:104d5000000000000200293500000b2477ff00103e
:084d600000000000000000004b
:020000040000fa
:020000041d00dd
:104d6800e8ffbd271400bfaf1000beaf25f0a003b9
:104d78001800c4af1800c48f4117400f000000008e
:104d88000000000025e8c0031400bf8f1000be8f8c
:104d98001800bd270800e00300000000f8ffbd2749
:104da8000400beaf25f0a003251080002518a00040
:104db8000800c2a3251060000c00c2a70800c29317
:104dc8001000422c0c004010000000000800c393a3
:104dd800019d023c801803001c99422421106200a6
:104de8000000428c04004010000000000c00c29734
:104df8000400401400000000ffff02240900001016
:104e0800000000000800c39300a0023c4018030003
:104e180024064224211062000c00c397000043a41a
:104e28002510000025e8c0030400be8f0800bd2738
:104e38000800e00300000000f8ffbd270400beaf33
:104e480025f0a003251080000800c2a30800c29323
:104e58001000422c09004010000000000800c39315
:104e680000a0023c401803002406422421106200de
:104e7800000042940400401400000000ffff0224d8
:104e88000c000010000000000800c393019d023cc4
:104e980040180300809a42242110620000004394c5
:104ea8004080829725106200ffff4230408082a731
:104eb8002510000025e8c0030400be8f0800bd27a8
:104ec8000800e00300000000f8ffbd270400beafa3
:104ed80025f0a003251080000800c2a30800c29393
:104ee8001000422c0400401400000000ffff0224c0
:104ef80011000010000000000800c393019d023c4f
:104f080040180300809a4224211062000000429455
:104f18002016027c27100200201e027c4080829707
:104f28002016027c241062002016027cffff42300b
:104f3800408082a72510000025e8c0030400be8f2a
:104f48000800bd270800e00300000000f8ffbd27a7
:104f58000400beaf25f0a003251080002518a0008e
:104f68000800c2a3251060000c00c2a70800c29365
:104f78001000422c0c004010000000000800c393f1
:104f8800019d023c801803001c99422421106200f4
:104f98000000428c04004010000000000c00c29782
:104fa8000400401400000000ffff0224130000105a
:104fb800000000000800c39300a0023c4018030052
:104fc80024064224211062000c00c397000043a469
:104fd8000800c393019d023c40180300809a4224b4
:104fe80021106200000043944080829725106200df
:104ff800ffff4230408082a72510000025e8c0034b
:105008000400be8f0800bd270800e0030000000070
:10501800e8ffbd271400bfaf1000beaf25f0a00306
:10502800e417400f0000000025e8c0031400bf8ffc
:105038001000be8f1800bd270800e0030000000024
:10504800e8ffbd271400bfaf1000beaf25f0a003d6
:10505800408082974e0040100000000040808297f8
:10506800428082a742808297252040000a23400f71
:1050780000000000448082a34480829300a0033c87
:105088004020020024066324211883000000639452
:10509800ffff6324ffff643000a0033c40280200a8
:1050a800240663242118a300000064a400a0043c83
:1050b8004018020024068224211062000000429455
:1050c800200040140000000003000224488082af42
:1050d800448082934c8082a74480829325184000a4
:1050e800019d023c801803001c9942242110620093
:1050f8000000428c4880848f4c80858f09f84000de
:10510800000000004480829325184000019d023c65
:1051180040180300809a4224211062000000429443
:105128002016027c27100200201e027c40808297f5
:105138002016027c241062002016027cffff4230f9
:10514800408082a74480829325184000019d023c3c
:1051580040180300809a4224211062000000429403
:105168002016027c27100200201e027c42808297b3
:105178002016027c241062002016027cffff4230b9
:10518800428082a742808297b6ff40140000000048
:105198000000000025e8c0031400bf8f1000be8f78
:1051a8001800bd270800e003000000002540c000eb
:1051b800251080009400e0142518a0002b30a600cc
:1051c8003200c010203006710600c01023200600ef
:1051d800062082000418c5000440c8002518830072
:1051e8000410c200022c08001b006500f401a00096
:1051f800ffff0731024c02001220000010180000c7
:1052080002208770001c0300251869002b486400e1
:105218000800205123186400211868002b486800f2
:10522800030020152b486400010020552118680050
:10523800231864001b006500f401a000ffff423042
:10524800122000001018000002208770001c0300c4
:10525800251062002b1844000900605023104400f8
:10526800211048002b184800050060542310440002
:105278002b184400010060542110480023104400fa
:105288000610c2000800e0032518000004000015fd
:10529800010003241b006800f40100011240000013
:1052a800203006712900c014200003242328a800f8
:1052b800022408001b00a400f4018000ffff07314e
:1052c800024c020012180000102800000218677033
:1052d800002c05002528a9002b48a3000800205110
:1052e8002328a3002128a8002b48a8000300201584
:1052f8002b48a300010020552128a8002328a3003b
:105308001b00a400f4018000ffff423012180000c7
:105318001028000002186770002c05002510a20054
:105328002b204300d6ff8050231043002110480053
:105338002b204800030080142b20430001008054d8
:1053480021104800ceff00102310430023186600e8
:105358000438c5000440c80006106400062865002b
:1053680025104700023c08001b00a700f401e000dc
:10537800ffff093102540200121800001028000033
:1053880002186970002c05002528aa002b50a300dc
:10539800080040512328a3002128a8002b50a8006a
:1053a800030040152b50a300010040552128a800f8
:1053b8002328a3001b00a700f401e000ffff4230f0
:1053c800121800001028000002186970002c05004f
:1053d8002528a2002b10a300090040100410c400c7
:1053e8002128a8002b10a800050040140410c400b0
:1053f8002b10a300010040542128a8000410c40069
:10540800abff00102328a3002b40a7005c00001569
:105418002040e8700b000055200002242b40e500d6
:10542800030000152b408600550000150000000001
:10543800231086002338a7002b1882000800e003f9
:105448002318e30023104800061846000438070113
:10545800253867000264070004180501062845007e
:105468001b00ac00f4018001ffffea30065844003d
:1054780025586301021c0b00127000001028000060
:1054880002684e71002c05002518a3002b286d001a
:105498000a00a0102548c001211867002b286700c2
:1054a8000600a014ffffc9252b286d000400a0509a
:1054b80023186d00feffc9252118670023186d0009
:1054c8001b006c00f4018001ffff6b311228000003
:1054d8001018000002504571001c030025186b00cd
:1054e8002b606a000a0080112558a0002118670067
:1054f8002b60670006008015ffffab242b606a0055
:1055080004008051004c0900feffab2421186700fd
:10551800004c090025482b01042806011900250123
:1055280023186a0010580000125000002b606b000e
:10553800042004012548600105008015253040013c
:1055480007006b142b608a00060080112330860048
:1055580023304501233867012b5046012348ea00d0
:10556800233086002b208600231869002318640046
:1055780004104300063006012510460006180301f2
:105588000800e003000000002540c0002548e000b6
:10559800255080009300e0142518a0002b10a600c9
:1055a800350040102010c270060040102320020071
:1055b80006208a0004184500044046002518830088
:1055c80004504a00022c08001b006500f401a000ea
:1055d800ffff043102140a001238000010180000fe
:1055e80002308770001c0300251862002b586600e3
:1055f8000a0060112510e000211868002b58680087
:1056080006006015ffffe2242b5866000400605175
:1056180023186600feffe22421186800231866009c
:105628001b006500f401a000ffff4a3112300000a2
:105638001018000002208670001c030025186a005c
:105648002b3864000800e0102528c0002118030149
:105658002b40680004000015ffffc5242b206400c0
:1056680001008054feffc5240014020025104500e7
:105678000800e003251820010400c01401000224da
:105688001b004600f401c0001240000020380771da
:105698001e00e054200002242328a8000100092449
:1056a800021c08001b00a300f4016000ffff043186
:1056b80002140a0012380000102800000230877017
:1056c800002c05002528a2002b58a6000a0060110e
:1056d8002510e0002128a8002b58a8000600601516
:1056e800ffffe2242b58a600040060512328a600df
:1056f800feffe2242128a8002328a6001b00a300ff
:10570800f4016000c9ff0010ffff4a312310470071
:105718000440e8000418e500025408000628450083
:105728001b00aa00f4014001063044002530c300e4
:10573800ffff0331024c0600125800001028000039
:1057480002106b70002c05002528a9002b60a20010
:105758000a008011254860012128a8002b60a800b4
:1057680006008015ffff69252b60a2000400805108
:105778002328a200feff69252128a8002328a200cb
:105788001b00aa00f4014001ffffc63012500000c0
:105798001028000002106a70002c05002528a600b9
:1057a8002b30a2000a00c010251840012128a800ab
:1057b8002b30a8000600c014ffff43252b30a200a1
:1057c8000400c050004c0900feff43252128a80012
:1057d800004c09000450e4002328a200b0ff001088
:1057e800254823012b18a70025480000a0ff6014b6
:1057f800251000002040e870070000552000022412
:105808002b38e5009affe014010002242b108600d3
:1058180097ff001001004238231048000618460080
:105828000438070125386700025c070004180501e1
:10583800062845001b00ab00f4016001ffffe930ba
:10584800065044002550430102140a001268000063
:105858001028000002602d71001c05002518620048
:105868002b286c000a00a0102510a0012118670041
:105878002b2867000600a014ffffa2252b286c0028
:105888000400a05023186c00feffa2252118670011
:1058980023186c001b006b00f4016001ffff4a3104
:1058a800125800001018000002282b71001c030079
:1058b80025186a002b5065000a0040112548600130
:1058c800211867002b50670006004015ffff692567
:1058d8002b5065000400405100140200feff6925aa
:1058e8002118670000140200251049000430060141
:1058f8001900c20023186500103800002b48670003
:10590800070020151230000059ff671425480000d1
:10591800042004012b20860055ff801000000000a1
:10592800ffff422452ff001025480000f0ffbd276a
:105938000c00beaf25f0a0031000c4af2510a000d6
:105948001400c2a31000c28f0000c2af1400c2939b
:10595800ffff4224ff0043300000c28f000043a035
:105968000000c28f010040a00000c28f020040a0ca
:105978000000c28f0000429025e8c0030c00be8fd3
:105988001000bd270800e00300000000f0ffbd275d
:105998000c00bfaf0800beaf25f0a0031000c4afd5
:1059a8001400c5af1800c6af1000c28f0000c2af08
:1059b8000000c28f020043900000c28f0000429096
:1059c8002b106200210040100000000000606241be
:1059d800c0000000000000000000c28f01004290db
:1059e800251840000000c28f02004290211062007a
:1059f8000000c38f000063901a004300f4016000a8
:105a08001010000001004224c01002001000c38fd3
:105a1800211062001400c48f1800c38f000044ac2a
:105a2800040043ac0000c28f0200429001004224ef
:105a3800ff0043300000c28f020043a02060624193
:105a480001000224020000100000000025100000e0
:105a580025e8c0030c00bf8f0800be8f1000bd27cb
:105a68000800e00300000000f0ffbd270c00bfaff6
:105a78000800beaf25f0a0031000c4af1400c5afe6
:105a88001800c6af1000c28f0000c2af0000c28f5e
:105a9800020043900000c28f000042902b10620069
:105aa8002a0040100000000000606241c0000000b1
:105ab800000000000000c28f020042900100422452
:105ac800ff0043300000c28f020043a00000c28fd5
:105ad8000100429009004014000000000000c28f3d
:105ae80000004290ffff4224ff0043300000c28fb5
:105af800010043a007000010000000000000c28f52
:105b080001004290ffff4224ff0043300000c28f93
:105b1800010043a00000c28f01004290010042240e
:105b2800c01002001000c38f211062001400c48f3f
:105b38001800c38f000044ac040043ac20606241ed
:105b480001000224020000100000000025100000df
:105b580025e8c0030c00bf8f0800be8f1000bd27ca
:105b68000800e00300000000f0ffbd270c00bfaff5
:105b78000800beaf25f0a0031000c4af1400c5afe5
:105b88001000c28f0400c2af0400c28f020042900e
:105b9800320040100000000000606241c0000000b8
:105ba800000000000400c28f01004290010042245e
:105bb800c01002001000c38f211862001400c28fa9
:105bc8000000648c0400638c000044ac040043ac07
:105bd8000400c28f0100429001004224ff004330bc
:105be8000400c28f010043a00400c28f010043904b
:105bf8000400c28f000042902b1062000b0040147a
:105c0800000000000400c28f010043900400c28f0e
:105c1800000042901b006200f401400010100000d8
:105c2800ff0043300400c28f010043a00400c28f6c
:105c380002004290ffff4224ff0043300400c28f5d
:105c4800020043a00400c28f020042900000c2a3d9
:105c58002060624106000010000000001400c28f9e
:105c6800000040ac1400c28f040040a40000c0a390
:105c78000000c29325e8c0030c00bf8f0800be8f48
:105c88001000bd270800e00300000000f0ffbd275a
:105c98000c00beaf25f0a0031000c4af1000c28fe7
:105ca8000000c2af0000c28f020042900100422ce7
:105cb800ff00423025e8c0030c00be8f1000bd274e
:105cc8000800e00300000000e8ffbd271400bfaf94
:105cd8001000beaf25f0a0031318400f000000000d
:105ce8000000000025e8c0031400bf8f1000be8f1d
:105cf8001800bd270800e00300000000f0ffbd27e2
:105d08000c00bfaf0800beaf25f0a0031000c4af61
:105d18001000c28f240040100000000000b80340ab
:105d28000002023c2510620000b88240c00000005a
:105d38001000c28f348082af004802400000c2af1a
:105d48000000c38f1000c28f2110620000588240eb
:105d5800c000000088bf033c0010628c01000424ce
:105d68000463827c001062ac88bf033c9010628c94
:105d7800030004248420827c901062ac88bf033c1a
:105d88003010628c0400027c301062ac88bf033c87
:105d98006010628c010004240400827c601062acf4
:105da80020606241000000000000000025e8c003f8
:105db8000c00bf8f0800be8f1000bd270800e0034d
:105dc8000000000000e85d4100701b4002601a40be
:105dd800d0ffbd272c00bbaf00601b402400baaf2a
:105de8002800bbaf44781b7c000c7b3700609b40cd
:105df8000800a3af0400a2af2400a38f0f006330f4
:105e080004006014000000001400bfaf1000beaf13
:105e18000c00a4af00000000121000001c00a2af8c
:105e2800101800001800a3af25f0a00388bf023c9b
:105e380001000324341043ac00606241c00000003c
:105e48000000000000480340005802402310620090
:105e5800388082af3480828ff4ff43243880828f69
:105e68002b1043000a0040100000000000580340b7
:105e78003480828f2110620000588240c0000000e8
:105e8800010002243c8082a31600001000000000dc
:105e98003480828f421802003880828f2118620075
:105ea8003480828f1b006200f40140001010000053
:105eb80012100000ff00423001004224ff0042306f
:105ec8003c8082a3005803403c80829325204000f8
:105ed8003480828f02108270211062000058824044
:105ee800c00000002060624130808293ff00433090
:105ef8003c80829321106200ff004230308082a3f0
:105f08003c8082932518400032808297ffff423000
:105f180021106200ffff4230328082a7000000009b
:105f280025e8c0031c00a28f130040001800a38faf
:105f3800110060002400a28f0f00423006004014b8
:105f4800000000001400bf8f1000be8f0c00a48f4b
:105f58000800a38f0400a28f0000000000606041c9
:105f6800c00000002c00ba8f2800bb8f00709a4038
:105f78002400ba8f3000bd2702609a4000e8dd4156
:105f880000609b4018000042f8ffbd270400beaf28
:105f980025f0a00332808297ffff423025e8c00336
:105fa8000400be8f0800bd270800e00300000000c1
:105fb800e8ffbd271400bfaf1000beaf25f0a00357
:105fc80008000010000000001214400f000000003c
:105fd80030808293ff004230ffff4224ff004230ae
:105fe800308082a330808293ff004230f6ff401455
:105ff800000000000100022425e8c0031400bf8f40
:106008001000be8f1800bd270800e0030000000044
:10601800e8ffbd271400bfaf1000beaf25f0a003f6
:106028001318400f000000000000000025e8c0031e
:106038001400bf8f1000be8f1800bd270800e003b2
:1060480000000000e8ffbd271400bfaf1000beaf7e
:1060580025f0a00388bf023c0061428c8439027c91
:106068002518400088bf023c006143ac88bf033c50
:106078003061629401000424c439827c306162a4d6
:1060880088bf033c10616294c439027c106162a429
:1060980088bf033c10616294010004248431827c2f
:1060a800106162a481bf023c0100032448fb43ac99
:1060b80081bf023c0100032450fa43ac80bf033c7b
:1060c80000606294c47b027c006062a480bf033cd1
:1060d8000060629401000424c418827c006062a4f9
:1060e80080bf023c106040ac80bf023c2a00032401
:1060f800406043ac01000224208082af80bf033c93
:106108001060628c010004248452827c106062acae
:1061180080bf033c1060628c010004240463827c0d
:10612800106062ac80bf033c0060629401000424ec
:10613800c47b827c006062a40004052400a0023ca9
:10614800640144244c11400f00000000508082afcd
:106158000000000025e8c0031400bf8f1000be8fa8
:106168001800bd270800e00300000000f8ffbd2765
:106178000400beaf25f0a0030000000080bf023c71
:106188001060428c0000427cff004230fbff401050
:106198000000000080bf023c1060428c4000427c3e
:1061a800ff004230050040100000000080bf033ca3
:1061b8001060628c4408027c106062ac80bf023cb4
:1061c8003060428cff00423025e8c0030400be8fd7
:1061d8000800bd270800e00300000000e8ffbd2715
:1061e8001400bfaf1000beaf25f0a003251080003b
:1061f8001800c2a35080828f1800c393252860001e
:1062080025204000b311400f0000000000000000ee
:1062180025e8c0031400bf8f1000be8f1800bd27eb
:106228000800e00300000000f8ffbd270400beaf2f
:1062380025f0a00380bf023c1060428c8000427ca5
:10624800ff004230060040100000000080bf023c02
:106258003060428c2510000007000010000000008c
:1062680080bf023c1060428c0000427cff0042303c
:106278002b100200ff00423025e8c0030400be8f47
:106288000800bd270800e00300000000e8ffbd2764
:106298001400bfaf1000beaf25f0a003251080008a
:1062a8001800c2a35080828f1800c393252860006d
:1062b80025204000b311400f00000000000000003e
:1062c80025e8c0031400bf8f1000be8f1800bd273b
:1062d8000800e00300000000e0ffbd271c00bfaf7e
:1062e8001800beaf25f0a0030b000010000000004e
:1062f8005080828f1000c327252860002520400089
:10630800ed11400f000000001000c2932518400056
:1063180080bf023c206043ac5080828f2520400023
:106328000f12400f0000000001004238ff00423009
:10633800070040100000000080bf023c1060428c43
:106348004002427cff004230e9ff4010000000009c
:106358000000000025e8c0031c00bf8f1800be8f96
:106368002000bd270800e00300000000e0ffbd2773
:106378001c00bfaf1800beaf25f0a0032000c4afbb
:106388002400c5af2800c6af2c00c7af2c00c28fb1
:106398001000a2af2400c78f2000c68f2800c58f29
:1063a800019d023cb09a4424a20e400f0000000058
:1063b800b818400f00000000fdff001000000000aa
:020000040000fa
:020000041d00dd
:1063c8004050050042550a00c04a0500427d0400bd
:1063d80025482f01c042040000800e3c25482e01ac
:1063e80040680700426d0d00c0620700427d06004c
:1063f80025608f01c05a060025608e012628a70057
:106408002428ae00ffff4f25fe07e12d480020108d
:1064180000000000ffffaf25fe07e12d73002010ec
:106428000000000002fcaf2521504f0119002c018b
:10643800123800001070000019000b011220000033
:106448001030000019002b011258000010680000dd
:106458002130cb002b78cb002138ed002138ef001c
:106468000200ed10000000002b78ed002170cf0134
:1064780019000c0112400000104800002130c8002b
:106488002b78c8002138e9002138ef000200e91014
:10649800000000002b78e9002170cf0125788600e4
:1064a8000200e011000000000100e73425480e005a
:1064b8002540070006002005000000002a7800019a
:1064c800214008012148290121482f01ffff4a25c1
:1064d800ffff4f25fe07e12d71002010000000008e
:1064e8000004082500040f2d21482f012b782f01c7
:1064f80021504f01c27a08000100ef3123400f01fb
:10650800c2220800407d090025208f00407809003c
:10651800027b0f002528af00007d0a002528af0068
:1065280025100400251805000800e00300000000fd
:106538002a780001214008012148290121482f011a
:106548001e00401500000000257828011600e01103
:1065580000000000090020150000000004000015dc
:106568000000000000000a24aaff0010000000003c
:106578002548000100000824e0ff4a2520702e71fc
:10658800a4ffc0110000000023504e0122380e0065
:106598000638e8000440c8010448c9012548270115
:1065a8009cff001000000000ff0701243800a11123
:1065b80000000000daff0010000000002578280124
:1065c8003300e015000000000500a01500000000e1
:1065d80040780c002578eb012d00e0110000000048
:1065e800ff0701242500a115000000002a7860019a
:1065f80021586b0121608c0121608f011c00a015be
:106608000000000025788b011600e0110000000052
:10661800090080150000000004006015000000005b
:1066280000000d247fff00100000000025606001bd
:1066380000000b24e0ffad252030867179ffc010e3
:10664800000000002368a601227006000670cb0136
:106658000458cb000460cc0025608e0171ff001047
:106668000000000000000424adff0010000000003e
:1066780025788b010600e01500000000f07f013c42
:106688002528a10000000424a5ff00100000000038
:10669800f8ff053c00000424a1ff001000000000e2
:1066a800f6ff401d0000000001000e242370ca01ff
:1066b8002000c12d0900201400000000e0ffce21b9
:1066c8002b300800254026010f00091000000000ab
:1066d80000000934f6ff0010000000000a00c01195
:1066e8000000000022380e000430e8000438e900f9
:1066f8000640c8010648c9012540e8000200c0104c
:1067080000000000020008350004082500040f2dd1
:1067180021482f01c257090076ff00100000000031
:04672800000000006d
:020000040000fa
:020000041d00dd
:10672c00e0ffbd271c00bfaf1800beaf25f0a003d3
:10673c00251080002000c2a7010002241000c2a373
:10674c002000c29725204000551a400f0000000081
:10675c00748082a3748082930900422c040040143c
:10676c00000000001000c0a3340000100000000066
:10677c0081bf033c00906294c47b027c009062a4b5
:10678c0081bf033c00906294010004248410827c3d
:10679c00009062a481bf033c009062940421027caf
:1067ac00009062a481bf033c009062940700042413
:1067bc004439827c009062a481bf033c10906294a7
:1067cc00010004244408827c109062a481bf033c25
:1067dc0010906294010004248452827c109062a474
:1067ec0074808293ffff42248018020081bf023c18
:1067fc00189043ac81bf023c01000324209043a0bd
:10680c0081bf033c209062940f0004240462827cbc
:10681c00209062a481bf023c409040ac2000c39702
:10682c0081bf023c509043ac81bf033c009062940a
:10683c0001000424c47b827c009062a41000c293eb
:10684c0025e8c0031c00bf8f1800be8f2000bd2799
:10685c000800e00300000000e8ffbd271400beaff5
:10686c0025f0a0031800c4af81bf033c00906294d4
:10687c008410027c009062a481bf023c1090428c78
:10688c00c001427cff004330010002240600621468
:10689c000000000081bf023c709042240400c2af93
:1068ac00040000100000000081bf023cf090422464
:1068bc000400c2af0000c0a31000001000000000d4
:1068cc000000c293001102000400c38f2118620063
:1068dc000000c293801002001800c48f21108200a7
:1068ec000000638c000043ac0000428c0800c2af77
:1068fc000000c293010042240000c2a37480829362
:10690c000000c3932b106200edff40140000000048
:10691c0081bf033c00906294010004248410827cab
:10692c00009062a488bf023c0010033c341043acbe
:10693c000000000025e8c0031400be8f1800bd271e
:10694c000800e00300000000f0ffbd270c00beaf04
:10695c0025f0a003251080001000c2a70000c0a3e2
:10696c000c000010000000001000c297ffff422432
:10697c00ffff4230201e027c1000c28724106200f0
:10698c002016027c1000c2a70000c2930100422412
:10699c000000c2a31000c297f3ff401400000000d7
:1069ac000000c29325e8c0030c00be8f1000bd2769
:1069bc000800e00300000000e0ffbd271c00bfaf93
:1069cc001800beaf25f0a003251080002000c2a344
:1069dc002000c293688082a3019d023c608b4424fa
:1069ec00a20e400f00000000019d023c7c8b46244f
:1069fc00019d023c888b4524019d023c948b4424d0
:106a0c00a20e400f00000000019d023cac8b442400
:106a1c00a20e400f00000000020002241000c2afc2
:106a2c00688082931000c58f1400c68f252040000b
:106a3c00b010400f000000000400401000000000e7
:106a4c0001000224020000100000000025100000cc
:106a5c0025e8c0031c00bf8f1800be8f2000bd2787
:106a6c000800e00300000000e8ffbd271400bfafe2
:106a7c001000beaf25f0a0031800c4af1c00c5afba
:106a8c00688082931800c58f1c00c68f252040009b
:106a9c00b010400f0000000025e8c0031400bf8fa9
:106aac001000be8f1800bd270800e0030000000096
:106abc00e0ffbd271c00bfaf1800beaf25f0a00340
:106acc002000c4af2400c5af2800c6af1000c0af73
:106adc002400c28f020003240600431000000000b3
:106aec00050003240c0043100000000049000010b6
:106afc00000000006880829325284000019d023c24
:106b0c00b08b4424a20e400f000000006c8080afbc
:106b1c0040000010000000002800c29777000324fa
:106b2c001c00431000000000780043282400601073
:106b3c0000000000730003241b0043100000000041
:106b4c00740043281e006010000000003100032474
:106b5c00060043100000000032000324070043101d
:106b6c0000000000160000100000000007000224c6
:106b7c006c8082af1a000010000000000800022494
:106b8c006c8082af02000224708082a71400001077
:106b9c00000000000c0002246c8082af708080a783
:106bac000f000010000000000c0002246c8082af6b
:106bbc00c8000224708082a70900001000000000a9
:106bcc002800c29725284000019d023ce88b4424f4
:106bdc00a20e400f000000006c8080af000000008f
:106bec006c80848f7080858f7610400f00000000c1
:106bfc006c80828f70808397253060002528400040
:106c0c00019d023c048c4424a20e400f00000000a5
:106c1c00000000002000c28f1000c48f1400c38f2e
:106c2c00000044ac040043ac2000c28f25e8c00334
:106c3c001c00bf8f1800be8f2000bd270800e0038a
:106c4c0000000000e0ffbd271c00bfaf1800beaf66
:106c5c0025f0a003251080002000c2a32000c293c1
:106c6c00768082a3019d023ca88d4424a20e400f85
:106c7c0000000000019d023cc88d4624019d023c91
:106c8c00d48d4524019d023ce08d4424a20e400f7e
:106c9c0000000000019d023cf88d4424a20e400f20
:106cac0000000000020002241000c2af7680829324
:106cbc001000c58f1400c68f25204000b010400f67
:106ccc00000000000400401000000000010002243d
:106cdc0002000010000000002510000025e8c00391
:106cec001c00bf8f1800be8f2000bd270800e003da
:106cfc0000000000e8ffbd271400bfaf1000beafbe
:106d0c0025f0a0031800c4af1c00c5af7680829399
:106d1c001800c58f1c00c68f25204000b010400ff6
:106d2c000000000025e8c0031400bf8f1000be8fc8
:106d3c001800bd270800e00300000000d8ffbd27a5
:106d4c002400bfaf2000beaf25f0a0032800c4afc5
:106d5c002c00c5af3000c6af1400c0af2c00c28fe2
:106d6c000200032406004310000000000c00032462
:106d7c0027004310000000003b0000100000000042
:106d8c007680829325284000019d023cfc8d442492
:106d9c00a20e400f0000000004000424c503400fa5
:106dac000000000025280000040004247e04400f8d
:106dbc00000000002528000050c304344a05400f91
:106dcc0000000000019d023c348e4424a20e400fb2
:106ddc000000000002000524040004244704400fb6
:106dec0000000000a60e0224788082a7788082978b
:106dfc0004000524252040001a05400f0000000067
:106e0c00c80002247a8082a717000010000000003e
:106e1c003000c2977a8082a77a808297251840002a
:106e2c00c409022402106270eb51033c1f856334c9
:106e3c00180043001018000083190300c317020048
:106e4c0023106200ffff4230c40942241000c2a785
:106e5c001000c29704000524252040001a05400f9d
:106e6c0000000000000000002800c28f1400c48f36
:106e7c001800c38f000044ac040043ac2800c28f40
:106e8c0025e8c0032400bf8f2000be8f2800bd273b
:106e9c000800e00300000000e0ffbd271c00bfafae
:106eac001800beaf25f0a00380bf023c1060428cde
:106ebc000000427cff0042300d004010000000003a
:106ecc00050002241000c2af5d18400f0000000046
:106edc001400c2a71000c48f1400c58f7610400f89
:106eec00000000000100022402000010000000005d
:106efc002510000025e8c0031c00bf8f1800be8fb2
:106f0c002000bd270800e00300000000d8ffbd27cb
:106f1c002400bfaf2000beaf25f0a00355808293a4
:106f2c0001004238ff004230110040100000000008
:106f3c0088bf033c00616294c47b027c006162a444
:106f4c0088bf033c1061629401000424c47b827ce2
:106f5c00106162a488bf033c506162940100042458
:106f6c00c47b827c506162a401000224558082a300
:106f7c0088bf023c2061428cc003427cff0042303f
:106f8c001000c2a31000c29301004238ff0042302f
:106f9c001600401000000000108082931300401077
:106fac00000000001000c29325284000019d023c07
:106fbc00e09a4424a20e400f000000001000c2937f
:106fcc00108082a3070002241400c2af1800c0a7cf
:106fdc001400c48f1800c58f3000400f0000000053
:106fec000100022404000010000000001000c293f5
:106ffc00108082a32510000025e8c0032400bf8f59
:10700c002000be8f2800bd270800e0030000000010
:10701c00d8ffbd272400bfaf2000beaf25f0a003d2
:10702c005680829301004238ff0042300800401025
:10703c000000000088bf033c106062900100042433
:10704c00c418827c106062a001000224568082a3c6
:10705c0088bf023c2060428cc000427cff00423062
:10706c001000c2a31000c29301004238ff0042304e
:10707c001000401000000000118082930d004010a1
:10708c00000000001000c293118082a30b000224a8
:10709c001400c2af1800c0a71400c48f1800c58f0d
:1070ac007610400f000000000100022404000010c4
:1070bc00000000001000c293118082a32510000074
:1070cc0025e8c0032400bf8f2000be8f2800bd27f9
:0870dc000800e00300000000c1
:020000040000fa
:020000041d00dd
:1070e400640500a09800000000000000140000a047
:1070f4001900000000000000240600a02000000089
:1071040000000000300000a010000000000000009b
:10711400640100a00004000000000000400000a082
:107124000400000000000000440600a0200000004d
:1071340000000000440000a0030000000000000064
:10714400000000a002000000010000000101000096
:10715400fc0500a02800000000000000480000a07a
:107164000e00000000000000040000a00a0000005f
:1071740001000000008182838485ff00ff0000007d
:10718400580000a00d00000000000000660000a0f0
:107194000600000000000000480100a014000000e8
:1071a40001000000200880bf200880bf200880bfa5
:1071b400200880bf200880bf0e0000a0010000004e
:1071c40001000000ff0000006c0000a009000000a6
:1071d40000000000100000a00400000001000000f6
:1071e40002000000640600a004000000000000008b
:1071f400780000a06800000001000000800000a0ea
:10720400800000a002000000030000000000000055
:10721400000000000000000000000000000000006a
:10722400c089009d00000000000000000000000074
:10723400cc9d009dc49d009dff0000000000000047
:10724400000000000000000000000000000000003a
:10725400000000000000000000000000000000002a
:10726400000000005c0100a0040000000100000018
:107274007c0000a0e00000a0680000000100000005
:10728400e80000a0e80000a00100000003000000e6
:1072940000000000000000000000000000000000ea
:1072a40000000000c089009d0000000000000000f4
:1072b40000000000cc9d009df49d009d0000000096
:1072c40000000000000000000000000000000000ba
:1072d40000000000000000000000000000000000aa
:1072e4000000000000000000600100a00400000095
:1072f40001000000e40000a0680600a004000000f3
:107304000000000000000000666666666666666649
:020000040000fa
:020000041d00dd
:10731400a8ffbd274800b6af25b0c0000400a68c66
:107324004400b5af4000b4af3400b1af0000b58c39
:107334005400bfaf5000beaf4c00b7af3c00b3af7a
:107344003800b2af3000b0af25a080002588a0007f
:107354004a00c0042518e0004408157c0800278e64
:107364001000a9320000d28e0400de8e0400201129
:1073740025b8e00025105e0201004054fefff7240a
:107384000800a83201000055fffff7261000308ed8
:107394000c00338effff102621107002000040a065
:1073a4002528e0020200022a0a00401425105e0289
:1073b400340040142310d700211045003500401c30
:1073c400251000000300a0180200a232310040146e
:1073d400251000000b002011000000000000c28ee8
:1073e4000400c48e251044000600401021107002d1
:1073f400feff1026ffff43a021107002300003247b
:10740400000043a00400001120000324ffff102605
:1074140021107002000043a01000268e2128700263
:10742400ffffc6241000b5af2330d0008121400fe8
:10743400252080020400838e000163300400601064
:107444005400bf8f0400238e2a2043000b106400d5
:107454005000be8f4c00b78f4800b68f4400b58fe4
:107464004000b48f3c00b38f3800b28f3400b18f2a
:107474003000b08f0800e0035800bd27b7ff0010ac
:10748400010006240f0042320a004a28020040117b
:107494005700442430004424bfff62241a00422cc5
:1074a40013004010200082349fff42241a00422c13
:1074b40010004050ffff10266400a3af2800a7afc0
:1074c4002400a6af2000a5af1c00a8af2b27400fb7
:1074d4001800a9af6400a38f2800a78f2400a68feb
:1074e4002000a58f1c00a88f1800a98f252040001c
:1074f400ffff102621107002000044a00291120028
:1075040000171e00ffffa52425905200a5ff0010c0
:0475140002f11e0062
:020000040000fa
:020000041d00dd
:1075180025108500370040102510000001000224c6
:1075280044008210c21f0500ffff022433008210ae
:107538000a00022450008210f6ff0224450082103f
:10754800ffff02243400a004000000004e00a01435
:10755800203086702000c624f8ffc2244238040078
:107568002748020020004830042845000638270133
:1075780004104400252040002528e5000b200800c1
:107588000b2848003e0402242330460007008730b9
:10759800251080002b00e050c2100400c000427c7f
:1075a80003004224212044002b108200212845009a
:1075b8000006a27c23004010c2100400021104003f
:1075c800003f05000100c6242510e2000221050045
:1075d8000005857c0200a050253000000098847cbe
:1075e800c01a030025186600001d03000800e00308
:1075f800251864000800e00325180000cdffa454f6
:107608000a000224c01a0300ff036334001d0300ac
:107618000800e00325100000340080100080023cc0
:107628002b1004002328050023200400c7ff0010a6
:107638002328a200bdffa054ffff0224f2ff001080
:10764800c01a0300403f05002510e200e0ff0010cb
:10765800c2200500bbffa21400000000c01a0300ee
:10766800020463340400043c001d030025100000dc
:107678000800e00325186400b0ffa054f6ff0224b8
:10768800f7ff0010c01a03002030a6700800072476
:107698002338e6000600e01c40400500aeffe01479
:1076a8002510800007008730baff00103604062432
:1076b800274807000610e400042028012000e830cd
:1076c8000638e500251082002520e0000a20480041
:1076d8002528e0003e0409240b2808002330260151
:1076e80025108000abff001007008730cdffa254a3
:1076f8002b1004003e04062425100000b7ff0010dc
:047708001000043c2d
:020000040000fa
:020000041d00dd
:10770c001b5b324a000000000d5374617274696e89
:10771c0067204d616c6c617264436f6d6d756e6941
:10772c00636174696f6e536572766963653a2000a4
:10773c004d617920323020323032360032333a35d6
:10774c00303a343800000000636f6d70696c65640a
:10775c00206174202573206f6e20257300000000bb
:10776c000a0d00000d45535f494e49542072656364
:10777c00656976656420696e204d616c6c6172641c
:10778c00436f6d6d756e69636174696f6e5365726d
:10779c00766963652c207072696f726974793a200e
:1077ac0025640d0a000000000d4d616c6c61726463
:1077bc00436f6d6d756e69636174696f6e5365723d
:1077cc007669636520696e697469616c697a617444
:1077dc00696f6e20636f6d706c6574650d0a0000c7
:1077ec000d556e70616972696e672074696d656f95
:1077fc00757420e28094206261636b20746f20703a
:10780c00616972696e670d0a000000000d45535fd7
:10781c0053544152545f50414952494e473a20709b
:10782c006f743d2575202d3e20626f617420696e4a
:10783c00646578202575202d3e20616464722030ab
:10784c007825780d0a0000000d4348414e47455fee
:10785c0041444452206576656e7420726563656997
:10786c0076656420696e204d616c6c617264436f47
:10787c006d6d756e69636174696f6e53657276694f
:10788c0063652c206e65772064657369726564206e
:10789c0061646472657373204c53423a20307825ce
:1078ac003032580d0a0000000d56616c6964206d71
:1078bc0065737361676520726563656976656420bd
:1078cc00696e204d616c6c617264436f6d6d756e89
:1078dc0069636174696f6e536572766963652c2098
:0a78ec00504149524544210d0a00a5
:020000040000fa
:020000041d00dd
:1078f800e0ffbd271c00bfaf1800beaf25f0a003f6
:107908001000c0af3417400f00000000204e0424c0
:10791800db0f400f000000001000c2af1000c28f44
:1079280004004014000000002710400f0000000071
:107938001000c2af1000c38f050002242b00621094
:10794800000000001000c28f0600422c35004010d5
:10795800000000001000c38f01000224070062101d
:10796800000000001000c38f030002241100621001
:10797800000000002b000010000000001000c0af45
:107988001000c38f010002243400621000000000c0
:10799800019d023ccc93472428000624019d023c0b
:1079a8004c934524019d023c649344243626400fa1
:1079b800000000001000c0af1000c38f03000224b5
:1079c8002900621000000000019d023ccc9347246e
:1079d8002f000624019d023c4c934524019d023c46
:1079e8007c9344243626400f000000001000c0afee
:1079f8001000c38f050002241e0062100000000062
:107a0800019d023ccc93472436000624019d023c8c
:107a18004c934524019d023c989344243626400ffc
:107a2800000000001000c0af1000c38f0600022441
:107a38001300621000000000019d023ccc93472413
:107a48003d000624019d023c4c934524019d023cc7
:107a5800b09344243626400f0000000000000000c8
:107a680008000010000000000000000005000010e1
:107a780000000000000000000200001000000000ec
:0c7a880000000000ffff001000000000e4
:020000040000fa
:020000041d00dd
:107a9400f00002245800a210f100a328270060106f
:107aa40025100000c00003245300a310c100a32824
:107ab400220060109100a3281d0060108000a328fc
:107ac4001e00601480ffa5241100a22c4f0040105a
:107ad40080280500009d023cf07a422421104500d4
:107ae4000000428c0800400000000000a87b009dbc
:107af400a87b009dd47b009d107c009d487b009d4d
:107b0400107c009d107c009d107c009d847b009d5a
:107b1400107c009d107c009d107c009d107c009dbd
:107b2400107c009d107c009d107c009dd47b009dea
:107b3400a00003242200a3500000e28c0800e0030c
:107b4400000000000000e28c040043240000428c8a
:107b54000600c0100000e3ac2016027c000082acda
:107b6400c317020004000010040082acffff42307f
:107b7400000082ac040080ac0800e0030100022491
:107b84000000e28c040043240000428c0300c01077
:107b94000000e3acf1ff00102014027cf4ff00109d
:107ba400ff0042300000e38c0000628c0400632478
:107bb400efffc0100000e3ace9ff0010000082ac4e
:107bc400040043240000e3ace4ff00100000428cf6
:107bd4000000e28c070042240410027c0000488c60
:107be4000400498c080042240000e2ac000088ac88
:107bf400e1ff0010040089ac0000e28c040043247f
:107c04000000e3acdaff00100000428c25100000f5
:087c14000800e003000000007d
:020000040000fa
:020000041d00dd
:107c1c00feff092440500500405807002558640118
:107c2c002558660125504b0104004015000000004a
:107c3c000000022447000010000000004040050036
:107c4c00020080100000000001000825e0ff013c4c
:107c5c00010021342b08010141002010000000001c
:107c6c00404007000200c010000000000100082581
:107c7c00e0ff013c010021342b08010138002010e9
:107c8c00000000001b00a104000000000400e00440
:107c9c0000000000ffff02242e0000100000000076
:107cac002b508600232086002b58aa002328aa00dc
:107cbc002b50a70025504b012328a700040040118e
:107ccc00000000000100022422000010000000004f
:107cdc002550a4000400401100000000ffff022406
:107cec001c0000100000000000000224190000100d
:107cfc00000000000400e104000000000100022468
:107d0c0014000010000000002b5086002320860079
:107d1c002b58aa002328aa002b50a70025504b0152
:107d2c002328a7000400401100000000ffff0224dc
:107d3c0008000010000000002550a40004004011b1
:107d4c0000000000010002240200001000000000ee
:107d5c00000002240800e003000000000000000006
:107d6c0025100900fbff00100000000000000000bf
:020000040000fa
:020000041d00dd
:107d7c00feff0924405005004058070025586401b7
:107d8c002558660125504b010400401500000000e9
:107d9c0000000224470000100000000040400500d5
:107dac00020080100000000001000825e0ff013ceb
:107dbc00010021342b0801014100201000000000bb
:107dcc00404007000200c010000000000100082520
:107ddc00e0ff013c010021342b0801013800201088
:107dec00000000001b00a104000000000400e004df
:107dfc0000000000ffff02242e0000100000000015
:107e0c002b508600232086002b58aa002328aa007a
:107e1c002b50a70025504b012328a700040040112c
:107e2c0000000000010002242200001000000000ed
:107e3c002550a4000400401100000000ffff0224a4
:107e4c001c000010000000000000022419000010ab
:107e5c00000000000400e104000000000100022406
:107e6c0014000010000000002b5086002320860018
:107e7c002b58aa002328aa002b50a70025504b01f1
:107e8c002328a7000400401100000000ffff02247b
:107e9c0008000010000000002550a4000400401150
:107eac00000000000100022402000010000000008d
:107ebc00000002240800e0030000000000000000a5
:107ecc0001000234fbff0010000000000000000065
:020000040000fa
:020000041d00dd
:107edc002518c0000400678cc0ffbd270000a28cd1
:107eec003800b4afc2a707003400b3af3000b2af54
:107efc002c00b1af2800b0af258880000800b28cf0
:107f0c000400a48c0c00b38c0000c68c3c00bfafea
:107f1c002580a000400080122000a2af2b18060084
:107f2c00233807002338e3000800800423300600c0
:107f3c004408027c050080162000a2af2000a28f0e
:107f4c000400433025006010c000427cffff422635
:107f5c002000a3271800a3af0a0003241400a3af2a
:107f6c001000a2af5e20400f252000021d008012e1
:107f7c002d000324ffff422421206202000083a075
:107f8c001000068e2000a38fffffc6241000a3afa5
:107f9c00253840022330c200212862028121400f83
:107fac00252020020400238e0001633004006010a1
:107fbc003c00bf8f0400038e2a2043000b1064008a
:107fcc003800b48f3400b38f3000b28f2c00b18fd7
:107fdc002800b08f0800e0034000bd27dcff001034
:107fec00231042022000a38f040064300400805050
:107ffc0008006330ffff4224dfff00102b00032436
:10800c00dfff601020000424ffff422421186202cd
:10801c00dbff0010000064a0c6ff83044408027c50
:08802c00c7ff00102000a28f25
:020000040000fa
:020000041d00dd
:10803400003080bf003280bf003480bf003680bf74
:10804400003880bf203080bf203280bf203480bf02
:10805400203680bf203880bf103080bf103280bff0
:10806400103480bf103680bf103880bf000000007d
:1080740008000000090000000c00000014000000cb
:1080840001000000060000000a0000000d000000ce
:108094001000000003000000050000000e000000b6
:1080a4000f000000130000000200000004000000a4
:1080b400070000000b000000120000000200000096
:1080c40004000000070000000b0000001200000084
:1080d40000fb80bf04fb80bf08fb80bf0cfb80bf9c
:1080e40010fb80bf2cfb80bf30fb80bf34fb80bf04
:1080f40038fb80bf3cfb80bf40fb80bf44fb80bf9c
:1081040048fb80bf4cfb80bf50fb80bf54fb80bf4b
:1081140058fb80bf5cfb80bf60fb80bf64fb80bffb
:1081240068fb80bf0500000005000000050000009a
:108134000500000006000000010000000600000029
:108144000a0000000d000000100000000300000001
:10815400050000000e0000000f00000013000000e6
:108164000200000004000000070000000b000000f3
:0481740012000000f5
:020000040000fa
:020000041d00dd
:108178000400828cc0ffbd273400b7af1c00b1af2c
:108188001800b0af5800b78f3c00bfaf3800beaf83
:108198003000b6af2c00b5af2800b4af2400b3afa1
:1081a8002000b2af2580c000020041042588e0000d
:1081b800010002241000958c5000b68f0c00938c9f
:1081c8000000fe8effffb526234056005400a28f04
:1081d80021187502000060a0010012240200de339d
:1081e800c3a702001000a01e251011022b00405248
:1081f8000000e38e3c00bf8f2510a0023800be8f20
:108208003400b78f3000b68f2c00b58f2800b48f9c
:108218002400b38f2000b28f1c00b18f1800b08fdc
:108228000800e0034000bd27070040142110160194
:108238000600401c5400a68fecffc01a0000000086
:10824800eaffc013000000005400a68f252000029a
:1082580025282002253880021000a8af6d14400f91
:10826800ffffb526259040002118750230004224f2
:108278005400a68f2520000225282002000062a0b5
:108288006415400f25388002ffffd6261000a88ffe
:1082980025886000d3ff0010258040000421037c5e
:0882a800d4ff00100000e3ae5a
:020000040000fa
:020000041d00dd
:1082b000c00002242700a210c100a32823006010e0
:1082c000251000009100a3281d0060108000a32845
:1082d0001e00601480ffa5241100a22c3c00401059
:1082e00080280500019d023cfc82422421104500ab
:1082f0000000428c08004000000000005483009df4
:108300005483009dac83009dd083009d7483009da9
:10831000d083009dd083009dd083009d9083009ddd
:10832000d083009dd083009dd083009dd083009d8d
:10833000d083009dd083009dd083009dac83009da1
:10834000a00003240400a3500000e28c0800e00316
:10835000000000000000e28c040043240000e3acb5
:108360000000428c000082ac000046ac0800e00334
:10837000010002240000e28c040043240000e3ac6e
:108380000000428c000082acf8ff0010000046a400
:108390000000e28c040043240000e3ac0000428ca7
:1083a000000082acf1ff0010000046a00000e28c4b
:1083b000040043240000e3ac0000428c000082acc7
:1083c000000046acc3370600e8ff0010040046acce
:0c83d000251000000800e0030000000081
:020000040000fa
:020000041d00dd
:1083dc000080013c2430a10040380500423d0700dc
:1083ec00ff0701242c00e1100000000033040924d5
:1083fc00233827013500e12c0b002014000000006d
:10840c002100e004000000002f00c010000000005c
:10841c0040480500254824012700201500000000d5
:10842c0029000010000000000500c0100000000032
:10843c002b48040023200400232805002328a9002e
:10844c001f00e930010008240440280123400800e3
:10845c002000e12c05002014000000000000042482
:10846c002428a8000200001000000000242088002e
:10847c000500c010000000002b480400232004005d
:10848c00232805002328a900251004002518050021
:10849c000800e003000000000f00013cffff213446
:1084ac002448a100254824010b00201500000000e1
:1084bc00f5ff001000000000f0bf053c0000042494
:1084cc00f1ff001000000000252806000000042425
:1084dc00edff001000000000f8ff053c0000042434
:0884ec00e9ff00100000000090
:020000040000fa
:020000041d00dd
:1084f400c03a0500425d04002538eb00c032040098
:108504000080013c2538e1000080013c2448a100a2
:10851400404005004245080080fc0825ffff0b256c
:10852400fe00612d12002010000000000200c010a7
:10853400000000000100e7348000e7248000eb2cf9
:1085440021400b01025a070001006b312338eb0074
:1085540040380700423a0700c05d08002538eb00a8
:108564002510e9000800e0030000000000000000fe
:108574007f04012408000115000000004058070092
:10858400255866010400601100000000c0ff023c91
:10859400f4ff001000000000ff0001290500201472
:1085a40000000000807f013c25102101edff001038
:1085b4000000000001000a24235048012000412d3e
:1085c400040020140000000025100900e5ff00103d
:1085d4000000000020000c2423608a010458870155
:1085e4002530cb0006384701000008240080013cf8
:1085f4002538e100cdff001000000000000000005d
:020000040000fa
:020000041d00dd
:10860400c0ffbd273000b4af5000b48f3400b5af05
:10861400010094322c00b3af2800b2af2400b1aff4
:108624002000b0af3c00bfaf3800b6af259080004b
:108634002598a0002580c0002588e000030080164e
:108644002ba8c7001300a05623a83002253000022f
:1086540025286002b124400f252040020d00a016f9
:1086640023a83002258800023c00bf8f2510200279
:108674003800b68f3400b58f3000b48f2c00b38f20
:108684002800b28f2400b18f2000b08f0800e003cf
:108694004000bd271100a22e100006240b30a202b8
:1086a400200005241000a427ef26400f25b0a002c7
:1086b4001000c22e0b0040100f00a6321000a52798
:1086c400b124400f25204002e7ff80162530000228
:1086d40025286002b124400f25204002e3ff00104a
:1086e4003c00bf8f100006241000a527b124400fc2
:0c86f40025204002eeff0010f0ffd6260b
:020000040000fa
:020000041d00dd
:108700000000a28c0400a38cc0ffbd273800b3afcb
:108710003400b2af3000b1af2c00b0af0800b38c62
:108720000c00b28c3c00bfaf258880002580a000e3
:10873000030060042000a2af4408027c2000a2af26
:108740002000a2271800a2af080002241400a2af44
:108750001000b3af0400c78c0000c68c5e20400f31
:10876000252000022000a38f100063300400601059
:1087700030000424ffff422421184202000064a0bc
:108780002000a38f08006330040060102000042440
:10879000ffff422421184202000064a01000068e50
:1087a0002000a38fffffc6241000a3af253860026e
:1087b0002330c200212842028121400f25202002bf
:1087c0000400238e00016330040060103c00bf8f62
:1087d0000400038e2a2043000b1064003800b38f7e
:1087e0003400b28f3000b18f2c00b08f0800e0034e
:0487f0004000bd2761
:020000040000fa
:020000041d00dd
:1087f400e0ffbd271400b1af2588c0000004c628df
:108804001c00bfaf1800b2af1f00c0141000b0afff
:10881400019d123c9095468e9495478ef218400f18
:1088240001fc30260004042a090080149095468e29
:108834009495478e2520400025286000f218400fab
:1088440002f830260004052aff0304240a80850068
:10885400ff031026002d1000254000002538a0003d
:108864002530000125204000f218400f2528600023
:108874001c00bf8f1800b28f1400b18f1000b08f8e
:108884000800e0032000bd2702fc262a25108000f2
:108894002518a000eeffc01025802002019d123c87
:1088a4009895468e9c95478ef218400fc903302642
:1088b40002fc052ae6ffa0109895468e9c95478eeb
:1088c4002528600092073026f218400f252040002a
:1088d40002fc062a02fc0524ddff00100b80a60022
:020000040000fa
:020000041d00dd
:1088e400a8ffbd270400a1af0800a2af0c00a3afee
:1088f4001000a4af1400a5af1800a6af1c00a7afca
:108904002000a8af2400a9af2800aaaf2c00abaf69
:108914003000acaf3400adaf3800aeaf3c00afaf09
:108924004000b8af4400b9af4800bfaf12400000e8
:108934004c00a8af104000005000a8af019d1a3ca5
:1089440004985a27000000000068044000600540b5
:1089540009f84003000000005000a88f1100000136
:108964004c00a88f130000010400a18f0800a28fff
:108974000c00a38f1000a48f1400a58f1800a68fdd
:108984001c00a78f2000a88f2400a98f2800aa8f7d
:108994002c00ab8f3000ac8f3400ad8f3800ae8f1d
:1089a4003c00af8f4000b88f4400b98f4800bf8fa0
:0c89b4005800bd27c00000001800004261
:020000040000fa
:020000041d00dd
:1089c00009008014251000000800e00300000000ea
:1089d000251000001c00bf8f1800b18f1400b08f4d
:1089e0000800e0032000bd270400828ce0ffbd27c3
:1089f000200042301800b1af1400b0af1c00bfaf70
:108a000025808000090040102588a0001400828c79
:108a10001800838c2b106200150040542c00828caf
:108a2000280000ae180000ae140000ae3c00058e19
:108a30004000028e2b18a2000400601001000624e2
:108a40000000048e8727400f2328a200400000aebc
:108a5000dfff20123c0000ae0000048e1c00bf8f20
:108a60001800b18f1400b08f8927400b2000bd275c
:108a70002530000009f84000252800001400028e6f
:108a8000e7ff4014ffff0224d3ff00101c00bf8f3c
:020000040000fa
:020000041d00dd
:108a9000e0ffbd271c00bfaf1800b2af1400b1af9c
:108aa0001a00a0101000b0af1800c0100300842cf2
:108ab000080080142588c0001c00bf8f25102002ec
:108ac0001800b28f1400b18f1000b08f0800e003bf
:108ad0002000bd270000023c00004224130040108b
:108ae0002580a000252000020000000c2528c000e1
:108af0001c00bf8f251020021800b28f1400b18f08
:108b00001000b08f0800e0032000bd271c00bf8fbd
:108b100025880000251020021800b28f1400b18fa4
:108b20001000b08f0800e0032000bd272190a600b0
:108b300000000482a518400f01001026fdff125608
:108b4000000004821c00bf8f251020021800b28f85
:108b50001400b18f1000b08f0800e0032000bd2783
:020000040000fa
:020000041d00dd
:108b60000d5374617274696e67204b6579626f6131
:108b70007264536572766963653a20004d617920ad
:108b8000323020323032360032333a32383a3436ec
:108b900000000000636f6d70696c65642061742073
:108ba0002573206f6e202573000000000a0d000061
:108bb0000d45535f494e495420726563656976657a
:108bc0006420696e204b6579626f617264536572cf
:108bd000766963652c207072696f726974793a20c6
:108be00025640d0a000000004b6579626f617264b4
:108bf00053657276696365206d73673a2025630d4e
:108c00000a000000506f737465644576656e743aaf
:108c10002025752c207769746820706172616d2041
:078c2000307825780d0a00f1
:020000040000fa
:020000041d00dd
:108c2800f0ffbd270c00beaf25f0a0032510800083
:108c38001000c2a780ff02240100c2a3030002247f
:108c48000000c2a31e000010000000001000c29720
:108c58000000c39380180300ff0063300710620010
:108c6800ff0042300f0042300200c2a30200c2934c
:108c78000e004010000000000200c293ffff4324d2
:108c8800019d023ca09a42242110620000004390fa
:108c98000000c29380100200ff00423021106200e1
:108ca8000100c2a309000010000000000000c283f8
:108cb800ff004230ffff4224ff0042300000c2a301
:108cc8000000c283e1ff4104000000000100c293dc
:108cd80025e8c0030c00be8f1000bd270800e00384
:048ce8000000000088
:020000040000fa
:020000041d00dd
:108cec000000a28c0400a38cc0ffbd273800b3afda
:108cfc003400b2af3000b1af2c00b0af0800b28c72
:108d0c000c00b38c3c00bfaf258880002580a000f0
:108d1c00030060042000a2af4408027c2000a2af34
:108d2c002000a2271800a2af0a0002241400a2af50
:108d3c001000b2af0400c78c0000c68c5e20400f40
:108d4c00252000021000068e2000a38fffffc624f2
:108d5c001000a3af253840022330c2002128620244
:108d6c008121400f252020020400238e0001633056
:108d7c00040060103c00bf8f0400038e2a204300c7
:108d8c000b1064003800b38f3400b28f3000b18ff9
:0c8d9c002c00b08f0800e0034000bd2751
:020000040000fa
:020000041d00dd
:108da8000d5374617274696e67204675656c5365fe
:108db80072766f536572766963653a200000000029
:108dc8004d617920323020323032360032333a3534
:108dd800303a343800000000636f6d70696c656468
:108de800206174202573206f6e2025730000000019
:108df8000a0d00000d45535f494e495420726563c2
:108e0800656976656420696e204675656c53657280
:108e1800766f536572766963652c207072696f721c
:108e28006974793a2025640d0a0000000d467565bd
:108e38006c536572766f5365727669636520696ee7
:108e4800697469616c697a6174696f6e20636f6daa
:088e5800706c6574650d0a00e1
:020000040000fa
:020000041d00dd
:108e6000c23d0400ff00e7300080013c2430810057
:108e7000ffffe924fe00212d0d002010000000005e
:108e80008003e724404a0400024b09002530c90052
:108e9000402f0400004d07002530c90025100500b3
:108ea000251806000800e003000000000000000094
:108eb0000000052421208400f6ff8010000000003f
:108ec0000900e01400000000ffffe72421208400d7
:108ed0008000013c2b088100fbff201400000000f3
:108ee000e7ff001000000000ff07072400ff013c1f
:108ef000010021342b088100e6ff2014000000004f
:108f0000f8ff063ce3ff0010000000000000000036
:020000040000fa
:020000041d00dd
:108f100003008014251000000800e003000000009a
:108f20000400828ce0ffbd27200042301800b1af62
:108f30001400b0af1c00bfaf258080000b004014b0
:108f40002588a000280000ae180000ae14002016ee
:108f5000140000ae251000001c00bf8f1800b18f58
:108f60001400b08f0800e0032000bd271400828c9d
:108f70001800838c2b106200f2ff40102530000097
:108f80002c00828c09f84000252800001400028e75
:108f9000ecff4014ffff0224f0ff00101c00bf8f05
:108fa0000000048e1c00bf8f1800b18f1400b08f1a
:088fb0008927400b2000bd27ba
:020000040000fa
:020000041d00dd
:108fb800e0ffbd271c00bfaf1800beaf25f0a0031f
:108fc8001000c0a30e000010000000001000c393a2
:108fd800019d023c801803008c9d422421106200f0
:108fe8000000428c09f84000000000000a0040140c
:108ff800000000001000c293010042241000c2a328
:109008001000c2930300422cf0ff4014000000003f
:109018000200001000000000000000001000c393d0
:109028000300022404006214000000002510000060
:1090380002000010000000000100022425e8c0031f
:109048001c00bf8f1800be8f2000bd270800e0035a
:049058000000000014
:020000040000fa
:020000041d00dd
:10905c00756c023cc8ffbd27286e42242000b0afbf
:10906c001800a2af2580c0006c2902242400b1afe7
:10907c003400bfaf3000b4af2c00b3af2800b2af98
:10908c00258880002530e0001c00a2a702000016f5
:10909c001e00a0a31800b0270400b28c0800b38ceb
:1090ac000400c0140000b48cda26400f2520000206
:1090bc0025304000020040062b1046020b304202c5
:1090cc001000b4af25386002252800028121400f22
:1090dc00252020023400bf8f3000b48f2c00b38fba
:1090ec002800b28f2400b18f2000b08f0800e0035d
:0490fc003800bd2754
:020000040000fa
:020000041d00dd
:10910000e0ffbd270055e57c1800b1af1400b0affb
:109110001c00bfaf258080002510c0002518e0008e
:109120000c00a014028d0700019d023c2548c000e0
:109130007495478c7095468c25202001f218400fbd
:10914000252860000055647c02008010000805247a
:10915000c1ff8524c227020040180300401002000e
:1091600025188300000002ae1c00bf8f00a0637ca6
:109170002000023c2510430000083132ccfba5241e
:10918000040002ae0c0011ae251000021800b18fd1
:10919000080005ae1400b08f0800e0032000bd27d2
:020000040000fa
:020000041d00dd
:1091a000c03a0500425504002538ea000080013c21
:1091b0002538e1004050050042550a001e040624ef
:1091c0002330ca000d00c018000000002000c12c90
:1091d0000200201400000000000007340638c70019
:1091e0000200a1040000000023380700251007003a
:1091f0000800e003000000000000000002008010f2
:10920000000000000100a534f07f013c0100213482
:109210002b08a10004002014000000000080023c84
:10922000f3ff001000000000ff7f023cffff42340c
:0c923000efff0010000000000000000034
:020000040000fa
:020000041d00dd
:10923c00d8ffbd272400bfaf2000beaf25f0a00390
:10924c00251080002c00c5af2800c2a31000c0a3bd
:10925c001400c227252840002c00c48fdc16400fb8
:10926c00000000001400c28f090040100000000034
:10927c002800c2931400c58f1800c68f252040000b
:10928c00dd10400f00000000010002241000c2a3fa
:10929c001400c28feeff4014000000001000c293b7
:1092ac0025e8c0032400bf8f2000be8f2800bd27f7
:0892bc000800e00300000000bf
:020000040000fa
:020000041d00dd
:1092c4000400828c000147301900e0101000423085
:1092d400e0ffbd271800b1af1000918c1400b0afaf
:1092e4002b10d1000b88c2001c00bfaf0b00201252
:1092f400258080001400848ccf26400f2530200266
:109304001400028e1000038e2110510023187100e6
:10931400140002ae100003ae000040a01c00bf8f7a
:109324001800b18f1400b08f0800e0032000bd279f
:1093340003004014000000007327400b00000000ed
:089344000800e0030000000036
:020000040000fa
:020000041d00dd
:10934c0050726f6a656374536f757263652f6d61cc
:10935c00696e2e63000000004661696c6564506f95
:10936c007374203d3d204572726f725479706500a4
:10937c004661696c6564506f696e746572203d3d21
:10938c00204572726f725479706500004661696c89
:10939c006564496e6974203d3d204572726f72544c
:1093ac00797065004661696c65644f7468657220fc
:1093bc003d3d204572726f7254797065000000005b
:0593cc006d61696e00f7
:020000040000fa
:020000041d00dd
:1093d4000800e003000000002518e003009d043ca1
:1093e400e470842416008010000000000000858cc6
:1093f4001300a010040084240000868c040084243c
:1094040000008b8404008424019d0c3c489d8c2521
:1094140080580b0021606c0100008c8d09f88001dc
:10942400000000002520400003008424fcff0624e3
:109434002420c4000000858cecffa0140000000070
:0c94440025f860000800e00300000000b4
:020000040000fa
:020000041d00dd
:1094500020000524000082800a004510f7ff432405
:109460000500632c070060142b0003240700431041
:109470002d000324070043142528000004000010d9
:1094800001000524f3ff00100100842425280000ba
:109490000100842425100000030000100a000724a6
:1094a000010084242310430000008380d0ff632444
:1094b0000a00662cfaffc054021047700100a05049
:0c94c000231002000800e0030000000080
:020000040000fa
:020000041d00dd
:1094cc00200003240b20a5000b180500022c04001f
:1094dc000400a0140212050010006334252880003b
:1094ec00021205000400401402210200080063343b
:1094fc002510a000022102000400805482100400f8
:10950c000400633425204000821004000400405401
:10951c004210020002006334251080004210020049
:0c952c00010042380800e0032510430055
:020000040000fa
:020000041d00dd
:10953800000000000000f03f000000000000e03fd5
:109548000000000000005043000000000000b03f91
:10955800000000000000204000000000000024403f
:109568000000000000001440000000000000e0437c
:10957800000000000000e0c3000000f0ffff1f34ff
:10958800000000000000f007000000000000e07f7d
:08959800000000000000600368
:020000040000fa
:020000041d00dd
:1095a000251080002520a0000400838ce0ffbd274b
:1095b000ff004530000163301c00bfaf0a0060109f
:1095c0001000a5a31400838c01006624140086ac4f
:1095d000000065a0ff0044301c00bf8f25108000f4
:1095e0000800e0032000bd27010006247327400f78
:1095f0001000a527f8ff4010ffff0424f6ff00101d
:049600001000a4931f
:020000040000fa
:020000041d00dd
:10960400e0ffbd271800b1af1000918c1c00bfaf64
:109614002b10d1000b88c2000c0020121400b0af34
:10962400258080001400848ccf26400f2530200232
:109634001400028e1000038e2110510023187100b3
:10964400140002ae100003ae000040a01c00bf8f47
:109654001800b18f1400b08f0800e0032000bd276c
:020000040000fa
:020000041d00dd
:109664008200a22806004010830003248000a5285d
:109674000600a0500000c28c0800e0032510000082
:109684000b00a314251000000000c28c0700422424
:109694000410027c080043240000c3ac0400438c83
:1096a4000000428c040083ac000082ac0100022460
:0896b4000800e00300000000c3
:020000040000fa
:020000041d00dd
:1096bc00019d063c25100000309dc6244018020078
:1096cc0021186600000067800300e0540000858cc0
:1096dc000800e00301006290010042240000a88011
:1096ec0004000715ff0042300100a5240100629020
:1096fc00000085ac0b00432cf1ff601440180200f5
:08970c000800e003000000006a
:020000040000fa
:020000041d00dd
:109714000000043ce8ffbd270000842403008010ff
:109724001400bfaf09f8800000000000000084307e
:109734000000a530009d083cf878082509f80001d0
:10974400000000000000023c00004224030040101e
:109754000000000009f8400000000000f9ff0010bc
:049764000000000001
:020000040000fa
:020000041d00dd
:109768001200801400a0023ce000438ce8ffbd27f3
:109778001000b0af1400bfaf0500601025800000d6
:10978800e000448cda25400f0000000025804000ee
:109798006d27400f000000001400bf8f2510020243
:1097a8001000b08f0800e0031800bd276f27400b9a
:0497b8002528000060
:020000040000fa
:020000041d00dd
:1097bc000000023c00004224050040100000023c66
:1097cc000000422403004010019d023c3f00007049
:1097dc00019d023c949842240500401000000000ba
:1097ec00e8ffbd271400bfaf09f8400000000000df
:0897fc00ffff00100000000057
:020000040000fa
:020000041d00dd
:109804000000023c00004224050040100000023c1d
:109814000000422403004010019d023c3f00007000
:10982400019d023c94984224050040100000000071
:10983400e8ffbd271400bfaf09f840000000000096
:08984400ffff0010000000000e
:020000040000fa
:020000041d00dd
:10984c000000023c00004224070040100000023cd3
:10985c000000422405004050019d023c3f00007076
:10986c000800e00300000000019d023c9498422493
:10987c0003004014000000000800e003000000009a
:08988c0009f840000000000093
:020000040000fa
:020000041d00dd
:1098940000606041c000000099aa033c81bf023c03
:1098a4005566632430f240ac30f243ac6655033c59
:1098b400aa99633430f243ac81bf023c0100032413
:1098c40018f643ac81bf023c10f6428c2726400bad
:0498d4000000000090
:020000040000fa
:020000041d00dd
:1098d80000a0023c5c01428ce0ffbd270000428ce6
:1098e8001000a7af2538a000019d053c1400a6afc5
:1098f8005c99a524253080001c00bfafe526400fe9
:1099080025204000da25400f252000005727400f6a
:04991800000000004b
:020000040000fa
:020000041d00dd
:10991c00000000000000000000000000000000003b
:10992c00000000000000000000000000000000002b
:10993c00000000000000000000000000000000001b
:10994c00000000000000000000000000c000009dae
:020000040000fa
:020000041d00dd
:10995c00417373657274696f6e206661696c6564be
:10996c003a202573202825733a2025733a20256444
:10997c00290a0000286e696c2900000025000000ef
:10998c00494e4600696e66004e414e006e616e0097
:020000040000fa
:020000041d00dd
:10999c00e0ffbd271800b0af1000a6af25808000f7
:1099ac001c00bfafe70b400f1000a6270400038e6e
:1099bc001c00bf8f10006330ffff04241800b08f11
:0c99cc000b1083000800e0032000bd2702
:020000040000fa
:020000041d00dd
:1099d8000800c0102510800020000324231866000a
:1099e8000600601c0620c5000610c50025200000e2
:1099f800252880000800e0032518a0000610c200f2
:109a080004286500faff0010251045000800c01062
:109a18002510800020000324231866000600601c1f
:109a28000428c5000428c400252000002510800053
:109a38000800e0032518a000061062000420c400f6
:089a4800faff00102528a2001e
:020000040000fa
:020000041d00dd
:109a50000000009d0801009dc469009dbc6a009d36
:109a6000506c009d486d009d640500a00b00000037
:109a7000bc0500a004000000dc0500a004000000fc
:109a800001000200040008001000200040008000d7
:109a900000010002000400080010002000400080c7
:0f9aa00000010102020202030303030303030395
:020000040000fa
:020000041d00dd
:109ab0004173736572742022257322204661696c9c
:109ac0006564206174204c696e653a2025642c2001
:0f9ad000696e2046696c653a202573200a0d00e7
:020000040000fa
:020000041d00dd
:109ae0000d5061697220627574746f6e20707265ba
:109af00073736564212043757272656e742073748c
:0d9b00006174652069733a2025640d0a0028
:020000040000fa
:020000041d00dd
:109b1000e8ffbd271400bfaf6627400f000000001c
:109b200000a0033c1400bf8f7c0062ac00a0033c8b
:0c9b3000780062ac0800e0031800bd27bc
:020000040000fa
:020000041d00dd
:109b3c000800c010251080002130860025188000f8
:109b4c000000a790010063240100a524fcffc314ae
:0c9b5c00ffff67a00800e003000000000d
:020000040000fa
:020000041d00dd
:109b680000008280070040100000000025108000df
:109b780001004380feff6014010042240800e00356
:0c9b8800231044000800e003251000003a
:020000040000fa
:020000041d00dd
:109b9400e0ffbd272800a6af2800a6271c00bfaf02
:109ba4002c00a7af6726400f1000a6af1c00bf8f84
:089bb4000800e0032000bd27ba
:020000040000fa
:020000041d00dd
:109bbc000700c01025108000202c057c2130860069
:109bcc002518800001006324feffc314ffff65a06d
:089bdc000800e0030000000096
:020000040000fa
:020000041d00dd
:109be400e8ffbd271000b0af1400bfaf1427400f2b
:109bf400258080001400bf8f251000021000b08f54
:089c04000800e0031800bd2771
:020000040000fa
:020000041d00dd
:109c0c00e8ffbd271400bfaf0c27400f0000000079
:109c1c00c426400f000000001400bf8f8127400baa
:049c2c001800bd2738
:020000040000fa
:020000041d00dd
:109c300000a0023ce800422400a0033ce40062ac27
:109c400000a0033ce00062ac0800e003000000005c
:020000040000fa
:020000041d00dd
:109c50000000a380251080000100a52401008424b9
:109c6000fbff6014ffff83a00800e003000000007a
:020000040000fa
:020000041d00dd
:109c700000008c90ffffc624010084240000aca0eb
:109c8000fbffc0140100a5240800e003251080009c
:020000040000fa
:020000041d00dd
:109c9000bfff83241a00632c02006010251080008f
:0c9ca000200082340800e00300000000f7
:020000040000fa
:020000041d00dd
:109cac009fff83241a00632c020060102510800093
:0c9cbc005f0082300800e00300000000a0
:020000040000fa
:020000041d00dd
:109cc800286e756c6c2900003031323334353637e4
:099cd800383961626364656600bd
:020000040000fa
:020000041d00dd
:109ce8000000200201000003000000000b0000003b
:089cf800010000000000000063
:020000040000fa
:020000041d00dd
:109d000000601a40bfff1b3cffff7b3724d05b0382
:109d100000609a4018000042ffffc6240000a0a087
:109d2000fdffc0140100a5240800e00325108000f9
:020000040000fa
:020000041d00dd
:109d300068076c094c836a9074a07ac000806888b8
:069d400000846c8200812a
:020000040000fa
:020000041d00dd
:109d4800189d009d709c009dd493009dd493009d08
:049d5800d493009d03
:020000040000fa
:020000041d00dd
:109d5c00e8ffbd271400bfaf5f27400f7f0004242e
:020000040000fa
:020000041d00dd
:109d6c0000a0023c6001428c7b27400b0000458c1c
:020000040000fa
:020000041d00dd
:109d7c00e8ffbd271400bfaf8527400f000000008f
:020000040000fa
:020000041d00dd
:0c9d8c00a46e009d186f009d1c70009dcf
:020000040000fa
:020000041d00dd
:0c9d980000a0023c0800e0038000422410
:020000040000fa
:020000041d00dd
:089da4000800e00300000000cc
:020000040000fa
:020000041d00dd
:089dac000800e00300000000c4
:020000040000fa
:020000041d00dd
:089db4000800e0032510000087
:020000040000fa
:020000041d00dd
:089dbc000800e003251000007f
:020000040000fa
:020000041d00dd
:089dc4000800e0032510000077
:020000040000fa
:020000041d00dd
:089dcc00a422400b0000848c6e
:020000040000fa
:020000041d00dd
:089dd4000800e0032510000067
:020000040000fa
:020000041d00dd
:089ddc000800e003251000005f
:020000040000fa
:020000041d00dd
:089de4000800e0032510000057
:020000040000fa
:020000041d00dd
:089dec006825400b0000000097
:020000040000fa
:020000041d00dd
:089df4000800e0032510000047
:020000040000fa
:020000041d00dd
:089dfc002427400b00000000c9
:020000040000fa
:020000041d00dd
:089e04000800e003000000006b
:020000040000fa
:020000041d00dd
:089e0c002b27400b00000000b1
:020000040000fa
:020000041d00dd
:089e1400ffff00100000000038
:020000040000fa
:020000041d00dd
:089e1c000800e003251000001e
:020000040000fa
:020000041d00dd
:089e24000800e0032510000016
:00000001FF
